sm_count,sm_ratio,total_sm,seq_len,batch_size,analytical_n_blocks,analytical_n_waves,analytical_wave_eff_pct,analytical_last_wave_blocks,analytical_wasted_sm_pct,error,ncu_stdout,stderr,stdout
14,0.12962962962962962,108,,,1,1,7.142857142857142,1,92.85714285714286,No kernels captured in ncu output,,,"==WARNING== Note: Running with unmodified GPU clocks. If not controlled otherwise, profiling results may be inconsistent.
==PROF== Connected to process 2474221 (/apps/applications/Miniconda/25.11.1/envs/pytorch_2.9.1_cuda13/bin/python3.14)
Loading Zamba2 from Zyphra/Zamba2-7B-Instruct …
==PROF== Disconnected from process 2474221
==WARNING== No kernels were profiled.
==WARNING== Note that specified NVTX include expressions match only start/end ranges.
==WARNING== Refer https://docs.nvidia.com/nsi"
14,0.12962962962962962,108,,,1,1,7.142857142857142,1,92.85714285714286,No kernels captured in ncu output,,,"==WARNING== Note: Running with unmodified GPU clocks. If not controlled otherwise, profiling results may be inconsistent.
==PROF== Connected to process 2474779 (/apps/applications/Miniconda/25.11.1/envs/pytorch_2.9.1_cuda13/bin/python3.14)
Loading Zamba2 from Zyphra/Zamba2-7B-Instruct …
==PROF== Disconnected from process 2474779
==WARNING== No kernels were profiled.
==WARNING== Note that specified NVTX include expressions match only start/end ranges.
==WARNING== Refer https://docs.nvidia.com/nsi"
14,0.12962962962962962,108,,,1,1,7.142857142857142,1,92.85714285714286,No kernels captured in ncu output,,,"==WARNING== Note: Running with unmodified GPU clocks. If not controlled otherwise, profiling results may be inconsistent.
==PROF== Connected to process 2475012 (/apps/applications/Miniconda/25.11.1/envs/pytorch_2.9.1_cuda13/bin/python3.14)
Loading Zamba2 from Zyphra/Zamba2-7B-Instruct …
==PROF== Disconnected from process 2475012
==WARNING== No kernels were profiled.
==WARNING== Note that specified NVTX include expressions match only start/end ranges.
==WARNING== Refer https://docs.nvidia.com/nsi"
14,0.12962962962962962,108,,,1,1,7.142857142857142,1,92.85714285714286,No kernels captured in ncu output,,,"==WARNING== Note: Running with unmodified GPU clocks. If not controlled otherwise, profiling results may be inconsistent.
==PROF== Connected to process 2475459 (/apps/applications/Miniconda/25.11.1/envs/pytorch_2.9.1_cuda13/bin/python3.14)
Loading Zamba2 from Zyphra/Zamba2-7B-Instruct …
==PROF== Disconnected from process 2475459
==WARNING== No kernels were profiled.
==WARNING== Note that specified NVTX include expressions match only start/end ranges.
==WARNING== Refer https://docs.nvidia.com/nsi"
14,0.12962962962962962,108,,,1,1,7.142857142857142,1,92.85714285714286,No kernels captured in ncu output,,,"==WARNING== Note: Running with unmodified GPU clocks. If not controlled otherwise, profiling results may be inconsistent.
==PROF== Connected to process 2475634 (/apps/applications/Miniconda/25.11.1/envs/pytorch_2.9.1_cuda13/bin/python3.14)
Loading Zamba2 from Zyphra/Zamba2-7B-Instruct …
==PROF== Disconnected from process 2475634
==WARNING== No kernels were profiled.
==WARNING== Note that specified NVTX include expressions match only start/end ranges.
==WARNING== Refer https://docs.nvidia.com/nsi"
14,0.12962962962962962,108,,,1,1,7.142857142857142,1,92.85714285714286,No kernels captured in ncu output,,,"==WARNING== Note: Running with unmodified GPU clocks. If not controlled otherwise, profiling results may be inconsistent.
==PROF== Connected to process 2475811 (/apps/applications/Miniconda/25.11.1/envs/pytorch_2.9.1_cuda13/bin/python3.14)
Loading Zamba2 from Zyphra/Zamba2-7B-Instruct …
==PROF== Disconnected from process 2475811
==WARNING== No kernels were profiled.
==WARNING== Note that specified NVTX include expressions match only start/end ranges.
==WARNING== Refer https://docs.nvidia.com/nsi"
14,0.12962962962962962,108,,,1,1,7.142857142857142,1,92.85714285714286,No kernels captured in ncu output,,,"==WARNING== Note: Running with unmodified GPU clocks. If not controlled otherwise, profiling results may be inconsistent.
==PROF== Connected to process 2476340 (/apps/applications/Miniconda/25.11.1/envs/pytorch_2.9.1_cuda13/bin/python3.14)
Loading Zamba2 from Zyphra/Zamba2-7B-Instruct …
==PROF== Disconnected from process 2476340
==WARNING== No kernels were profiled.
==WARNING== Note that specified NVTX include expressions match only start/end ranges.
==WARNING== Refer https://docs.nvidia.com/nsi"
14,0.12962962962962962,108,,,1,1,7.142857142857142,1,92.85714285714286,No kernels captured in ncu output,,,"==WARNING== Note: Running with unmodified GPU clocks. If not controlled otherwise, profiling results may be inconsistent.
==PROF== Connected to process 2476514 (/apps/applications/Miniconda/25.11.1/envs/pytorch_2.9.1_cuda13/bin/python3.14)
Loading Zamba2 from Zyphra/Zamba2-7B-Instruct …
==PROF== Disconnected from process 2476514
==WARNING== No kernels were profiled.
==WARNING== Note that specified NVTX include expressions match only start/end ranges.
==WARNING== Refer https://docs.nvidia.com/nsi"
14,0.12962962962962962,108,,,1,1,7.142857142857142,1,92.85714285714286,No kernels captured in ncu output,,,"==WARNING== Note: Running with unmodified GPU clocks. If not controlled otherwise, profiling results may be inconsistent.
==PROF== Connected to process 2476689 (/apps/applications/Miniconda/25.11.1/envs/pytorch_2.9.1_cuda13/bin/python3.14)
Loading Zamba2 from Zyphra/Zamba2-7B-Instruct …
==PROF== Disconnected from process 2476689
==WARNING== No kernels were profiled.
==WARNING== Note that specified NVTX include expressions match only start/end ranges.
==WARNING== Refer https://docs.nvidia.com/nsi"
14,0.12962962962962962,108,,,1,1,7.142857142857142,1,92.85714285714286,No kernels captured in ncu output,,,"==WARNING== Note: Running with unmodified GPU clocks. If not controlled otherwise, profiling results may be inconsistent.
==PROF== Connected to process 2476867 (/apps/applications/Miniconda/25.11.1/envs/pytorch_2.9.1_cuda13/bin/python3.14)
Loading Zamba2 from Zyphra/Zamba2-7B-Instruct …
==PROF== Disconnected from process 2476867
==WARNING== No kernels were profiled.
==WARNING== Note that specified NVTX include expressions match only start/end ranges.
==WARNING== Refer https://docs.nvidia.com/nsi"
14,0.12962962962962962,108,,,1,1,7.142857142857142,1,92.85714285714286,No kernels captured in ncu output,,,"==WARNING== Note: Running with unmodified GPU clocks. If not controlled otherwise, profiling results may be inconsistent.
==PROF== Connected to process 2477397 (/apps/applications/Miniconda/25.11.1/envs/pytorch_2.9.1_cuda13/bin/python3.14)
Loading Zamba2 from Zyphra/Zamba2-7B-Instruct …
==PROF== Disconnected from process 2477397
==WARNING== No kernels were profiled.
==WARNING== Note that specified NVTX include expressions match only start/end ranges.
==WARNING== Refer https://docs.nvidia.com/nsi"
14,0.12962962962962962,108,,,1,1,7.142857142857142,1,92.85714285714286,No kernels captured in ncu output,,,"==WARNING== Note: Running with unmodified GPU clocks. If not controlled otherwise, profiling results may be inconsistent.
==PROF== Connected to process 2477571 (/apps/applications/Miniconda/25.11.1/envs/pytorch_2.9.1_cuda13/bin/python3.14)
Loading Zamba2 from Zyphra/Zamba2-7B-Instruct …
==PROF== Disconnected from process 2477571
==WARNING== No kernels were profiled.
==WARNING== Note that specified NVTX include expressions match only start/end ranges.
==WARNING== Refer https://docs.nvidia.com/nsi"
14,0.12962962962962962,108,,,1,1,7.142857142857142,1,92.85714285714286,No kernels captured in ncu output,,,"==WARNING== Note: Running with unmodified GPU clocks. If not controlled otherwise, profiling results may be inconsistent.
==PROF== Connected to process 2477745 (/apps/applications/Miniconda/25.11.1/envs/pytorch_2.9.1_cuda13/bin/python3.14)
Loading Zamba2 from Zyphra/Zamba2-7B-Instruct …
==PROF== Disconnected from process 2477745
==WARNING== No kernels were profiled.
==WARNING== Note that specified NVTX include expressions match only start/end ranges.
==WARNING== Refer https://docs.nvidia.com/nsi"
14,0.12962962962962962,108,,,1,1,7.142857142857142,1,92.85714285714286,No kernels captured in ncu output,,,"==WARNING== Note: Running with unmodified GPU clocks. If not controlled otherwise, profiling results may be inconsistent.
==PROF== Connected to process 2477922 (/apps/applications/Miniconda/25.11.1/envs/pytorch_2.9.1_cuda13/bin/python3.14)
Loading Zamba2 from Zyphra/Zamba2-7B-Instruct …
==PROF== Disconnected from process 2477922
==WARNING== No kernels were profiled.
==WARNING== Note that specified NVTX include expressions match only start/end ranges.
==WARNING== Refer https://docs.nvidia.com/nsi"
14,0.12962962962962962,108,,,1,1,7.142857142857142,1,92.85714285714286,No kernels captured in ncu output,,,"==WARNING== Note: Running with unmodified GPU clocks. If not controlled otherwise, profiling results may be inconsistent.
==PROF== Connected to process 2478762 (/apps/applications/Miniconda/25.11.1/envs/pytorch_2.9.1_cuda13/bin/python3.14)
Loading Zamba2 from Zyphra/Zamba2-7B-Instruct …
==PROF== Disconnected from process 2478762
==WARNING== No kernels were profiled.
==WARNING== Note that specified NVTX include expressions match only start/end ranges.
==WARNING== Refer https://docs.nvidia.com/nsi"
14,0.12962962962962962,108,,,1,1,7.142857142857142,1,92.85714285714286,No kernels captured in ncu output,,,"==WARNING== Note: Running with unmodified GPU clocks. If not controlled otherwise, profiling results may be inconsistent.
==PROF== Connected to process 2478939 (/apps/applications/Miniconda/25.11.1/envs/pytorch_2.9.1_cuda13/bin/python3.14)
Loading Zamba2 from Zyphra/Zamba2-7B-Instruct …
==PROF== Disconnected from process 2478939
==WARNING== No kernels were profiled.
==WARNING== Note that specified NVTX include expressions match only start/end ranges.
==WARNING== Refer https://docs.nvidia.com/nsi"
14,0.12962962962962962,108,,,1,1,7.142857142857142,1,92.85714285714286,No kernels captured in ncu output,,,"==WARNING== Note: Running with unmodified GPU clocks. If not controlled otherwise, profiling results may be inconsistent.
==PROF== Connected to process 2479286 (/apps/applications/Miniconda/25.11.1/envs/pytorch_2.9.1_cuda13/bin/python3.14)
Loading Zamba2 from Zyphra/Zamba2-7B-Instruct …
==PROF== Disconnected from process 2479286
==WARNING== No kernels were profiled.
==WARNING== Note that specified NVTX include expressions match only start/end ranges.
==WARNING== Refer https://docs.nvidia.com/nsi"
14,0.12962962962962962,108,,,1,1,7.142857142857142,1,92.85714285714286,No kernels captured in ncu output,,,"==WARNING== Note: Running with unmodified GPU clocks. If not controlled otherwise, profiling results may be inconsistent.
==PROF== Connected to process 2479819 (/apps/applications/Miniconda/25.11.1/envs/pytorch_2.9.1_cuda13/bin/python3.14)
Loading Zamba2 from Zyphra/Zamba2-7B-Instruct …
==PROF== Disconnected from process 2479819
==WARNING== No kernels were profiled.
==WARNING== Note that specified NVTX include expressions match only start/end ranges.
==WARNING== Refer https://docs.nvidia.com/nsi"
14,0.12962962962962962,108,,,1,1,7.142857142857142,1,92.85714285714286,No kernels captured in ncu output,,,"==WARNING== Note: Running with unmodified GPU clocks. If not controlled otherwise, profiling results may be inconsistent.
==PROF== Connected to process 2479997 (/apps/applications/Miniconda/25.11.1/envs/pytorch_2.9.1_cuda13/bin/python3.14)
Loading Zamba2 from Zyphra/Zamba2-7B-Instruct …
==PROF== Disconnected from process 2479997
==WARNING== No kernels were profiled.
==WARNING== Note that specified NVTX include expressions match only start/end ranges.
==WARNING== Refer https://docs.nvidia.com/nsi"
14,0.12962962962962962,108,,,1,1,7.142857142857142,1,92.85714285714286,No kernels captured in ncu output,,,"==WARNING== Note: Running with unmodified GPU clocks. If not controlled otherwise, profiling results may be inconsistent.
==PROF== Connected to process 2480175 (/apps/applications/Miniconda/25.11.1/envs/pytorch_2.9.1_cuda13/bin/python3.14)
Loading Zamba2 from Zyphra/Zamba2-7B-Instruct …
==PROF== Disconnected from process 2480175
==WARNING== No kernels were profiled.
==WARNING== Note that specified NVTX include expressions match only start/end ranges.
==WARNING== Refer https://docs.nvidia.com/nsi"
14,0.12962962962962962,108,,,1,1,7.142857142857142,1,92.85714285714286,No kernels captured in ncu output,,,"==WARNING== Note: Running with unmodified GPU clocks. If not controlled otherwise, profiling results may be inconsistent.
==PROF== Connected to process 2480711 (/apps/applications/Miniconda/25.11.1/envs/pytorch_2.9.1_cuda13/bin/python3.14)
Loading Zamba2 from Zyphra/Zamba2-7B-Instruct …
==PROF== Disconnected from process 2480711
==WARNING== No kernels were profiled.
==WARNING== Note that specified NVTX include expressions match only start/end ranges.
==WARNING== Refer https://docs.nvidia.com/nsi"
14,0.12962962962962962,108,,,1,1,7.142857142857142,1,92.85714285714286,No kernels captured in ncu output,,,"==WARNING== Note: Running with unmodified GPU clocks. If not controlled otherwise, profiling results may be inconsistent.
==PROF== Connected to process 2480886 (/apps/applications/Miniconda/25.11.1/envs/pytorch_2.9.1_cuda13/bin/python3.14)
Loading Zamba2 from Zyphra/Zamba2-7B-Instruct …
==PROF== Disconnected from process 2480886
==WARNING== No kernels were profiled.
==WARNING== Note that specified NVTX include expressions match only start/end ranges.
==WARNING== Refer https://docs.nvidia.com/nsi"
14,0.12962962962962962,108,,,1,1,7.142857142857142,1,92.85714285714286,No kernels captured in ncu output,,,"==WARNING== Note: Running with unmodified GPU clocks. If not controlled otherwise, profiling results may be inconsistent.
==PROF== Connected to process 2481062 (/apps/applications/Miniconda/25.11.1/envs/pytorch_2.9.1_cuda13/bin/python3.14)
Loading Zamba2 from Zyphra/Zamba2-7B-Instruct …
==PROF== Disconnected from process 2481062
==WARNING== No kernels were profiled.
==WARNING== Note that specified NVTX include expressions match only start/end ranges.
==WARNING== Refer https://docs.nvidia.com/nsi"
14,0.12962962962962962,108,,,1,1,7.142857142857142,1,92.85714285714286,No kernels captured in ncu output,,,"==WARNING== Note: Running with unmodified GPU clocks. If not controlled otherwise, profiling results may be inconsistent.
==PROF== Connected to process 2481635 (/apps/applications/Miniconda/25.11.1/envs/pytorch_2.9.1_cuda13/bin/python3.14)
Loading Zamba2 from Zyphra/Zamba2-7B-Instruct …
==PROF== Disconnected from process 2481635
==WARNING== No kernels were profiled.
==WARNING== Note that specified NVTX include expressions match only start/end ranges.
==WARNING== Refer https://docs.nvidia.com/nsi"
14,0.12962962962962962,108,4096,64,65536,4682,99.98169280527247,2,0.018307194727529286,ncu exit code 1,"==WARNING== Note: Running with unmodified GPU clocks. If not controlled otherwise, profiling results may be inconsistent.
==PROF== Connected to process 2481817 (/apps/applications/Miniconda/25.11.1/envs/pytorch_2.9.1_cuda13/bin/python3.14)
Loading Zamba2 from Zyphra/Zamba2-7B-Instruct …
==PROF== Disconnected from process 2481817
==ERROR== The application returned an error code (1).
","/apps/applications/Miniconda/25.11.1/envs/pytorch_2.9.1_cuda13/lib/python3.14/site-packages/torch/cuda/__init__.py:63: FutureWarning: The pynvml package is deprecated. Please install nvidia-ml-py instead. If you did not install pynvml directly, please report this to the maintainers of the package that installed pynvml for you.
  import pynvml  # type: ignore[import]
Warning: You are sending unauthenticated requests to the HF Hub. Please set a HF_TOKEN to enable higher rate limits and faster downloads.
[transformers] `torch_dtype` is deprecated! Use `dtype` instead!
Traceback (most recent call last):
  File ""/scratch/ehmoon/whlee/prefill-layer-alloc/stage1_sm_scaling/../src/profiling/../../src/models/zamba2.py"", line 238, in forward
    y = mamba_chunk_scan_combined(
        x, dt, A, B, C,
    ...<3 lines>...
        dt_softplus=True,
    )
  File ""/home01/ehmoon/.local/lib/python3.14/site-packages/mamba_ssm/ops/triton/ssd_combined.py"", line 643, in mamba_chunk_scan_combined
    return",
14,0.12962962962962962,108,,,1,1,7.142857142857142,1,92.85714285714286,No kernels captured in ncu output,,,"==WARNING== Note: Running with unmodified GPU clocks. If not controlled otherwise, profiling results may be inconsistent.
==PROF== Connected to process 2481991 (/apps/applications/Miniconda/25.11.1/envs/pytorch_2.9.1_cuda13/bin/python3.14)
Loading Zamba2 from Zyphra/Zamba2-7B-Instruct …
==PROF== Disconnected from process 2481991
==WARNING== No kernels were profiled.
==WARNING== Note that specified NVTX include expressions match only start/end ranges.
==WARNING== Refer https://docs.nvidia.com/nsi"
14,0.12962962962962962,108,,,1,1,7.142857142857142,1,92.85714285714286,No kernels captured in ncu output,,,"==WARNING== Note: Running with unmodified GPU clocks. If not controlled otherwise, profiling results may be inconsistent.
==PROF== Connected to process 2482537 (/apps/applications/Miniconda/25.11.1/envs/pytorch_2.9.1_cuda13/bin/python3.14)
Loading Zamba2 from Zyphra/Zamba2-7B-Instruct …
==PROF== Disconnected from process 2482537
==WARNING== No kernels were profiled.
==WARNING== Note that specified NVTX include expressions match only start/end ranges.
==WARNING== Refer https://docs.nvidia.com/nsi"
14,0.12962962962962962,108,,,1,1,7.142857142857142,1,92.85714285714286,No kernels captured in ncu output,,,"==WARNING== Note: Running with unmodified GPU clocks. If not controlled otherwise, profiling results may be inconsistent.
==PROF== Connected to process 2482715 (/apps/applications/Miniconda/25.11.1/envs/pytorch_2.9.1_cuda13/bin/python3.14)
Loading Zamba2 from Zyphra/Zamba2-7B-Instruct …
==PROF== Disconnected from process 2482715
==WARNING== No kernels were profiled.
==WARNING== Note that specified NVTX include expressions match only start/end ranges.
==WARNING== Refer https://docs.nvidia.com/nsi"
14,0.12962962962962962,108,8192,32,65536,4682,99.98169280527247,2,0.018307194727529286,ncu exit code 1,"==WARNING== Note: Running with unmodified GPU clocks. If not controlled otherwise, profiling results may be inconsistent.
==PROF== Connected to process 2483307 (/apps/applications/Miniconda/25.11.1/envs/pytorch_2.9.1_cuda13/bin/python3.14)
Loading Zamba2 from Zyphra/Zamba2-7B-Instruct …
==PROF== Disconnected from process 2483307
==ERROR== The application returned an error code (1).
","/apps/applications/Miniconda/25.11.1/envs/pytorch_2.9.1_cuda13/lib/python3.14/site-packages/torch/cuda/__init__.py:63: FutureWarning: The pynvml package is deprecated. Please install nvidia-ml-py instead. If you did not install pynvml directly, please report this to the maintainers of the package that installed pynvml for you.
  import pynvml  # type: ignore[import]
Warning: You are sending unauthenticated requests to the HF Hub. Please set a HF_TOKEN to enable higher rate limits and faster downloads.
[transformers] `torch_dtype` is deprecated! Use `dtype` instead!
Traceback (most recent call last):
  File ""/scratch/ehmoon/whlee/prefill-layer-alloc/stage1_sm_scaling/../src/profiling/../../src/models/zamba2.py"", line 238, in forward
    y = mamba_chunk_scan_combined(
        x, dt, A, B, C,
    ...<3 lines>...
        dt_softplus=True,
    )
  File ""/home01/ehmoon/.local/lib/python3.14/site-packages/mamba_ssm/ops/triton/ssd_combined.py"", line 643, in mamba_chunk_scan_combined
    return",
14,0.12962962962962962,108,8192,64,131072,9363,99.99237118750095,4,0.007628812499049786,ncu exit code 1,"==WARNING== Note: Running with unmodified GPU clocks. If not controlled otherwise, profiling results may be inconsistent.
==PROF== Connected to process 2483728 (/apps/applications/Miniconda/25.11.1/envs/pytorch_2.9.1_cuda13/bin/python3.14)
Loading Zamba2 from Zyphra/Zamba2-7B-Instruct …
==PROF== Disconnected from process 2483728
==ERROR== The application returned an error code (1).
","/apps/applications/Miniconda/25.11.1/envs/pytorch_2.9.1_cuda13/lib/python3.14/site-packages/torch/cuda/__init__.py:63: FutureWarning: The pynvml package is deprecated. Please install nvidia-ml-py instead. If you did not install pynvml directly, please report this to the maintainers of the package that installed pynvml for you.
  import pynvml  # type: ignore[import]
Warning: You are sending unauthenticated requests to the HF Hub. Please set a HF_TOKEN to enable higher rate limits and faster downloads.
[transformers] `torch_dtype` is deprecated! Use `dtype` instead!
Traceback (most recent call last):
  File ""/scratch/ehmoon/whlee/prefill-layer-alloc/stage1_sm_scaling/../src/profiling/../../src/models/zamba2.py"", line 238, in forward
    y = mamba_chunk_scan_combined(
        x, dt, A, B, C,
    ...<3 lines>...
        dt_softplus=True,
    )
  File ""/home01/ehmoon/.local/lib/python3.14/site-packages/mamba_ssm/ops/triton/ssd_combined.py"", line 643, in mamba_chunk_scan_combined
    return",
14,0.12962962962962962,108,,,1,1,7.142857142857142,1,92.85714285714286,No kernels captured in ncu output,,,"==WARNING== Note: Running with unmodified GPU clocks. If not controlled otherwise, profiling results may be inconsistent.
==PROF== Connected to process 2483904 (/apps/applications/Miniconda/25.11.1/envs/pytorch_2.9.1_cuda13/bin/python3.14)
Loading Zamba2 from Zyphra/Zamba2-7B-Instruct …
==PROF== Disconnected from process 2483904
==WARNING== No kernels were profiled.
==WARNING== Note that specified NVTX include expressions match only start/end ranges.
==WARNING== Refer https://docs.nvidia.com/nsi"
14,0.12962962962962962,108,,,1,1,7.142857142857142,1,92.85714285714286,No kernels captured in ncu output,,,"==WARNING== Note: Running with unmodified GPU clocks. If not controlled otherwise, profiling results may be inconsistent.
==PROF== Connected to process 2484084 (/apps/applications/Miniconda/25.11.1/envs/pytorch_2.9.1_cuda13/bin/python3.14)
Loading Zamba2 from Zyphra/Zamba2-7B-Instruct …
==PROF== Disconnected from process 2484084
==WARNING== No kernels were profiled.
==WARNING== Note that specified NVTX include expressions match only start/end ranges.
==WARNING== Refer https://docs.nvidia.com/nsi"
14,0.12962962962962962,108,16384,16,65536,4682,99.98169280527247,2,0.018307194727529286,ncu exit code 1,"==WARNING== Note: Running with unmodified GPU clocks. If not controlled otherwise, profiling results may be inconsistent.
==PROF== Connected to process 2484476 (/apps/applications/Miniconda/25.11.1/envs/pytorch_2.9.1_cuda13/bin/python3.14)
Loading Zamba2 from Zyphra/Zamba2-7B-Instruct …
==PROF== Disconnected from process 2484476
==ERROR== The application returned an error code (1).
","/apps/applications/Miniconda/25.11.1/envs/pytorch_2.9.1_cuda13/lib/python3.14/site-packages/torch/cuda/__init__.py:63: FutureWarning: The pynvml package is deprecated. Please install nvidia-ml-py instead. If you did not install pynvml directly, please report this to the maintainers of the package that installed pynvml for you.
  import pynvml  # type: ignore[import]
Warning: You are sending unauthenticated requests to the HF Hub. Please set a HF_TOKEN to enable higher rate limits and faster downloads.
[transformers] `torch_dtype` is deprecated! Use `dtype` instead!
Traceback (most recent call last):
  File ""/scratch/ehmoon/whlee/prefill-layer-alloc/stage1_sm_scaling/../src/profiling/../../src/models/zamba2.py"", line 238, in forward
    y = mamba_chunk_scan_combined(
        x, dt, A, B, C,
    ...<3 lines>...
        dt_softplus=True,
    )
  File ""/home01/ehmoon/.local/lib/python3.14/site-packages/mamba_ssm/ops/triton/ssd_combined.py"", line 643, in mamba_chunk_scan_combined
    return",
14,0.12962962962962962,108,16384,32,131072,9363,99.99237118750095,4,0.007628812499049786,ncu exit code 1,"==WARNING== Note: Running with unmodified GPU clocks. If not controlled otherwise, profiling results may be inconsistent.
==PROF== Connected to process 2484811 (/apps/applications/Miniconda/25.11.1/envs/pytorch_2.9.1_cuda13/bin/python3.14)
Loading Zamba2 from Zyphra/Zamba2-7B-Instruct …
==PROF== Disconnected from process 2484811
==ERROR== The application returned an error code (1).
","/apps/applications/Miniconda/25.11.1/envs/pytorch_2.9.1_cuda13/lib/python3.14/site-packages/torch/cuda/__init__.py:63: FutureWarning: The pynvml package is deprecated. Please install nvidia-ml-py instead. If you did not install pynvml directly, please report this to the maintainers of the package that installed pynvml for you.
  import pynvml  # type: ignore[import]
Warning: You are sending unauthenticated requests to the HF Hub. Please set a HF_TOKEN to enable higher rate limits and faster downloads.
[transformers] `torch_dtype` is deprecated! Use `dtype` instead!
Traceback (most recent call last):
  File ""/scratch/ehmoon/whlee/prefill-layer-alloc/stage1_sm_scaling/../src/profiling/../../src/models/zamba2.py"", line 238, in forward
    y = mamba_chunk_scan_combined(
        x, dt, A, B, C,
    ...<3 lines>...
        dt_softplus=True,
    )
  File ""/home01/ehmoon/.local/lib/python3.14/site-packages/mamba_ssm/ops/triton/ssd_combined.py"", line 643, in mamba_chunk_scan_combined
    return",
14,0.12962962962962962,108,16384,64,262144,18725,99.99771123402633,8,0.0022887659736792187,ncu exit code 1,"==WARNING== Note: Running with unmodified GPU clocks. If not controlled otherwise, profiling results may be inconsistent.
==PROF== Connected to process 2484983 (/apps/applications/Miniconda/25.11.1/envs/pytorch_2.9.1_cuda13/bin/python3.14)
Loading Zamba2 from Zyphra/Zamba2-7B-Instruct …
==PROF== Disconnected from process 2484983
==ERROR== The application returned an error code (1).
","/apps/applications/Miniconda/25.11.1/envs/pytorch_2.9.1_cuda13/lib/python3.14/site-packages/torch/cuda/__init__.py:63: FutureWarning: The pynvml package is deprecated. Please install nvidia-ml-py instead. If you did not install pynvml directly, please report this to the maintainers of the package that installed pynvml for you.
  import pynvml  # type: ignore[import]
Warning: You are sending unauthenticated requests to the HF Hub. Please set a HF_TOKEN to enable higher rate limits and faster downloads.
[transformers] `torch_dtype` is deprecated! Use `dtype` instead!
Traceback (most recent call last):
  File ""/scratch/ehmoon/whlee/prefill-layer-alloc/stage1_sm_scaling/../src/profiling/../../src/models/zamba2.py"", line 238, in forward
    y = mamba_chunk_scan_combined(
        x, dt, A, B, C,
    ...<3 lines>...
        dt_softplus=True,
    )
  File ""/home01/ehmoon/.local/lib/python3.14/site-packages/mamba_ssm/ops/triton/ssd_combined.py"", line 643, in mamba_chunk_scan_combined
    return",
14,0.12962962962962962,108,,,1,1,7.142857142857142,1,92.85714285714286,No kernels captured in ncu output,,,"==WARNING== Note: Running with unmodified GPU clocks. If not controlled otherwise, profiling results may be inconsistent.
==PROF== Connected to process 2485158 (/apps/applications/Miniconda/25.11.1/envs/pytorch_2.9.1_cuda13/bin/python3.14)
Loading Zamba2 from Zyphra/Zamba2-7B-Instruct …
==PROF== Disconnected from process 2485158
==WARNING== No kernels were profiled.
==WARNING== Note that specified NVTX include expressions match only start/end ranges.
==WARNING== Refer https://docs.nvidia.com/nsi"
14,0.12962962962962962,108,,,1,1,7.142857142857142,1,92.85714285714286,No kernels captured in ncu output,,,"==WARNING== Note: Running with unmodified GPU clocks. If not controlled otherwise, profiling results may be inconsistent.
==PROF== Connected to process 2485335 (/apps/applications/Miniconda/25.11.1/envs/pytorch_2.9.1_cuda13/bin/python3.14)
Loading Zamba2 from Zyphra/Zamba2-7B-Instruct …
==PROF== Disconnected from process 2485335
==WARNING== No kernels were profiled.
==WARNING== Note that specified NVTX include expressions match only start/end ranges.
==WARNING== Refer https://docs.nvidia.com/nsi"
14,0.12962962962962962,108,32768,16,131072,9363,99.99237118750095,4,0.007628812499049786,ncu exit code 1,"==WARNING== Note: Running with unmodified GPU clocks. If not controlled otherwise, profiling results may be inconsistent.
==PROF== Connected to process 2485891 (/apps/applications/Miniconda/25.11.1/envs/pytorch_2.9.1_cuda13/bin/python3.14)
Loading Zamba2 from Zyphra/Zamba2-7B-Instruct …
==PROF== Disconnected from process 2485891
==ERROR== The application returned an error code (1).
","/apps/applications/Miniconda/25.11.1/envs/pytorch_2.9.1_cuda13/lib/python3.14/site-packages/torch/cuda/__init__.py:63: FutureWarning: The pynvml package is deprecated. Please install nvidia-ml-py instead. If you did not install pynvml directly, please report this to the maintainers of the package that installed pynvml for you.
  import pynvml  # type: ignore[import]
Warning: You are sending unauthenticated requests to the HF Hub. Please set a HF_TOKEN to enable higher rate limits and faster downloads.
[transformers] `torch_dtype` is deprecated! Use `dtype` instead!
Traceback (most recent call last):
  File ""/scratch/ehmoon/whlee/prefill-layer-alloc/stage1_sm_scaling/../src/profiling/../../src/models/zamba2.py"", line 238, in forward
    y = mamba_chunk_scan_combined(
        x, dt, A, B, C,
    ...<3 lines>...
        dt_softplus=True,
    )
  File ""/home01/ehmoon/.local/lib/python3.14/site-packages/mamba_ssm/ops/triton/ssd_combined.py"", line 643, in mamba_chunk_scan_combined
    return",
14,0.12962962962962962,108,32768,32,262144,18725,99.99771123402633,8,0.0022887659736792187,ncu exit code 1,"==WARNING== Note: Running with unmodified GPU clocks. If not controlled otherwise, profiling results may be inconsistent.
==PROF== Connected to process 2486065 (/apps/applications/Miniconda/25.11.1/envs/pytorch_2.9.1_cuda13/bin/python3.14)
Loading Zamba2 from Zyphra/Zamba2-7B-Instruct …
==PROF== Disconnected from process 2486065
==ERROR== The application returned an error code (1).
","/apps/applications/Miniconda/25.11.1/envs/pytorch_2.9.1_cuda13/lib/python3.14/site-packages/torch/cuda/__init__.py:63: FutureWarning: The pynvml package is deprecated. Please install nvidia-ml-py instead. If you did not install pynvml directly, please report this to the maintainers of the package that installed pynvml for you.
  import pynvml  # type: ignore[import]
Warning: You are sending unauthenticated requests to the HF Hub. Please set a HF_TOKEN to enable higher rate limits and faster downloads.
[transformers] `torch_dtype` is deprecated! Use `dtype` instead!
Traceback (most recent call last):
  File ""/scratch/ehmoon/whlee/prefill-layer-alloc/stage1_sm_scaling/../src/profiling/../../src/models/zamba2.py"", line 238, in forward
    y = mamba_chunk_scan_combined(
        x, dt, A, B, C,
    ...<3 lines>...
        dt_softplus=True,
    )
  File ""/home01/ehmoon/.local/lib/python3.14/site-packages/mamba_ssm/ops/triton/ssd_combined.py"", line 643, in mamba_chunk_scan_combined
    return",
14,0.12962962962962962,108,32768,64,524288,37450,99.99771123402633,2,0.0022887659736792187,ncu exit code 1,"==WARNING== Note: Running with unmodified GPU clocks. If not controlled otherwise, profiling results may be inconsistent.
==PROF== Connected to process 2486237 (/apps/applications/Miniconda/25.11.1/envs/pytorch_2.9.1_cuda13/bin/python3.14)
Loading Zamba2 from Zyphra/Zamba2-7B-Instruct …
==PROF== Disconnected from process 2486237
==ERROR== The application returned an error code (1).
","/apps/applications/Miniconda/25.11.1/envs/pytorch_2.9.1_cuda13/lib/python3.14/site-packages/torch/cuda/__init__.py:63: FutureWarning: The pynvml package is deprecated. Please install nvidia-ml-py instead. If you did not install pynvml directly, please report this to the maintainers of the package that installed pynvml for you.
  import pynvml  # type: ignore[import]
Warning: You are sending unauthenticated requests to the HF Hub. Please set a HF_TOKEN to enable higher rate limits and faster downloads.
[transformers] `torch_dtype` is deprecated! Use `dtype` instead!
Traceback (most recent call last):
  File ""/scratch/ehmoon/whlee/prefill-layer-alloc/stage1_sm_scaling/../src/profiling/../../src/models/zamba2.py"", line 238, in forward
    y = mamba_chunk_scan_combined(
        x, dt, A, B, C,
    ...<3 lines>...
        dt_softplus=True,
    )
  File ""/home01/ehmoon/.local/lib/python3.14/site-packages/mamba_ssm/ops/triton/ssd_combined.py"", line 643, in mamba_chunk_scan_combined
    return",
27,0.25,108,,,1,1,3.7037037037037033,1,96.2962962962963,No kernels captured in ncu output,,,"==WARNING== Note: Running with unmodified GPU clocks. If not controlled otherwise, profiling results may be inconsistent.
==PROF== Connected to process 2486784 (/apps/applications/Miniconda/25.11.1/envs/pytorch_2.9.1_cuda13/bin/python3.14)
Loading Zamba2 from Zyphra/Zamba2-7B-Instruct …
==PROF== Disconnected from process 2486784
==WARNING== No kernels were profiled.
==WARNING== Note that specified NVTX include expressions match only start/end ranges.
==WARNING== Refer https://docs.nvidia.com/nsi"
27,0.25,108,,,1,1,3.7037037037037033,1,96.2962962962963,No kernels captured in ncu output,,,"==WARNING== Note: Running with unmodified GPU clocks. If not controlled otherwise, profiling results may be inconsistent.
==PROF== Connected to process 2486959 (/apps/applications/Miniconda/25.11.1/envs/pytorch_2.9.1_cuda13/bin/python3.14)
Loading Zamba2 from Zyphra/Zamba2-7B-Instruct …
==PROF== Disconnected from process 2486959
==WARNING== No kernels were profiled.
==WARNING== Note that specified NVTX include expressions match only start/end ranges.
==WARNING== Refer https://docs.nvidia.com/nsi"
27,0.25,108,,,1,1,3.7037037037037033,1,96.2962962962963,No kernels captured in ncu output,,,"==WARNING== Note: Running with unmodified GPU clocks. If not controlled otherwise, profiling results may be inconsistent.
==PROF== Connected to process 2487134 (/apps/applications/Miniconda/25.11.1/envs/pytorch_2.9.1_cuda13/bin/python3.14)
Loading Zamba2 from Zyphra/Zamba2-7B-Instruct …
==PROF== Disconnected from process 2487134
==WARNING== No kernels were profiled.
==WARNING== Note that specified NVTX include expressions match only start/end ranges.
==WARNING== Refer https://docs.nvidia.com/nsi"
27,0.25,108,,,1,1,3.7037037037037033,1,96.2962962962963,No kernels captured in ncu output,,,"==WARNING== Note: Running with unmodified GPU clocks. If not controlled otherwise, profiling results may be inconsistent.
==PROF== Connected to process 2487310 (/apps/applications/Miniconda/25.11.1/envs/pytorch_2.9.1_cuda13/bin/python3.14)
Loading Zamba2 from Zyphra/Zamba2-7B-Instruct …
==PROF== Disconnected from process 2487310
==WARNING== No kernels were profiled.
==WARNING== Note that specified NVTX include expressions match only start/end ranges.
==WARNING== Refer https://docs.nvidia.com/nsi"
27,0.25,108,,,1,1,3.7037037037037033,1,96.2962962962963,No kernels captured in ncu output,,,"==WARNING== Note: Running with unmodified GPU clocks. If not controlled otherwise, profiling results may be inconsistent.
==PROF== Connected to process 2487856 (/apps/applications/Miniconda/25.11.1/envs/pytorch_2.9.1_cuda13/bin/python3.14)
Loading Zamba2 from Zyphra/Zamba2-7B-Instruct …
==PROF== Disconnected from process 2487856
==WARNING== No kernels were profiled.
==WARNING== Note that specified NVTX include expressions match only start/end ranges.
==WARNING== Refer https://docs.nvidia.com/nsi"
27,0.25,108,,,1,1,3.7037037037037033,1,96.2962962962963,No kernels captured in ncu output,,,"==WARNING== Note: Running with unmodified GPU clocks. If not controlled otherwise, profiling results may be inconsistent.
==PROF== Connected to process 2488031 (/apps/applications/Miniconda/25.11.1/envs/pytorch_2.9.1_cuda13/bin/python3.14)
Loading Zamba2 from Zyphra/Zamba2-7B-Instruct …
==PROF== Disconnected from process 2488031
==WARNING== No kernels were profiled.
==WARNING== Note that specified NVTX include expressions match only start/end ranges.
==WARNING== Refer https://docs.nvidia.com/nsi"
27,0.25,108,,,1,1,3.7037037037037033,1,96.2962962962963,No kernels captured in ncu output,,,"==WARNING== Note: Running with unmodified GPU clocks. If not controlled otherwise, profiling results may be inconsistent.
==PROF== Connected to process 2488206 (/apps/applications/Miniconda/25.11.1/envs/pytorch_2.9.1_cuda13/bin/python3.14)
Loading Zamba2 from Zyphra/Zamba2-7B-Instruct …
==PROF== Disconnected from process 2488206
==WARNING== No kernels were profiled.
==WARNING== Note that specified NVTX include expressions match only start/end ranges.
==WARNING== Refer https://docs.nvidia.com/nsi"
27,0.25,108,,,1,1,3.7037037037037033,1,96.2962962962963,No kernels captured in ncu output,,,"==WARNING== Note: Running with unmodified GPU clocks. If not controlled otherwise, profiling results may be inconsistent.
==PROF== Connected to process 2488382 (/apps/applications/Miniconda/25.11.1/envs/pytorch_2.9.1_cuda13/bin/python3.14)
Loading Zamba2 from Zyphra/Zamba2-7B-Instruct …
==PROF== Disconnected from process 2488382
==WARNING== No kernels were profiled.
==WARNING== Note that specified NVTX include expressions match only start/end ranges.
==WARNING== Refer https://docs.nvidia.com/nsi"
27,0.25,108,,,1,1,3.7037037037037033,1,96.2962962962963,No kernels captured in ncu output,,,"==WARNING== Note: Running with unmodified GPU clocks. If not controlled otherwise, profiling results may be inconsistent.
==PROF== Connected to process 2489237 (/apps/applications/Miniconda/25.11.1/envs/pytorch_2.9.1_cuda13/bin/python3.14)
Loading Zamba2 from Zyphra/Zamba2-7B-Instruct …
==PROF== Disconnected from process 2489237
==WARNING== No kernels were profiled.
==WARNING== Note that specified NVTX include expressions match only start/end ranges.
==WARNING== Refer https://docs.nvidia.com/nsi"
27,0.25,108,,,1,1,3.7037037037037033,1,96.2962962962963,No kernels captured in ncu output,,,"==WARNING== Note: Running with unmodified GPU clocks. If not controlled otherwise, profiling results may be inconsistent.
==PROF== Connected to process 2489414 (/apps/applications/Miniconda/25.11.1/envs/pytorch_2.9.1_cuda13/bin/python3.14)
Loading Zamba2 from Zyphra/Zamba2-7B-Instruct …
==PROF== Disconnected from process 2489414
==WARNING== No kernels were profiled.
==WARNING== Note that specified NVTX include expressions match only start/end ranges.
==WARNING== Refer https://docs.nvidia.com/nsi"
27,0.25,108,,,1,1,3.7037037037037033,1,96.2962962962963,No kernels captured in ncu output,,,"==WARNING== Note: Running with unmodified GPU clocks. If not controlled otherwise, profiling results may be inconsistent.
==PROF== Connected to process 2489589 (/apps/applications/Miniconda/25.11.1/envs/pytorch_2.9.1_cuda13/bin/python3.14)
Loading Zamba2 from Zyphra/Zamba2-7B-Instruct …
==PROF== Disconnected from process 2489589
==WARNING== No kernels were profiled.
==WARNING== Note that specified NVTX include expressions match only start/end ranges.
==WARNING== Refer https://docs.nvidia.com/nsi"
27,0.25,108,,,1,1,3.7037037037037033,1,96.2962962962963,No kernels captured in ncu output,,,"==WARNING== Note: Running with unmodified GPU clocks. If not controlled otherwise, profiling results may be inconsistent.
==PROF== Connected to process 2489936 (/apps/applications/Miniconda/25.11.1/envs/pytorch_2.9.1_cuda13/bin/python3.14)
Loading Zamba2 from Zyphra/Zamba2-7B-Instruct …
==PROF== Disconnected from process 2489936
==WARNING== No kernels were profiled.
==WARNING== Note that specified NVTX include expressions match only start/end ranges.
==WARNING== Refer https://docs.nvidia.com/nsi"
27,0.25,108,,,1,1,3.7037037037037033,1,96.2962962962963,No kernels captured in ncu output,,,"==WARNING== Note: Running with unmodified GPU clocks. If not controlled otherwise, profiling results may be inconsistent.
==PROF== Connected to process 2490485 (/apps/applications/Miniconda/25.11.1/envs/pytorch_2.9.1_cuda13/bin/python3.14)
Loading Zamba2 from Zyphra/Zamba2-7B-Instruct …
==PROF== Disconnected from process 2490485
==WARNING== No kernels were profiled.
==WARNING== Note that specified NVTX include expressions match only start/end ranges.
==WARNING== Refer https://docs.nvidia.com/nsi"
27,0.25,108,,,1,1,3.7037037037037033,1,96.2962962962963,No kernels captured in ncu output,,,"==WARNING== Note: Running with unmodified GPU clocks. If not controlled otherwise, profiling results may be inconsistent.
==PROF== Connected to process 2490663 (/apps/applications/Miniconda/25.11.1/envs/pytorch_2.9.1_cuda13/bin/python3.14)
Loading Zamba2 from Zyphra/Zamba2-7B-Instruct …
==PROF== Disconnected from process 2490663
==WARNING== No kernels were profiled.
==WARNING== Note that specified NVTX include expressions match only start/end ranges.
==WARNING== Refer https://docs.nvidia.com/nsi"
27,0.25,108,,,1,1,3.7037037037037033,1,96.2962962962963,No kernels captured in ncu output,,,"==WARNING== Note: Running with unmodified GPU clocks. If not controlled otherwise, profiling results may be inconsistent.
==PROF== Connected to process 2490839 (/apps/applications/Miniconda/25.11.1/envs/pytorch_2.9.1_cuda13/bin/python3.14)
Loading Zamba2 from Zyphra/Zamba2-7B-Instruct …
==PROF== Disconnected from process 2490839
==WARNING== No kernels were profiled.
==WARNING== Note that specified NVTX include expressions match only start/end ranges.
==WARNING== Refer https://docs.nvidia.com/nsi"
27,0.25,108,,,1,1,3.7037037037037033,1,96.2962962962963,No kernels captured in ncu output,,,"==WARNING== Note: Running with unmodified GPU clocks. If not controlled otherwise, profiling results may be inconsistent.
==PROF== Connected to process 2491015 (/apps/applications/Miniconda/25.11.1/envs/pytorch_2.9.1_cuda13/bin/python3.14)
Loading Zamba2 from Zyphra/Zamba2-7B-Instruct …
==PROF== Disconnected from process 2491015
==WARNING== No kernels were profiled.
==WARNING== Note that specified NVTX include expressions match only start/end ranges.
==WARNING== Refer https://docs.nvidia.com/nsi"
27,0.25,108,,,1,1,3.7037037037037033,1,96.2962962962963,No kernels captured in ncu output,,,"==WARNING== Note: Running with unmodified GPU clocks. If not controlled otherwise, profiling results may be inconsistent.
==PROF== Connected to process 2491562 (/apps/applications/Miniconda/25.11.1/envs/pytorch_2.9.1_cuda13/bin/python3.14)
Loading Zamba2 from Zyphra/Zamba2-7B-Instruct …
==PROF== Disconnected from process 2491562
==WARNING== No kernels were profiled.
==WARNING== Note that specified NVTX include expressions match only start/end ranges.
==WARNING== Refer https://docs.nvidia.com/nsi"
27,0.25,108,,,1,1,3.7037037037037033,1,96.2962962962963,No kernels captured in ncu output,,,"==WARNING== Note: Running with unmodified GPU clocks. If not controlled otherwise, profiling results may be inconsistent.
==PROF== Connected to process 2491740 (/apps/applications/Miniconda/25.11.1/envs/pytorch_2.9.1_cuda13/bin/python3.14)
Loading Zamba2 from Zyphra/Zamba2-7B-Instruct …
==PROF== Disconnected from process 2491740
==WARNING== No kernels were profiled.
==WARNING== Note that specified NVTX include expressions match only start/end ranges.
==WARNING== Refer https://docs.nvidia.com/nsi"
27,0.25,108,,,1,1,3.7037037037037033,1,96.2962962962963,No kernels captured in ncu output,,,"==WARNING== Note: Running with unmodified GPU clocks. If not controlled otherwise, profiling results may be inconsistent.
==PROF== Connected to process 2491916 (/apps/applications/Miniconda/25.11.1/envs/pytorch_2.9.1_cuda13/bin/python3.14)
Loading Zamba2 from Zyphra/Zamba2-7B-Instruct …
==PROF== Disconnected from process 2491916
==WARNING== No kernels were profiled.
==WARNING== Note that specified NVTX include expressions match only start/end ranges.
==WARNING== Refer https://docs.nvidia.com/nsi"
27,0.25,108,,,1,1,3.7037037037037033,1,96.2962962962963,No kernels captured in ncu output,,,"==WARNING== Note: Running with unmodified GPU clocks. If not controlled otherwise, profiling results may be inconsistent.
==PROF== Connected to process 2492092 (/apps/applications/Miniconda/25.11.1/envs/pytorch_2.9.1_cuda13/bin/python3.14)
Loading Zamba2 from Zyphra/Zamba2-7B-Instruct …
==PROF== Disconnected from process 2492092
==WARNING== No kernels were profiled.
==WARNING== Note that specified NVTX include expressions match only start/end ranges.
==WARNING== Refer https://docs.nvidia.com/nsi"
27,0.25,108,,,1,1,3.7037037037037033,1,96.2962962962963,No kernels captured in ncu output,,,"==WARNING== Note: Running with unmodified GPU clocks. If not controlled otherwise, profiling results may be inconsistent.
==PROF== Connected to process 2492617 (/apps/applications/Miniconda/25.11.1/envs/pytorch_2.9.1_cuda13/bin/python3.14)
Loading Zamba2 from Zyphra/Zamba2-7B-Instruct …
==PROF== Disconnected from process 2492617
==WARNING== No kernels were profiled.
==WARNING== Note that specified NVTX include expressions match only start/end ranges.
==WARNING== Refer https://docs.nvidia.com/nsi"
27,0.25,108,,,1,1,3.7037037037037033,1,96.2962962962963,No kernels captured in ncu output,,,"==WARNING== Note: Running with unmodified GPU clocks. If not controlled otherwise, profiling results may be inconsistent.
==PROF== Connected to process 2492792 (/apps/applications/Miniconda/25.11.1/envs/pytorch_2.9.1_cuda13/bin/python3.14)
Loading Zamba2 from Zyphra/Zamba2-7B-Instruct …
==PROF== Disconnected from process 2492792
==WARNING== No kernels were profiled.
==WARNING== Note that specified NVTX include expressions match only start/end ranges.
==WARNING== Refer https://docs.nvidia.com/nsi"
27,0.25,108,,,1,1,3.7037037037037033,1,96.2962962962963,No kernels captured in ncu output,,,"==WARNING== Note: Running with unmodified GPU clocks. If not controlled otherwise, profiling results may be inconsistent.
==PROF== Connected to process 2492970 (/apps/applications/Miniconda/25.11.1/envs/pytorch_2.9.1_cuda13/bin/python3.14)
Loading Zamba2 from Zyphra/Zamba2-7B-Instruct …
==PROF== Disconnected from process 2492970
==WARNING== No kernels were profiled.
==WARNING== Note that specified NVTX include expressions match only start/end ranges.
==WARNING== Refer https://docs.nvidia.com/nsi"
27,0.25,108,,,1,1,3.7037037037037033,1,96.2962962962963,No kernels captured in ncu output,,,"==WARNING== Note: Running with unmodified GPU clocks. If not controlled otherwise, profiling results may be inconsistent.
==PROF== Connected to process 2493518 (/apps/applications/Miniconda/25.11.1/envs/pytorch_2.9.1_cuda13/bin/python3.14)
Loading Zamba2 from Zyphra/Zamba2-7B-Instruct …
==PROF== Disconnected from process 2493518
==WARNING== No kernels were profiled.
==WARNING== Note that specified NVTX include expressions match only start/end ranges.
==WARNING== Refer https://docs.nvidia.com/nsi"
27,0.25,108,4096,64,65536,2428,99.96949173225944,7,0.030508267740558814,ncu exit code 1,"==WARNING== Note: Running with unmodified GPU clocks. If not controlled otherwise, profiling results may be inconsistent.
==PROF== Connected to process 2493697 (/apps/applications/Miniconda/25.11.1/envs/pytorch_2.9.1_cuda13/bin/python3.14)
Loading Zamba2 from Zyphra/Zamba2-7B-Instruct …
==PROF== Disconnected from process 2493697
==ERROR== The application returned an error code (1).
","/apps/applications/Miniconda/25.11.1/envs/pytorch_2.9.1_cuda13/lib/python3.14/site-packages/torch/cuda/__init__.py:63: FutureWarning: The pynvml package is deprecated. Please install nvidia-ml-py instead. If you did not install pynvml directly, please report this to the maintainers of the package that installed pynvml for you.
  import pynvml  # type: ignore[import]
Warning: You are sending unauthenticated requests to the HF Hub. Please set a HF_TOKEN to enable higher rate limits and faster downloads.
[transformers] `torch_dtype` is deprecated! Use `dtype` instead!
Traceback (most recent call last):
  File ""/scratch/ehmoon/whlee/prefill-layer-alloc/stage1_sm_scaling/../src/profiling/../../src/models/zamba2.py"", line 238, in forward
    y = mamba_chunk_scan_combined(
        x, dt, A, B, C,
    ...<3 lines>...
        dt_softplus=True,
    )
  File ""/home01/ehmoon/.local/lib/python3.14/site-packages/mamba_ssm/ops/triton/ssd_combined.py"", line 643, in mamba_chunk_scan_combined
    return",
27,0.25,108,,,1,1,3.7037037037037033,1,96.2962962962963,No kernels captured in ncu output,,,"==WARNING== Note: Running with unmodified GPU clocks. If not controlled otherwise, profiling results may be inconsistent.
==PROF== Connected to process 2493871 (/apps/applications/Miniconda/25.11.1/envs/pytorch_2.9.1_cuda13/bin/python3.14)
Loading Zamba2 from Zyphra/Zamba2-7B-Instruct …
==PROF== Disconnected from process 2493871
==WARNING== No kernels were profiled.
==WARNING== Note that specified NVTX include expressions match only start/end ranges.
==WARNING== Refer https://docs.nvidia.com/nsi"
27,0.25,108,,,1,1,3.7037037037037033,1,96.2962962962963,No kernels captured in ncu output,,,"==WARNING== Note: Running with unmodified GPU clocks. If not controlled otherwise, profiling results may be inconsistent.
==PROF== Connected to process 2494046 (/apps/applications/Miniconda/25.11.1/envs/pytorch_2.9.1_cuda13/bin/python3.14)
Loading Zamba2 from Zyphra/Zamba2-7B-Instruct …
==PROF== Disconnected from process 2494046
==WARNING== No kernels were profiled.
==WARNING== Note that specified NVTX include expressions match only start/end ranges.
==WARNING== Refer https://docs.nvidia.com/nsi"
27,0.25,108,,,1,1,3.7037037037037033,1,96.2962962962963,No kernels captured in ncu output,,,"==WARNING== Note: Running with unmodified GPU clocks. If not controlled otherwise, profiling results may be inconsistent.
==PROF== Connected to process 2494877 (/apps/applications/Miniconda/25.11.1/envs/pytorch_2.9.1_cuda13/bin/python3.14)
Loading Zamba2 from Zyphra/Zamba2-7B-Instruct …
==PROF== Disconnected from process 2494877
==WARNING== No kernels were profiled.
==WARNING== Note that specified NVTX include expressions match only start/end ranges.
==WARNING== Refer https://docs.nvidia.com/nsi"
27,0.25,108,8192,32,65536,2428,99.96949173225944,7,0.030508267740558814,ncu exit code 1,"==WARNING== Note: Running with unmodified GPU clocks. If not controlled otherwise, profiling results may be inconsistent.
==PROF== Connected to process 2495054 (/apps/applications/Miniconda/25.11.1/envs/pytorch_2.9.1_cuda13/bin/python3.14)
Loading Zamba2 from Zyphra/Zamba2-7B-Instruct …
==PROF== Disconnected from process 2495054
==ERROR== The application returned an error code (1).
","/apps/applications/Miniconda/25.11.1/envs/pytorch_2.9.1_cuda13/lib/python3.14/site-packages/torch/cuda/__init__.py:63: FutureWarning: The pynvml package is deprecated. Please install nvidia-ml-py instead. If you did not install pynvml directly, please report this to the maintainers of the package that installed pynvml for you.
  import pynvml  # type: ignore[import]
[transformers] `torch_dtype` is deprecated! Use `dtype` instead!
Traceback (most recent call last):
  File ""/scratch/ehmoon/whlee/prefill-layer-alloc/stage1_sm_scaling/../src/profiling/../../src/models/zamba2.py"", line 238, in forward
    y = mamba_chunk_scan_combined(
        x, dt, A, B, C,
    ...<3 lines>...
        dt_softplus=True,
    )
  File ""/home01/ehmoon/.local/lib/python3.14/site-packages/mamba_ssm/ops/triton/ssd_combined.py"", line 643, in mamba_chunk_scan_combined
    return MambaChunkScanCombinedFn.apply(x, dt, A, B, C, chunk_size, D, z, dt_bias, initial_states, seq_idx, cu_seqlens, dt_softplus, dt_limit, ret",
27,0.25,108,8192,64,131072,4855,99.99008277072129,14,0.00991722927871086,ncu exit code 1,"==WARNING== Note: Running with unmodified GPU clocks. If not controlled otherwise, profiling results may be inconsistent.
==PROF== Connected to process 2495228 (/apps/applications/Miniconda/25.11.1/envs/pytorch_2.9.1_cuda13/bin/python3.14)
Loading Zamba2 from Zyphra/Zamba2-7B-Instruct …
==PROF== Disconnected from process 2495228
==ERROR== The application returned an error code (1).
","/apps/applications/Miniconda/25.11.1/envs/pytorch_2.9.1_cuda13/lib/python3.14/site-packages/torch/cuda/__init__.py:63: FutureWarning: The pynvml package is deprecated. Please install nvidia-ml-py instead. If you did not install pynvml directly, please report this to the maintainers of the package that installed pynvml for you.
  import pynvml  # type: ignore[import]
Warning: You are sending unauthenticated requests to the HF Hub. Please set a HF_TOKEN to enable higher rate limits and faster downloads.
[transformers] `torch_dtype` is deprecated! Use `dtype` instead!
Traceback (most recent call last):
  File ""/scratch/ehmoon/whlee/prefill-layer-alloc/stage1_sm_scaling/../src/profiling/../../src/models/zamba2.py"", line 238, in forward
    y = mamba_chunk_scan_combined(
        x, dt, A, B, C,
    ...<3 lines>...
        dt_softplus=True,
    )
  File ""/home01/ehmoon/.local/lib/python3.14/site-packages/mamba_ssm/ops/triton/ssd_combined.py"", line 643, in mamba_chunk_scan_combined
    return",
27,0.25,108,,,1,1,3.7037037037037033,1,96.2962962962963,No kernels captured in ncu output,,,"==WARNING== Note: Running with unmodified GPU clocks. If not controlled otherwise, profiling results may be inconsistent.
==PROF== Connected to process 2495401 (/apps/applications/Miniconda/25.11.1/envs/pytorch_2.9.1_cuda13/bin/python3.14)
Loading Zamba2 from Zyphra/Zamba2-7B-Instruct …
==PROF== Disconnected from process 2495401
==WARNING== No kernels were profiled.
==WARNING== Note that specified NVTX include expressions match only start/end ranges.
==WARNING== Refer https://docs.nvidia.com/nsi"
27,0.25,108,,,1,1,3.7037037037037033,1,96.2962962962963,No kernels captured in ncu output,,,"==WARNING== Note: Running with unmodified GPU clocks. If not controlled otherwise, profiling results may be inconsistent.
==PROF== Connected to process 2495921 (/apps/applications/Miniconda/25.11.1/envs/pytorch_2.9.1_cuda13/bin/python3.14)
Loading Zamba2 from Zyphra/Zamba2-7B-Instruct …
==PROF== Disconnected from process 2495921
==WARNING== No kernels were profiled.
==WARNING== Note that specified NVTX include expressions match only start/end ranges.
==WARNING== Refer https://docs.nvidia.com/nsi"
27,0.25,108,16384,16,65536,2428,99.96949173225944,7,0.030508267740558814,ncu exit code 1,"==WARNING== Note: Running with unmodified GPU clocks. If not controlled otherwise, profiling results may be inconsistent.
==PROF== Connected to process 2496097 (/apps/applications/Miniconda/25.11.1/envs/pytorch_2.9.1_cuda13/bin/python3.14)
Loading Zamba2 from Zyphra/Zamba2-7B-Instruct …
==PROF== Disconnected from process 2496097
==ERROR== The application returned an error code (1).
","/apps/applications/Miniconda/25.11.1/envs/pytorch_2.9.1_cuda13/lib/python3.14/site-packages/torch/cuda/__init__.py:63: FutureWarning: The pynvml package is deprecated. Please install nvidia-ml-py instead. If you did not install pynvml directly, please report this to the maintainers of the package that installed pynvml for you.
  import pynvml  # type: ignore[import]
Warning: You are sending unauthenticated requests to the HF Hub. Please set a HF_TOKEN to enable higher rate limits and faster downloads.
[transformers] `torch_dtype` is deprecated! Use `dtype` instead!
Traceback (most recent call last):
  File ""/scratch/ehmoon/whlee/prefill-layer-alloc/stage1_sm_scaling/../src/profiling/../../src/models/zamba2.py"", line 238, in forward
    y = mamba_chunk_scan_combined(
        x, dt, A, B, C,
    ...<3 lines>...
        dt_softplus=True,
    )
  File ""/home01/ehmoon/.local/lib/python3.14/site-packages/mamba_ssm/ops/triton/ssd_combined.py"", line 643, in mamba_chunk_scan_combined
    return",
27,0.25,108,16384,32,131072,4855,99.99008277072129,14,0.00991722927871086,ncu exit code 1,"==WARNING== Note: Running with unmodified GPU clocks. If not controlled otherwise, profiling results may be inconsistent.
==PROF== Connected to process 2496268 (/apps/applications/Miniconda/25.11.1/envs/pytorch_2.9.1_cuda13/bin/python3.14)
Loading Zamba2 from Zyphra/Zamba2-7B-Instruct …
==PROF== Disconnected from process 2496268
==ERROR== The application returned an error code (1).
","/apps/applications/Miniconda/25.11.1/envs/pytorch_2.9.1_cuda13/lib/python3.14/site-packages/torch/cuda/__init__.py:63: FutureWarning: The pynvml package is deprecated. Please install nvidia-ml-py instead. If you did not install pynvml directly, please report this to the maintainers of the package that installed pynvml for you.
  import pynvml  # type: ignore[import]
Warning: You are sending unauthenticated requests to the HF Hub. Please set a HF_TOKEN to enable higher rate limits and faster downloads.
[transformers] `torch_dtype` is deprecated! Use `dtype` instead!
Traceback (most recent call last):
  File ""/scratch/ehmoon/whlee/prefill-layer-alloc/stage1_sm_scaling/../src/profiling/../../src/models/zamba2.py"", line 238, in forward
    y = mamba_chunk_scan_combined(
        x, dt, A, B, C,
    ...<3 lines>...
        dt_softplus=True,
    )
  File ""/home01/ehmoon/.local/lib/python3.14/site-packages/mamba_ssm/ops/triton/ssd_combined.py"", line 643, in mamba_chunk_scan_combined
    return",
27,0.25,108,16384,64,262144,9710,99.99008277072129,1,0.00991722927871086,ncu exit code 1,"==WARNING== Note: Running with unmodified GPU clocks. If not controlled otherwise, profiling results may be inconsistent.
==PROF== Connected to process 2496442 (/apps/applications/Miniconda/25.11.1/envs/pytorch_2.9.1_cuda13/bin/python3.14)
Loading Zamba2 from Zyphra/Zamba2-7B-Instruct …
==PROF== Disconnected from process 2496442
==ERROR== The application returned an error code (1).
","/apps/applications/Miniconda/25.11.1/envs/pytorch_2.9.1_cuda13/lib/python3.14/site-packages/torch/cuda/__init__.py:63: FutureWarning: The pynvml package is deprecated. Please install nvidia-ml-py instead. If you did not install pynvml directly, please report this to the maintainers of the package that installed pynvml for you.
  import pynvml  # type: ignore[import]
[transformers] `torch_dtype` is deprecated! Use `dtype` instead!
Traceback (most recent call last):
  File ""/scratch/ehmoon/whlee/prefill-layer-alloc/stage1_sm_scaling/../src/profiling/../../src/models/zamba2.py"", line 238, in forward
    y = mamba_chunk_scan_combined(
        x, dt, A, B, C,
    ...<3 lines>...
        dt_softplus=True,
    )
  File ""/home01/ehmoon/.local/lib/python3.14/site-packages/mamba_ssm/ops/triton/ssd_combined.py"", line 643, in mamba_chunk_scan_combined
    return MambaChunkScanCombinedFn.apply(x, dt, A, B, C, chunk_size, D, z, dt_bias, initial_states, seq_idx, cu_seqlens, dt_softplus, dt_limit, ret",
27,0.25,108,,,1,1,3.7037037037037033,1,96.2962962962963,No kernels captured in ncu output,,,"==WARNING== Note: Running with unmodified GPU clocks. If not controlled otherwise, profiling results may be inconsistent.
==PROF== Connected to process 2496985 (/apps/applications/Miniconda/25.11.1/envs/pytorch_2.9.1_cuda13/bin/python3.14)
Loading Zamba2 from Zyphra/Zamba2-7B-Instruct …
==PROF== Disconnected from process 2496985
==WARNING== No kernels were profiled.
==WARNING== Note that specified NVTX include expressions match only start/end ranges.
==WARNING== Refer https://docs.nvidia.com/nsi"
27,0.25,108,,,1,1,3.7037037037037033,1,96.2962962962963,No kernels captured in ncu output,,,"==WARNING== Note: Running with unmodified GPU clocks. If not controlled otherwise, profiling results may be inconsistent.
==PROF== Connected to process 2497163 (/apps/applications/Miniconda/25.11.1/envs/pytorch_2.9.1_cuda13/bin/python3.14)
Loading Zamba2 from Zyphra/Zamba2-7B-Instruct …
==PROF== Disconnected from process 2497163
==WARNING== No kernels were profiled.
==WARNING== Note that specified NVTX include expressions match only start/end ranges.
==WARNING== Refer https://docs.nvidia.com/nsi"
27,0.25,108,32768,16,131072,4855,99.99008277072129,14,0.00991722927871086,ncu exit code 1,"==WARNING== Note: Running with unmodified GPU clocks. If not controlled otherwise, profiling results may be inconsistent.
==PROF== Connected to process 2497343 (/apps/applications/Miniconda/25.11.1/envs/pytorch_2.9.1_cuda13/bin/python3.14)
Loading Zamba2 from Zyphra/Zamba2-7B-Instruct …
==PROF== Disconnected from process 2497343
==ERROR== The application returned an error code (1).
","/apps/applications/Miniconda/25.11.1/envs/pytorch_2.9.1_cuda13/lib/python3.14/site-packages/torch/cuda/__init__.py:63: FutureWarning: The pynvml package is deprecated. Please install nvidia-ml-py instead. If you did not install pynvml directly, please report this to the maintainers of the package that installed pynvml for you.
  import pynvml  # type: ignore[import]
Warning: You are sending unauthenticated requests to the HF Hub. Please set a HF_TOKEN to enable higher rate limits and faster downloads.
[transformers] `torch_dtype` is deprecated! Use `dtype` instead!
Traceback (most recent call last):
  File ""/scratch/ehmoon/whlee/prefill-layer-alloc/stage1_sm_scaling/../src/profiling/../../src/models/zamba2.py"", line 238, in forward
    y = mamba_chunk_scan_combined(
        x, dt, A, B, C,
    ...<3 lines>...
        dt_softplus=True,
    )
  File ""/home01/ehmoon/.local/lib/python3.14/site-packages/mamba_ssm/ops/triton/ssd_combined.py"", line 643, in mamba_chunk_scan_combined
    return",
27,0.25,108,32768,32,262144,9710,99.99008277072129,1,0.00991722927871086,ncu exit code 1,"==WARNING== Note: Running with unmodified GPU clocks. If not controlled otherwise, profiling results may be inconsistent.
==PROF== Connected to process 2497516 (/apps/applications/Miniconda/25.11.1/envs/pytorch_2.9.1_cuda13/bin/python3.14)
Loading Zamba2 from Zyphra/Zamba2-7B-Instruct …
==PROF== Disconnected from process 2497516
==ERROR== The application returned an error code (1).
","/apps/applications/Miniconda/25.11.1/envs/pytorch_2.9.1_cuda13/lib/python3.14/site-packages/torch/cuda/__init__.py:63: FutureWarning: The pynvml package is deprecated. Please install nvidia-ml-py instead. If you did not install pynvml directly, please report this to the maintainers of the package that installed pynvml for you.
  import pynvml  # type: ignore[import]
[transformers] `torch_dtype` is deprecated! Use `dtype` instead!
Traceback (most recent call last):
  File ""/scratch/ehmoon/whlee/prefill-layer-alloc/stage1_sm_scaling/../src/profiling/../../src/models/zamba2.py"", line 238, in forward
    y = mamba_chunk_scan_combined(
        x, dt, A, B, C,
    ...<3 lines>...
        dt_softplus=True,
    )
  File ""/home01/ehmoon/.local/lib/python3.14/site-packages/mamba_ssm/ops/triton/ssd_combined.py"", line 643, in mamba_chunk_scan_combined
    return MambaChunkScanCombinedFn.apply(x, dt, A, B, C, chunk_size, D, z, dt_bias, initial_states, seq_idx, cu_seqlens, dt_softplus, dt_limit, ret",
27,0.25,108,32768,64,524288,19419,99.9952318557808,2,0.004768144219202686,ncu exit code 1,"==WARNING== Note: Running with unmodified GPU clocks. If not controlled otherwise, profiling results may be inconsistent.
==PROF== Connected to process 2498061 (/apps/applications/Miniconda/25.11.1/envs/pytorch_2.9.1_cuda13/bin/python3.14)
Loading Zamba2 from Zyphra/Zamba2-7B-Instruct …
==PROF== Disconnected from process 2498061
==ERROR== The application returned an error code (1).
","/apps/applications/Miniconda/25.11.1/envs/pytorch_2.9.1_cuda13/lib/python3.14/site-packages/torch/cuda/__init__.py:63: FutureWarning: The pynvml package is deprecated. Please install nvidia-ml-py instead. If you did not install pynvml directly, please report this to the maintainers of the package that installed pynvml for you.
  import pynvml  # type: ignore[import]
Warning: You are sending unauthenticated requests to the HF Hub. Please set a HF_TOKEN to enable higher rate limits and faster downloads.
[transformers] `torch_dtype` is deprecated! Use `dtype` instead!
Traceback (most recent call last):
  File ""/scratch/ehmoon/whlee/prefill-layer-alloc/stage1_sm_scaling/../src/profiling/../../src/models/zamba2.py"", line 238, in forward
    y = mamba_chunk_scan_combined(
        x, dt, A, B, C,
    ...<3 lines>...
        dt_softplus=True,
    )
  File ""/home01/ehmoon/.local/lib/python3.14/site-packages/mamba_ssm/ops/triton/ssd_combined.py"", line 643, in mamba_chunk_scan_combined
    return",
40,0.37037037037037035,108,,,1,1,2.5,1,97.5,No kernels captured in ncu output,,,"==WARNING== Note: Running with unmodified GPU clocks. If not controlled otherwise, profiling results may be inconsistent.
==PROF== Connected to process 2498235 (/apps/applications/Miniconda/25.11.1/envs/pytorch_2.9.1_cuda13/bin/python3.14)
Loading Zamba2 from Zyphra/Zamba2-7B-Instruct …
==PROF== Disconnected from process 2498235
==WARNING== No kernels were profiled.
==WARNING== Note that specified NVTX include expressions match only start/end ranges.
==WARNING== Refer https://docs.nvidia.com/nsi"
40,0.37037037037037035,108,,,1,1,2.5,1,97.5,No kernels captured in ncu output,,,"==WARNING== Note: Running with unmodified GPU clocks. If not controlled otherwise, profiling results may be inconsistent.
==PROF== Connected to process 2498410 (/apps/applications/Miniconda/25.11.1/envs/pytorch_2.9.1_cuda13/bin/python3.14)
Loading Zamba2 from Zyphra/Zamba2-7B-Instruct …
==PROF== Disconnected from process 2498410
==WARNING== No kernels were profiled.
==WARNING== Note that specified NVTX include expressions match only start/end ranges.
==WARNING== Refer https://docs.nvidia.com/nsi"
40,0.37037037037037035,108,,,1,1,2.5,1,97.5,No kernels captured in ncu output,,,"==WARNING== Note: Running with unmodified GPU clocks. If not controlled otherwise, profiling results may be inconsistent.
==PROF== Connected to process 2498586 (/apps/applications/Miniconda/25.11.1/envs/pytorch_2.9.1_cuda13/bin/python3.14)
Loading Zamba2 from Zyphra/Zamba2-7B-Instruct …
==PROF== Disconnected from process 2498586
==WARNING== No kernels were profiled.
==WARNING== Note that specified NVTX include expressions match only start/end ranges.
==WARNING== Refer https://docs.nvidia.com/nsi"
40,0.37037037037037035,108,,,1,1,2.5,1,97.5,No kernels captured in ncu output,,,"==WARNING== Note: Running with unmodified GPU clocks. If not controlled otherwise, profiling results may be inconsistent.
==PROF== Connected to process 2498939 (/apps/applications/Miniconda/25.11.1/envs/pytorch_2.9.1_cuda13/bin/python3.14)
Loading Zamba2 from Zyphra/Zamba2-7B-Instruct …
==PROF== Disconnected from process 2498939
==WARNING== No kernels were profiled.
==WARNING== Note that specified NVTX include expressions match only start/end ranges.
==WARNING== Refer https://docs.nvidia.com/nsi"
40,0.37037037037037035,108,,,1,1,2.5,1,97.5,No kernels captured in ncu output,,,"==WARNING== Note: Running with unmodified GPU clocks. If not controlled otherwise, profiling results may be inconsistent.
==PROF== Connected to process 2499309 (/apps/applications/Miniconda/25.11.1/envs/pytorch_2.9.1_cuda13/bin/python3.14)
Loading Zamba2 from Zyphra/Zamba2-7B-Instruct …
==PROF== Disconnected from process 2499309
==WARNING== No kernels were profiled.
==WARNING== Note that specified NVTX include expressions match only start/end ranges.
==WARNING== Refer https://docs.nvidia.com/nsi"
40,0.37037037037037035,108,,,1,1,2.5,1,97.5,No kernels captured in ncu output,,,"==WARNING== Note: Running with unmodified GPU clocks. If not controlled otherwise, profiling results may be inconsistent.
==PROF== Connected to process 2499484 (/apps/applications/Miniconda/25.11.1/envs/pytorch_2.9.1_cuda13/bin/python3.14)
Loading Zamba2 from Zyphra/Zamba2-7B-Instruct …
==PROF== Disconnected from process 2499484
==WARNING== No kernels were profiled.
==WARNING== Note that specified NVTX include expressions match only start/end ranges.
==WARNING== Refer https://docs.nvidia.com/nsi"
40,0.37037037037037035,108,,,1,1,2.5,1,97.5,No kernels captured in ncu output,,,"==WARNING== Note: Running with unmodified GPU clocks. If not controlled otherwise, profiling results may be inconsistent.
==PROF== Connected to process 2499660 (/apps/applications/Miniconda/25.11.1/envs/pytorch_2.9.1_cuda13/bin/python3.14)
Loading Zamba2 from Zyphra/Zamba2-7B-Instruct …
==PROF== Disconnected from process 2499660
==WARNING== No kernels were profiled.
==WARNING== Note that specified NVTX include expressions match only start/end ranges.
==WARNING== Refer https://docs.nvidia.com/nsi"
40,0.37037037037037035,108,,,1,1,2.5,1,97.5,No kernels captured in ncu output,,,"==WARNING== Note: Running with unmodified GPU clocks. If not controlled otherwise, profiling results may be inconsistent.
==PROF== Connected to process 2500411 (/apps/applications/Miniconda/25.11.1/envs/pytorch_2.9.1_cuda13/bin/python3.14)
Loading Zamba2 from Zyphra/Zamba2-7B-Instruct …
==PROF== Disconnected from process 2500411
==WARNING== No kernels were profiled.
==WARNING== Note that specified NVTX include expressions match only start/end ranges.
==WARNING== Refer https://docs.nvidia.com/nsi"
40,0.37037037037037035,108,,,1,1,2.5,1,97.5,No kernels captured in ncu output,,,"==WARNING== Note: Running with unmodified GPU clocks. If not controlled otherwise, profiling results may be inconsistent.
==PROF== Connected to process 2500714 (/apps/applications/Miniconda/25.11.1/envs/pytorch_2.9.1_cuda13/bin/python3.14)
Loading Zamba2 from Zyphra/Zamba2-7B-Instruct …
==PROF== Disconnected from process 2500714
==WARNING== No kernels were profiled.
==WARNING== Note that specified NVTX include expressions match only start/end ranges.
==WARNING== Refer https://docs.nvidia.com/nsi"
40,0.37037037037037035,108,,,1,1,2.5,1,97.5,No kernels captured in ncu output,,,"==WARNING== Note: Running with unmodified GPU clocks. If not controlled otherwise, profiling results may be inconsistent.
==PROF== Connected to process 2500889 (/apps/applications/Miniconda/25.11.1/envs/pytorch_2.9.1_cuda13/bin/python3.14)
Loading Zamba2 from Zyphra/Zamba2-7B-Instruct …
==PROF== Disconnected from process 2500889
==WARNING== No kernels were profiled.
==WARNING== Note that specified NVTX include expressions match only start/end ranges.
==WARNING== Refer https://docs.nvidia.com/nsi"
40,0.37037037037037035,108,,,1,1,2.5,1,97.5,No kernels captured in ncu output,,,"==WARNING== Note: Running with unmodified GPU clocks. If not controlled otherwise, profiling results may be inconsistent.
==PROF== Connected to process 2501066 (/apps/applications/Miniconda/25.11.1/envs/pytorch_2.9.1_cuda13/bin/python3.14)
Loading Zamba2 from Zyphra/Zamba2-7B-Instruct …
==PROF== Disconnected from process 2501066
==WARNING== No kernels were profiled.
==WARNING== Note that specified NVTX include expressions match only start/end ranges.
==WARNING== Refer https://docs.nvidia.com/nsi"
40,0.37037037037037035,108,,,1,1,2.5,1,97.5,No kernels captured in ncu output,,,"==WARNING== Note: Running with unmodified GPU clocks. If not controlled otherwise, profiling results may be inconsistent.
==PROF== Connected to process 2501769 (/apps/applications/Miniconda/25.11.1/envs/pytorch_2.9.1_cuda13/bin/python3.14)
Loading Zamba2 from Zyphra/Zamba2-7B-Instruct …
==PROF== Disconnected from process 2501769
==WARNING== No kernels were profiled.
==WARNING== Note that specified NVTX include expressions match only start/end ranges.
==WARNING== Refer https://docs.nvidia.com/nsi"
40,0.37037037037037035,108,,,1,1,2.5,1,97.5,No kernels captured in ncu output,,,"==WARNING== Note: Running with unmodified GPU clocks. If not controlled otherwise, profiling results may be inconsistent.
==PROF== Connected to process 2502306 (/apps/applications/Miniconda/25.11.1/envs/pytorch_2.9.1_cuda13/bin/python3.14)
Loading Zamba2 from Zyphra/Zamba2-7B-Instruct …
==PROF== Disconnected from process 2502306
==WARNING== No kernels were profiled.
==WARNING== Note that specified NVTX include expressions match only start/end ranges.
==WARNING== Refer https://docs.nvidia.com/nsi"
40,0.37037037037037035,108,,,1,1,2.5,1,97.5,No kernels captured in ncu output,,,"==WARNING== Note: Running with unmodified GPU clocks. If not controlled otherwise, profiling results may be inconsistent.
==PROF== Connected to process 2502481 (/apps/applications/Miniconda/25.11.1/envs/pytorch_2.9.1_cuda13/bin/python3.14)
Loading Zamba2 from Zyphra/Zamba2-7B-Instruct …
==PROF== Disconnected from process 2502481
==WARNING== No kernels were profiled.
==WARNING== Note that specified NVTX include expressions match only start/end ranges.
==WARNING== Refer https://docs.nvidia.com/nsi"
40,0.37037037037037035,108,,,1,1,2.5,1,97.5,No kernels captured in ncu output,,,"==WARNING== Note: Running with unmodified GPU clocks. If not controlled otherwise, profiling results may be inconsistent.
==PROF== Connected to process 2502657 (/apps/applications/Miniconda/25.11.1/envs/pytorch_2.9.1_cuda13/bin/python3.14)
Loading Zamba2 from Zyphra/Zamba2-7B-Instruct …
==PROF== Disconnected from process 2502657
==WARNING== No kernels were profiled.
==WARNING== Note that specified NVTX include expressions match only start/end ranges.
==WARNING== Refer https://docs.nvidia.com/nsi"
40,0.37037037037037035,108,,,1,1,2.5,1,97.5,No kernels captured in ncu output,,,"==WARNING== Note: Running with unmodified GPU clocks. If not controlled otherwise, profiling results may be inconsistent.
==PROF== Connected to process 2503186 (/apps/applications/Miniconda/25.11.1/envs/pytorch_2.9.1_cuda13/bin/python3.14)
Loading Zamba2 from Zyphra/Zamba2-7B-Instruct …
==PROF== Disconnected from process 2503186
==WARNING== No kernels were profiled.
==WARNING== Note that specified NVTX include expressions match only start/end ranges.
==WARNING== Refer https://docs.nvidia.com/nsi"
40,0.37037037037037035,108,,,1,1,2.5,1,97.5,No kernels captured in ncu output,,,"==WARNING== Note: Running with unmodified GPU clocks. If not controlled otherwise, profiling results may be inconsistent.
==PROF== Connected to process 2503362 (/apps/applications/Miniconda/25.11.1/envs/pytorch_2.9.1_cuda13/bin/python3.14)
Loading Zamba2 from Zyphra/Zamba2-7B-Instruct …
==PROF== Disconnected from process 2503362
==WARNING== No kernels were profiled.
==WARNING== Note that specified NVTX include expressions match only start/end ranges.
==WARNING== Refer https://docs.nvidia.com/nsi"
40,0.37037037037037035,108,,,1,1,2.5,1,97.5,No kernels captured in ncu output,,,"==WARNING== Note: Running with unmodified GPU clocks. If not controlled otherwise, profiling results may be inconsistent.
==PROF== Connected to process 2503537 (/apps/applications/Miniconda/25.11.1/envs/pytorch_2.9.1_cuda13/bin/python3.14)
Loading Zamba2 from Zyphra/Zamba2-7B-Instruct …
==PROF== Disconnected from process 2503537
==WARNING== No kernels were profiled.
==WARNING== Note that specified NVTX include expressions match only start/end ranges.
==WARNING== Refer https://docs.nvidia.com/nsi"
40,0.37037037037037035,108,,,1,1,2.5,1,97.5,No kernels captured in ncu output,,,"==WARNING== Note: Running with unmodified GPU clocks. If not controlled otherwise, profiling results may be inconsistent.
==PROF== Connected to process 2503712 (/apps/applications/Miniconda/25.11.1/envs/pytorch_2.9.1_cuda13/bin/python3.14)
Loading Zamba2 from Zyphra/Zamba2-7B-Instruct …
==PROF== Disconnected from process 2503712
==WARNING== No kernels were profiled.
==WARNING== Note that specified NVTX include expressions match only start/end ranges.
==WARNING== Refer https://docs.nvidia.com/nsi"
40,0.37037037037037035,108,,,1,1,2.5,1,97.5,No kernels captured in ncu output,,,"==WARNING== Note: Running with unmodified GPU clocks. If not controlled otherwise, profiling results may be inconsistent.
==PROF== Connected to process 2504241 (/apps/applications/Miniconda/25.11.1/envs/pytorch_2.9.1_cuda13/bin/python3.14)
Loading Zamba2 from Zyphra/Zamba2-7B-Instruct …
==PROF== Disconnected from process 2504241
==WARNING== No kernels were profiled.
==WARNING== Note that specified NVTX include expressions match only start/end ranges.
==WARNING== Refer https://docs.nvidia.com/nsi"
40,0.37037037037037035,108,,,1,1,2.5,1,97.5,No kernels captured in ncu output,,,"==WARNING== Note: Running with unmodified GPU clocks. If not controlled otherwise, profiling results may be inconsistent.
==PROF== Connected to process 2504419 (/apps/applications/Miniconda/25.11.1/envs/pytorch_2.9.1_cuda13/bin/python3.14)
Loading Zamba2 from Zyphra/Zamba2-7B-Instruct …
==PROF== Disconnected from process 2504419
==WARNING== No kernels were profiled.
==WARNING== Note that specified NVTX include expressions match only start/end ranges.
==WARNING== Refer https://docs.nvidia.com/nsi"
40,0.37037037037037035,108,,,1,1,2.5,1,97.5,No kernels captured in ncu output,,,"==WARNING== Note: Running with unmodified GPU clocks. If not controlled otherwise, profiling results may be inconsistent.
==PROF== Connected to process 2504594 (/apps/applications/Miniconda/25.11.1/envs/pytorch_2.9.1_cuda13/bin/python3.14)
Loading Zamba2 from Zyphra/Zamba2-7B-Instruct …
==PROF== Disconnected from process 2504594
==WARNING== No kernels were profiled.
==WARNING== Note that specified NVTX include expressions match only start/end ranges.
==WARNING== Refer https://docs.nvidia.com/nsi"
40,0.37037037037037035,108,,,1,1,2.5,1,97.5,No kernels captured in ncu output,,,"==WARNING== Note: Running with unmodified GPU clocks. If not controlled otherwise, profiling results may be inconsistent.
==PROF== Connected to process 2504766 (/apps/applications/Miniconda/25.11.1/envs/pytorch_2.9.1_cuda13/bin/python3.14)
Loading Zamba2 from Zyphra/Zamba2-7B-Instruct …
==PROF== Disconnected from process 2504766
==WARNING== No kernels were profiled.
==WARNING== Note that specified NVTX include expressions match only start/end ranges.
==WARNING== Refer https://docs.nvidia.com/nsi"
40,0.37037037037037035,108,,,1,1,2.5,1,97.5,No kernels captured in ncu output,,,"==WARNING== Note: Running with unmodified GPU clocks. If not controlled otherwise, profiling results may be inconsistent.
==PROF== Connected to process 2505294 (/apps/applications/Miniconda/25.11.1/envs/pytorch_2.9.1_cuda13/bin/python3.14)
Loading Zamba2 from Zyphra/Zamba2-7B-Instruct …
==PROF== Disconnected from process 2505294
==WARNING== No kernels were profiled.
==WARNING== Note that specified NVTX include expressions match only start/end ranges.
==WARNING== Refer https://docs.nvidia.com/nsi"
40,0.37037037037037035,108,4096,64,65536,1639,99.96339231238561,16,0.036607687614398365,ncu exit code 1,"==WARNING== Note: Running with unmodified GPU clocks. If not controlled otherwise, profiling results may be inconsistent.
==PROF== Connected to process 2505471 (/apps/applications/Miniconda/25.11.1/envs/pytorch_2.9.1_cuda13/bin/python3.14)
Loading Zamba2 from Zyphra/Zamba2-7B-Instruct …
==PROF== Disconnected from process 2505471
==ERROR== The application returned an error code (1).
","/apps/applications/Miniconda/25.11.1/envs/pytorch_2.9.1_cuda13/lib/python3.14/site-packages/torch/cuda/__init__.py:63: FutureWarning: The pynvml package is deprecated. Please install nvidia-ml-py instead. If you did not install pynvml directly, please report this to the maintainers of the package that installed pynvml for you.
  import pynvml  # type: ignore[import]
[transformers] `torch_dtype` is deprecated! Use `dtype` instead!
Traceback (most recent call last):
  File ""/scratch/ehmoon/whlee/prefill-layer-alloc/stage1_sm_scaling/../src/profiling/../../src/models/zamba2.py"", line 238, in forward
    y = mamba_chunk_scan_combined(
        x, dt, A, B, C,
    ...<3 lines>...
        dt_softplus=True,
    )
  File ""/home01/ehmoon/.local/lib/python3.14/site-packages/mamba_ssm/ops/triton/ssd_combined.py"", line 643, in mamba_chunk_scan_combined
    return MambaChunkScanCombinedFn.apply(x, dt, A, B, C, chunk_size, D, z, dt_bias, initial_states, seq_idx, cu_seqlens, dt_softplus, dt_limit, ret",
40,0.37037037037037035,108,,,1,1,2.5,1,97.5,No kernels captured in ncu output,,,"==WARNING== Note: Running with unmodified GPU clocks. If not controlled otherwise, profiling results may be inconsistent.
==PROF== Connected to process 2505644 (/apps/applications/Miniconda/25.11.1/envs/pytorch_2.9.1_cuda13/bin/python3.14)
Loading Zamba2 from Zyphra/Zamba2-7B-Instruct …
==PROF== Disconnected from process 2505644
==WARNING== No kernels were profiled.
==WARNING== Note that specified NVTX include expressions match only start/end ranges.
==WARNING== Refer https://docs.nvidia.com/nsi"
40,0.37037037037037035,108,,,1,1,2.5,1,97.5,No kernels captured in ncu output,,,"==WARNING== Note: Running with unmodified GPU clocks. If not controlled otherwise, profiling results may be inconsistent.
==PROF== Connected to process 2505817 (/apps/applications/Miniconda/25.11.1/envs/pytorch_2.9.1_cuda13/bin/python3.14)
Loading Zamba2 from Zyphra/Zamba2-7B-Instruct …
==PROF== Disconnected from process 2505817
==WARNING== No kernels were profiled.
==WARNING== Note that specified NVTX include expressions match only start/end ranges.
==WARNING== Refer https://docs.nvidia.com/nsi"
40,0.37037037037037035,108,,,1,1,2.5,1,97.5,No kernels captured in ncu output,,,"==WARNING== Note: Running with unmodified GPU clocks. If not controlled otherwise, profiling results may be inconsistent.
==PROF== Connected to process 2506629 (/apps/applications/Miniconda/25.11.1/envs/pytorch_2.9.1_cuda13/bin/python3.14)
Loading Zamba2 from Zyphra/Zamba2-7B-Instruct …
==PROF== Disconnected from process 2506629
==WARNING== No kernels were profiled.
==WARNING== Note that specified NVTX include expressions match only start/end ranges.
==WARNING== Refer https://docs.nvidia.com/nsi"
40,0.37037037037037035,108,8192,32,65536,1639,99.96339231238561,16,0.036607687614398365,ncu exit code 1,"==WARNING== Note: Running with unmodified GPU clocks. If not controlled otherwise, profiling results may be inconsistent.
==PROF== Connected to process 2506807 (/apps/applications/Miniconda/25.11.1/envs/pytorch_2.9.1_cuda13/bin/python3.14)
Loading Zamba2 from Zyphra/Zamba2-7B-Instruct …
==PROF== Disconnected from process 2506807
==ERROR== The application returned an error code (1).
","/apps/applications/Miniconda/25.11.1/envs/pytorch_2.9.1_cuda13/lib/python3.14/site-packages/torch/cuda/__init__.py:63: FutureWarning: The pynvml package is deprecated. Please install nvidia-ml-py instead. If you did not install pynvml directly, please report this to the maintainers of the package that installed pynvml for you.
  import pynvml  # type: ignore[import]
Warning: You are sending unauthenticated requests to the HF Hub. Please set a HF_TOKEN to enable higher rate limits and faster downloads.
[transformers] `torch_dtype` is deprecated! Use `dtype` instead!
Traceback (most recent call last):
  File ""/scratch/ehmoon/whlee/prefill-layer-alloc/stage1_sm_scaling/../src/profiling/../../src/models/zamba2.py"", line 238, in forward
    y = mamba_chunk_scan_combined(
        x, dt, A, B, C,
    ...<3 lines>...
        dt_softplus=True,
    )
  File ""/home01/ehmoon/.local/lib/python3.14/site-packages/mamba_ssm/ops/triton/ssd_combined.py"", line 643, in mamba_chunk_scan_combined
    return",
40,0.37037037037037035,108,8192,64,131072,3277,99.99389685688129,32,0.006103143118707521,ncu exit code 1,"==WARNING== Note: Running with unmodified GPU clocks. If not controlled otherwise, profiling results may be inconsistent.
==PROF== Connected to process 2506981 (/apps/applications/Miniconda/25.11.1/envs/pytorch_2.9.1_cuda13/bin/python3.14)
Loading Zamba2 from Zyphra/Zamba2-7B-Instruct …
==PROF== Disconnected from process 2506981
==ERROR== The application returned an error code (1).
","/apps/applications/Miniconda/25.11.1/envs/pytorch_2.9.1_cuda13/lib/python3.14/site-packages/torch/cuda/__init__.py:63: FutureWarning: The pynvml package is deprecated. Please install nvidia-ml-py instead. If you did not install pynvml directly, please report this to the maintainers of the package that installed pynvml for you.
  import pynvml  # type: ignore[import]
Warning: You are sending unauthenticated requests to the HF Hub. Please set a HF_TOKEN to enable higher rate limits and faster downloads.
[transformers] `torch_dtype` is deprecated! Use `dtype` instead!
Traceback (most recent call last):
  File ""/scratch/ehmoon/whlee/prefill-layer-alloc/stage1_sm_scaling/../src/profiling/../../src/models/zamba2.py"", line 238, in forward
    y = mamba_chunk_scan_combined(
        x, dt, A, B, C,
    ...<3 lines>...
        dt_softplus=True,
    )
  File ""/home01/ehmoon/.local/lib/python3.14/site-packages/mamba_ssm/ops/triton/ssd_combined.py"", line 643, in mamba_chunk_scan_combined
    return",
40,0.37037037037037035,108,,,1,1,2.5,1,97.5,No kernels captured in ncu output,,,"==WARNING== Note: Running with unmodified GPU clocks. If not controlled otherwise, profiling results may be inconsistent.
==PROF== Connected to process 2507154 (/apps/applications/Miniconda/25.11.1/envs/pytorch_2.9.1_cuda13/bin/python3.14)
Loading Zamba2 from Zyphra/Zamba2-7B-Instruct …
==PROF== Disconnected from process 2507154
==WARNING== No kernels were profiled.
==WARNING== Note that specified NVTX include expressions match only start/end ranges.
==WARNING== Refer https://docs.nvidia.com/nsi"
40,0.37037037037037035,108,,,1,1,2.5,1,97.5,No kernels captured in ncu output,,,"==WARNING== Note: Running with unmodified GPU clocks. If not controlled otherwise, profiling results may be inconsistent.
==PROF== Connected to process 2507684 (/apps/applications/Miniconda/25.11.1/envs/pytorch_2.9.1_cuda13/bin/python3.14)
Loading Zamba2 from Zyphra/Zamba2-7B-Instruct …
==PROF== Disconnected from process 2507684
==WARNING== No kernels were profiled.
==WARNING== Note that specified NVTX include expressions match only start/end ranges.
==WARNING== Refer https://docs.nvidia.com/nsi"
40,0.37037037037037035,108,16384,16,65536,1639,99.96339231238561,16,0.036607687614398365,ncu exit code 1,"==WARNING== Note: Running with unmodified GPU clocks. If not controlled otherwise, profiling results may be inconsistent.
==PROF== Connected to process 2507860 (/apps/applications/Miniconda/25.11.1/envs/pytorch_2.9.1_cuda13/bin/python3.14)
Loading Zamba2 from Zyphra/Zamba2-7B-Instruct …
==PROF== Disconnected from process 2507860
==ERROR== The application returned an error code (1).
","/apps/applications/Miniconda/25.11.1/envs/pytorch_2.9.1_cuda13/lib/python3.14/site-packages/torch/cuda/__init__.py:63: FutureWarning: The pynvml package is deprecated. Please install nvidia-ml-py instead. If you did not install pynvml directly, please report this to the maintainers of the package that installed pynvml for you.
  import pynvml  # type: ignore[import]
Warning: You are sending unauthenticated requests to the HF Hub. Please set a HF_TOKEN to enable higher rate limits and faster downloads.
[transformers] `torch_dtype` is deprecated! Use `dtype` instead!
Traceback (most recent call last):
  File ""/scratch/ehmoon/whlee/prefill-layer-alloc/stage1_sm_scaling/../src/profiling/../../src/models/zamba2.py"", line 238, in forward
    y = mamba_chunk_scan_combined(
        x, dt, A, B, C,
    ...<3 lines>...
        dt_softplus=True,
    )
  File ""/home01/ehmoon/.local/lib/python3.14/site-packages/mamba_ssm/ops/triton/ssd_combined.py"", line 643, in mamba_chunk_scan_combined
    return",
40,0.37037037037037035,108,16384,32,131072,3277,99.99389685688129,32,0.006103143118707521,ncu exit code 1,"==WARNING== Note: Running with unmodified GPU clocks. If not controlled otherwise, profiling results may be inconsistent.
==PROF== Connected to process 2508032 (/apps/applications/Miniconda/25.11.1/envs/pytorch_2.9.1_cuda13/bin/python3.14)
Loading Zamba2 from Zyphra/Zamba2-7B-Instruct …
==PROF== Disconnected from process 2508032
==ERROR== The application returned an error code (1).
","/apps/applications/Miniconda/25.11.1/envs/pytorch_2.9.1_cuda13/lib/python3.14/site-packages/torch/cuda/__init__.py:63: FutureWarning: The pynvml package is deprecated. Please install nvidia-ml-py instead. If you did not install pynvml directly, please report this to the maintainers of the package that installed pynvml for you.
  import pynvml  # type: ignore[import]
Warning: You are sending unauthenticated requests to the HF Hub. Please set a HF_TOKEN to enable higher rate limits and faster downloads.
[transformers] `torch_dtype` is deprecated! Use `dtype` instead!
Traceback (most recent call last):
  File ""/scratch/ehmoon/whlee/prefill-layer-alloc/stage1_sm_scaling/../src/profiling/../../src/models/zamba2.py"", line 238, in forward
    y = mamba_chunk_scan_combined(
        x, dt, A, B, C,
    ...<3 lines>...
        dt_softplus=True,
    )
  File ""/home01/ehmoon/.local/lib/python3.14/site-packages/mamba_ssm/ops/triton/ssd_combined.py"", line 643, in mamba_chunk_scan_combined
    return",
40,0.37037037037037035,108,16384,64,262144,6554,99.99389685688129,24,0.006103143118707521,ncu exit code 1,"==WARNING== Note: Running with unmodified GPU clocks. If not controlled otherwise, profiling results may be inconsistent.
==PROF== Connected to process 2508208 (/apps/applications/Miniconda/25.11.1/envs/pytorch_2.9.1_cuda13/bin/python3.14)
Loading Zamba2 from Zyphra/Zamba2-7B-Instruct …
==PROF== Disconnected from process 2508208
==ERROR== The application returned an error code (1).
","/apps/applications/Miniconda/25.11.1/envs/pytorch_2.9.1_cuda13/lib/python3.14/site-packages/torch/cuda/__init__.py:63: FutureWarning: The pynvml package is deprecated. Please install nvidia-ml-py instead. If you did not install pynvml directly, please report this to the maintainers of the package that installed pynvml for you.
  import pynvml  # type: ignore[import]
Warning: You are sending unauthenticated requests to the HF Hub. Please set a HF_TOKEN to enable higher rate limits and faster downloads.
[transformers] `torch_dtype` is deprecated! Use `dtype` instead!
Traceback (most recent call last):
  File ""/scratch/ehmoon/whlee/prefill-layer-alloc/stage1_sm_scaling/../src/profiling/../../src/models/zamba2.py"", line 238, in forward
    y = mamba_chunk_scan_combined(
        x, dt, A, B, C,
    ...<3 lines>...
        dt_softplus=True,
    )
  File ""/home01/ehmoon/.local/lib/python3.14/site-packages/mamba_ssm/ops/triton/ssd_combined.py"", line 643, in mamba_chunk_scan_combined
    return",
40,0.37037037037037035,108,,,1,1,2.5,1,97.5,No kernels captured in ncu output,,,"==WARNING== Note: Running with unmodified GPU clocks. If not controlled otherwise, profiling results may be inconsistent.
==PROF== Connected to process 2508381 (/apps/applications/Miniconda/25.11.1/envs/pytorch_2.9.1_cuda13/bin/python3.14)
Loading Zamba2 from Zyphra/Zamba2-7B-Instruct …
==PROF== Disconnected from process 2508381
==WARNING== No kernels were profiled.
==WARNING== Note that specified NVTX include expressions match only start/end ranges.
==WARNING== Refer https://docs.nvidia.com/nsi"
40,0.37037037037037035,108,,,1,1,2.5,1,97.5,No kernels captured in ncu output,,,"==WARNING== Note: Running with unmodified GPU clocks. If not controlled otherwise, profiling results may be inconsistent.
==PROF== Connected to process 2508883 (/apps/applications/Miniconda/25.11.1/envs/pytorch_2.9.1_cuda13/bin/python3.14)
Loading Zamba2 from Zyphra/Zamba2-7B-Instruct …
==PROF== Disconnected from process 2508883
==WARNING== No kernels were profiled.
==WARNING== Note that specified NVTX include expressions match only start/end ranges.
==WARNING== Refer https://docs.nvidia.com/nsi"
40,0.37037037037037035,108,32768,16,131072,3277,99.99389685688129,32,0.006103143118707521,ncu exit code 1,"==WARNING== Note: Running with unmodified GPU clocks. If not controlled otherwise, profiling results may be inconsistent.
==PROF== Connected to process 2509060 (/apps/applications/Miniconda/25.11.1/envs/pytorch_2.9.1_cuda13/bin/python3.14)
Loading Zamba2 from Zyphra/Zamba2-7B-Instruct …
==PROF== Disconnected from process 2509060
==ERROR== The application returned an error code (1).
","/apps/applications/Miniconda/25.11.1/envs/pytorch_2.9.1_cuda13/lib/python3.14/site-packages/torch/cuda/__init__.py:63: FutureWarning: The pynvml package is deprecated. Please install nvidia-ml-py instead. If you did not install pynvml directly, please report this to the maintainers of the package that installed pynvml for you.
  import pynvml  # type: ignore[import]
Warning: You are sending unauthenticated requests to the HF Hub. Please set a HF_TOKEN to enable higher rate limits and faster downloads.
[transformers] `torch_dtype` is deprecated! Use `dtype` instead!
Traceback (most recent call last):
  File ""/scratch/ehmoon/whlee/prefill-layer-alloc/stage1_sm_scaling/../src/profiling/../../src/models/zamba2.py"", line 238, in forward
    y = mamba_chunk_scan_combined(
        x, dt, A, B, C,
    ...<3 lines>...
        dt_softplus=True,
    )
  File ""/home01/ehmoon/.local/lib/python3.14/site-packages/mamba_ssm/ops/triton/ssd_combined.py"", line 643, in mamba_chunk_scan_combined
    return",
40,0.37037037037037035,108,32768,32,262144,6554,99.99389685688129,24,0.006103143118707521,ncu exit code 1,"==WARNING== Note: Running with unmodified GPU clocks. If not controlled otherwise, profiling results may be inconsistent.
==PROF== Connected to process 2509233 (/apps/applications/Miniconda/25.11.1/envs/pytorch_2.9.1_cuda13/bin/python3.14)
Loading Zamba2 from Zyphra/Zamba2-7B-Instruct …
==PROF== Disconnected from process 2509233
==ERROR== The application returned an error code (1).
","/apps/applications/Miniconda/25.11.1/envs/pytorch_2.9.1_cuda13/lib/python3.14/site-packages/torch/cuda/__init__.py:63: FutureWarning: The pynvml package is deprecated. Please install nvidia-ml-py instead. If you did not install pynvml directly, please report this to the maintainers of the package that installed pynvml for you.
  import pynvml  # type: ignore[import]
[transformers] `torch_dtype` is deprecated! Use `dtype` instead!
Traceback (most recent call last):
  File ""/scratch/ehmoon/whlee/prefill-layer-alloc/stage1_sm_scaling/../src/profiling/../../src/models/zamba2.py"", line 238, in forward
    y = mamba_chunk_scan_combined(
        x, dt, A, B, C,
    ...<3 lines>...
        dt_softplus=True,
    )
  File ""/home01/ehmoon/.local/lib/python3.14/site-packages/mamba_ssm/ops/triton/ssd_combined.py"", line 643, in mamba_chunk_scan_combined
    return MambaChunkScanCombinedFn.apply(x, dt, A, B, C, chunk_size, D, z, dt_bias, initial_states, seq_idx, cu_seqlens, dt_softplus, dt_limit, ret",
40,0.37037037037037035,108,32768,64,524288,13108,99.99389685688129,8,0.006103143118707521,ncu exit code 1,"==WARNING== Note: Running with unmodified GPU clocks. If not controlled otherwise, profiling results may be inconsistent.
==PROF== Connected to process 2509407 (/apps/applications/Miniconda/25.11.1/envs/pytorch_2.9.1_cuda13/bin/python3.14)
Loading Zamba2 from Zyphra/Zamba2-7B-Instruct …
==PROF== Disconnected from process 2509407
==ERROR== The application returned an error code (1).
","/apps/applications/Miniconda/25.11.1/envs/pytorch_2.9.1_cuda13/lib/python3.14/site-packages/torch/cuda/__init__.py:63: FutureWarning: The pynvml package is deprecated. Please install nvidia-ml-py instead. If you did not install pynvml directly, please report this to the maintainers of the package that installed pynvml for you.
  import pynvml  # type: ignore[import]
[transformers] `torch_dtype` is deprecated! Use `dtype` instead!
Traceback (most recent call last):
  File ""/scratch/ehmoon/whlee/prefill-layer-alloc/stage1_sm_scaling/../src/profiling/../../src/models/zamba2.py"", line 238, in forward
    y = mamba_chunk_scan_combined(
        x, dt, A, B, C,
    ...<3 lines>...
        dt_softplus=True,
    )
  File ""/home01/ehmoon/.local/lib/python3.14/site-packages/mamba_ssm/ops/triton/ssd_combined.py"", line 643, in mamba_chunk_scan_combined
    return MambaChunkScanCombinedFn.apply(x, dt, A, B, C, chunk_size, D, z, dt_bias, initial_states, seq_idx, cu_seqlens, dt_softplus, dt_limit, ret",
54,0.5,108,,,1,1,1.8518518518518516,1,98.14814814814815,No kernels captured in ncu output,,,"==WARNING== Note: Running with unmodified GPU clocks. If not controlled otherwise, profiling results may be inconsistent.
==PROF== Connected to process 2509935 (/apps/applications/Miniconda/25.11.1/envs/pytorch_2.9.1_cuda13/bin/python3.14)
Loading Zamba2 from Zyphra/Zamba2-7B-Instruct …
==PROF== Disconnected from process 2509935
==WARNING== No kernels were profiled.
==WARNING== Note that specified NVTX include expressions match only start/end ranges.
==WARNING== Refer https://docs.nvidia.com/nsi"
54,0.5,108,,,1,1,1.8518518518518516,1,98.14814814814815,No kernels captured in ncu output,,,"==WARNING== Note: Running with unmodified GPU clocks. If not controlled otherwise, profiling results may be inconsistent.
==PROF== Connected to process 2510109 (/apps/applications/Miniconda/25.11.1/envs/pytorch_2.9.1_cuda13/bin/python3.14)
Loading Zamba2 from Zyphra/Zamba2-7B-Instruct …
==PROF== Disconnected from process 2510109
==WARNING== No kernels were profiled.
==WARNING== Note that specified NVTX include expressions match only start/end ranges.
==WARNING== Refer https://docs.nvidia.com/nsi"
54,0.5,108,,,1,1,1.8518518518518516,1,98.14814814814815,No kernels captured in ncu output,,,"==WARNING== Note: Running with unmodified GPU clocks. If not controlled otherwise, profiling results may be inconsistent.
==PROF== Connected to process 2510285 (/apps/applications/Miniconda/25.11.1/envs/pytorch_2.9.1_cuda13/bin/python3.14)
Loading Zamba2 from Zyphra/Zamba2-7B-Instruct …
==PROF== Disconnected from process 2510285
==WARNING== No kernels were profiled.
==WARNING== Note that specified NVTX include expressions match only start/end ranges.
==WARNING== Refer https://docs.nvidia.com/nsi"
54,0.5,108,,,1,1,1.8518518518518516,1,98.14814814814815,No kernels captured in ncu output,,,"==WARNING== Note: Running with unmodified GPU clocks. If not controlled otherwise, profiling results may be inconsistent.
==PROF== Connected to process 2510461 (/apps/applications/Miniconda/25.11.1/envs/pytorch_2.9.1_cuda13/bin/python3.14)
Loading Zamba2 from Zyphra/Zamba2-7B-Instruct …
==PROF== Disconnected from process 2510461
==WARNING== No kernels were profiled.
==WARNING== Note that specified NVTX include expressions match only start/end ranges.
==WARNING== Refer https://docs.nvidia.com/nsi"
54,0.5,108,,,1,1,1.8518518518518516,1,98.14814814814815,No kernels captured in ncu output,,,"==WARNING== Note: Running with unmodified GPU clocks. If not controlled otherwise, profiling results may be inconsistent.
==PROF== Connected to process 2510990 (/apps/applications/Miniconda/25.11.1/envs/pytorch_2.9.1_cuda13/bin/python3.14)
Loading Zamba2 from Zyphra/Zamba2-7B-Instruct …
==PROF== Disconnected from process 2510990
==WARNING== No kernels were profiled.
==WARNING== Note that specified NVTX include expressions match only start/end ranges.
==WARNING== Refer https://docs.nvidia.com/nsi"
54,0.5,108,,,1,1,1.8518518518518516,1,98.14814814814815,No kernels captured in ncu output,,,"==WARNING== Note: Running with unmodified GPU clocks. If not controlled otherwise, profiling results may be inconsistent.
==PROF== Connected to process 2511162 (/apps/applications/Miniconda/25.11.1/envs/pytorch_2.9.1_cuda13/bin/python3.14)
Loading Zamba2 from Zyphra/Zamba2-7B-Instruct …
==PROF== Disconnected from process 2511162
==WARNING== No kernels were profiled.
==WARNING== Note that specified NVTX include expressions match only start/end ranges.
==WARNING== Refer https://docs.nvidia.com/nsi"
54,0.5,108,,,1,1,1.8518518518518516,1,98.14814814814815,No kernels captured in ncu output,,,"==WARNING== Note: Running with unmodified GPU clocks. If not controlled otherwise, profiling results may be inconsistent.
==PROF== Connected to process 2511337 (/apps/applications/Miniconda/25.11.1/envs/pytorch_2.9.1_cuda13/bin/python3.14)
Loading Zamba2 from Zyphra/Zamba2-7B-Instruct …
==PROF== Disconnected from process 2511337
==WARNING== No kernels were profiled.
==WARNING== Note that specified NVTX include expressions match only start/end ranges.
==WARNING== Refer https://docs.nvidia.com/nsi"
54,0.5,108,,,1,1,1.8518518518518516,1,98.14814814814815,No kernels captured in ncu output,,,"==WARNING== Note: Running with unmodified GPU clocks. If not controlled otherwise, profiling results may be inconsistent.
==PROF== Connected to process 2511513 (/apps/applications/Miniconda/25.11.1/envs/pytorch_2.9.1_cuda13/bin/python3.14)
Loading Zamba2 from Zyphra/Zamba2-7B-Instruct …
==PROF== Disconnected from process 2511513
==WARNING== No kernels were profiled.
==WARNING== Note that specified NVTX include expressions match only start/end ranges.
==WARNING== Refer https://docs.nvidia.com/nsi"
54,0.5,108,,,1,1,1.8518518518518516,1,98.14814814814815,No kernels captured in ncu output,,,"==WARNING== Note: Running with unmodified GPU clocks. If not controlled otherwise, profiling results may be inconsistent.
==PROF== Connected to process 2512352 (/apps/applications/Miniconda/25.11.1/envs/pytorch_2.9.1_cuda13/bin/python3.14)
Loading Zamba2 from Zyphra/Zamba2-7B-Instruct …
==PROF== Disconnected from process 2512352
==WARNING== No kernels were profiled.
==WARNING== Note that specified NVTX include expressions match only start/end ranges.
==WARNING== Refer https://docs.nvidia.com/nsi"
54,0.5,108,,,1,1,1.8518518518518516,1,98.14814814814815,No kernels captured in ncu output,,,"==WARNING== Note: Running with unmodified GPU clocks. If not controlled otherwise, profiling results may be inconsistent.
==PROF== Connected to process 2512526 (/apps/applications/Miniconda/25.11.1/envs/pytorch_2.9.1_cuda13/bin/python3.14)
Loading Zamba2 from Zyphra/Zamba2-7B-Instruct …
==PROF== Disconnected from process 2512526
==WARNING== No kernels were profiled.
==WARNING== Note that specified NVTX include expressions match only start/end ranges.
==WARNING== Refer https://docs.nvidia.com/nsi"
54,0.5,108,,,1,1,1.8518518518518516,1,98.14814814814815,No kernels captured in ncu output,,,"==WARNING== Note: Running with unmodified GPU clocks. If not controlled otherwise, profiling results may be inconsistent.
==PROF== Connected to process 2512701 (/apps/applications/Miniconda/25.11.1/envs/pytorch_2.9.1_cuda13/bin/python3.14)
Loading Zamba2 from Zyphra/Zamba2-7B-Instruct …
==PROF== Disconnected from process 2512701
==WARNING== No kernels were profiled.
==WARNING== Note that specified NVTX include expressions match only start/end ranges.
==WARNING== Refer https://docs.nvidia.com/nsi"
54,0.5,108,,,1,1,1.8518518518518516,1,98.14814814814815,No kernels captured in ncu output,,,"==WARNING== Note: Running with unmodified GPU clocks. If not controlled otherwise, profiling results may be inconsistent.
==PROF== Connected to process 2513048 (/apps/applications/Miniconda/25.11.1/envs/pytorch_2.9.1_cuda13/bin/python3.14)
Loading Zamba2 from Zyphra/Zamba2-7B-Instruct …
==PROF== Disconnected from process 2513048
==WARNING== No kernels were profiled.
==WARNING== Note that specified NVTX include expressions match only start/end ranges.
==WARNING== Refer https://docs.nvidia.com/nsi"
54,0.5,108,,,1,1,1.8518518518518516,1,98.14814814814815,No kernels captured in ncu output,,,"==WARNING== Note: Running with unmodified GPU clocks. If not controlled otherwise, profiling results may be inconsistent.
==PROF== Connected to process 2513581 (/apps/applications/Miniconda/25.11.1/envs/pytorch_2.9.1_cuda13/bin/python3.14)
Loading Zamba2 from Zyphra/Zamba2-7B-Instruct …
==PROF== Disconnected from process 2513581
==WARNING== No kernels were profiled.
==WARNING== Note that specified NVTX include expressions match only start/end ranges.
==WARNING== Refer https://docs.nvidia.com/nsi"
54,0.5,108,,,1,1,1.8518518518518516,1,98.14814814814815,No kernels captured in ncu output,,,"==WARNING== Note: Running with unmodified GPU clocks. If not controlled otherwise, profiling results may be inconsistent.
==PROF== Connected to process 2513755 (/apps/applications/Miniconda/25.11.1/envs/pytorch_2.9.1_cuda13/bin/python3.14)
Loading Zamba2 from Zyphra/Zamba2-7B-Instruct …
==PROF== Disconnected from process 2513755
==WARNING== No kernels were profiled.
==WARNING== Note that specified NVTX include expressions match only start/end ranges.
==WARNING== Refer https://docs.nvidia.com/nsi"
54,0.5,108,,,1,1,1.8518518518518516,1,98.14814814814815,No kernels captured in ncu output,,,"==WARNING== Note: Running with unmodified GPU clocks. If not controlled otherwise, profiling results may be inconsistent.
==PROF== Connected to process 2513932 (/apps/applications/Miniconda/25.11.1/envs/pytorch_2.9.1_cuda13/bin/python3.14)
Loading Zamba2 from Zyphra/Zamba2-7B-Instruct …
==PROF== Disconnected from process 2513932
==WARNING== No kernels were profiled.
==WARNING== Note that specified NVTX include expressions match only start/end ranges.
==WARNING== Refer https://docs.nvidia.com/nsi"
54,0.5,108,,,1,1,1.8518518518518516,1,98.14814814814815,No kernels captured in ncu output,,,"==WARNING== Note: Running with unmodified GPU clocks. If not controlled otherwise, profiling results may be inconsistent.
==PROF== Connected to process 2514105 (/apps/applications/Miniconda/25.11.1/envs/pytorch_2.9.1_cuda13/bin/python3.14)
Loading Zamba2 from Zyphra/Zamba2-7B-Instruct …
==PROF== Disconnected from process 2514105
==WARNING== No kernels were profiled.
==WARNING== Note that specified NVTX include expressions match only start/end ranges.
==WARNING== Refer https://docs.nvidia.com/nsi"
54,0.5,108,,,1,1,1.8518518518518516,1,98.14814814814815,No kernels captured in ncu output,,,"==WARNING== Note: Running with unmodified GPU clocks. If not controlled otherwise, profiling results may be inconsistent.
==PROF== Connected to process 2514635 (/apps/applications/Miniconda/25.11.1/envs/pytorch_2.9.1_cuda13/bin/python3.14)
Loading Zamba2 from Zyphra/Zamba2-7B-Instruct …
==PROF== Disconnected from process 2514635
==WARNING== No kernels were profiled.
==WARNING== Note that specified NVTX include expressions match only start/end ranges.
==WARNING== Refer https://docs.nvidia.com/nsi"
54,0.5,108,,,1,1,1.8518518518518516,1,98.14814814814815,No kernels captured in ncu output,,,"==WARNING== Note: Running with unmodified GPU clocks. If not controlled otherwise, profiling results may be inconsistent.
==PROF== Connected to process 2514810 (/apps/applications/Miniconda/25.11.1/envs/pytorch_2.9.1_cuda13/bin/python3.14)
Loading Zamba2 from Zyphra/Zamba2-7B-Instruct …
==PROF== Disconnected from process 2514810
==WARNING== No kernels were profiled.
==WARNING== Note that specified NVTX include expressions match only start/end ranges.
==WARNING== Refer https://docs.nvidia.com/nsi"
54,0.5,108,,,1,1,1.8518518518518516,1,98.14814814814815,No kernels captured in ncu output,,,"==WARNING== Note: Running with unmodified GPU clocks. If not controlled otherwise, profiling results may be inconsistent.
==PROF== Connected to process 2514986 (/apps/applications/Miniconda/25.11.1/envs/pytorch_2.9.1_cuda13/bin/python3.14)
Loading Zamba2 from Zyphra/Zamba2-7B-Instruct …
==PROF== Disconnected from process 2514986
==WARNING== No kernels were profiled.
==WARNING== Note that specified NVTX include expressions match only start/end ranges.
==WARNING== Refer https://docs.nvidia.com/nsi"
54,0.5,108,,,1,1,1.8518518518518516,1,98.14814814814815,No kernels captured in ncu output,,,"==WARNING== Note: Running with unmodified GPU clocks. If not controlled otherwise, profiling results may be inconsistent.
==PROF== Connected to process 2515159 (/apps/applications/Miniconda/25.11.1/envs/pytorch_2.9.1_cuda13/bin/python3.14)
Loading Zamba2 from Zyphra/Zamba2-7B-Instruct …
==PROF== Disconnected from process 2515159
==WARNING== No kernels were profiled.
==WARNING== Note that specified NVTX include expressions match only start/end ranges.
==WARNING== Refer https://docs.nvidia.com/nsi"
54,0.5,108,,,1,1,1.8518518518518516,1,98.14814814814815,No kernels captured in ncu output,,,"==WARNING== Note: Running with unmodified GPU clocks. If not controlled otherwise, profiling results may be inconsistent.
==PROF== Connected to process 2515733 (/apps/applications/Miniconda/25.11.1/envs/pytorch_2.9.1_cuda13/bin/python3.14)
Loading Zamba2 from Zyphra/Zamba2-7B-Instruct …
==PROF== Disconnected from process 2515733
==WARNING== No kernels were profiled.
==WARNING== Note that specified NVTX include expressions match only start/end ranges.
==WARNING== Refer https://docs.nvidia.com/nsi"
54,0.5,108,,,1,1,1.8518518518518516,1,98.14814814814815,No kernels captured in ncu output,,,"==WARNING== Note: Running with unmodified GPU clocks. If not controlled otherwise, profiling results may be inconsistent.
==PROF== Connected to process 2515908 (/apps/applications/Miniconda/25.11.1/envs/pytorch_2.9.1_cuda13/bin/python3.14)
Loading Zamba2 from Zyphra/Zamba2-7B-Instruct …
==PROF== Disconnected from process 2515908
==WARNING== No kernels were profiled.
==WARNING== Note that specified NVTX include expressions match only start/end ranges.
==WARNING== Refer https://docs.nvidia.com/nsi"
54,0.5,108,,,1,1,1.8518518518518516,1,98.14814814814815,No kernels captured in ncu output,,,"==WARNING== Note: Running with unmodified GPU clocks. If not controlled otherwise, profiling results may be inconsistent.
==PROF== Connected to process 2516083 (/apps/applications/Miniconda/25.11.1/envs/pytorch_2.9.1_cuda13/bin/python3.14)
Loading Zamba2 from Zyphra/Zamba2-7B-Instruct …
==PROF== Disconnected from process 2516083
==WARNING== No kernels were profiled.
==WARNING== Note that specified NVTX include expressions match only start/end ranges.
==WARNING== Refer https://docs.nvidia.com/nsi"
54,0.5,108,,,1,1,1.8518518518518516,1,98.14814814814815,No kernels captured in ncu output,,,"==WARNING== Note: Running with unmodified GPU clocks. If not controlled otherwise, profiling results may be inconsistent.
==PROF== Connected to process 2516295 (/apps/applications/Miniconda/25.11.1/envs/pytorch_2.9.1_cuda13/bin/python3.14)
Loading Zamba2 from Zyphra/Zamba2-7B-Instruct …
==PROF== Disconnected from process 2516295
==WARNING== No kernels were profiled.
==WARNING== Note that specified NVTX include expressions match only start/end ranges.
==WARNING== Refer https://docs.nvidia.com/nsi"
54,0.5,108,4096,64,65536,1214,99.96949173225944,34,0.030508267740558814,ncu exit code 1,"==WARNING== Note: Running with unmodified GPU clocks. If not controlled otherwise, profiling results may be inconsistent.
==PROF== Connected to process 2516783 (/apps/applications/Miniconda/25.11.1/envs/pytorch_2.9.1_cuda13/bin/python3.14)
Loading Zamba2 from Zyphra/Zamba2-7B-Instruct …
==PROF== Disconnected from process 2516783
==ERROR== The application returned an error code (1).
","/apps/applications/Miniconda/25.11.1/envs/pytorch_2.9.1_cuda13/lib/python3.14/site-packages/torch/cuda/__init__.py:63: FutureWarning: The pynvml package is deprecated. Please install nvidia-ml-py instead. If you did not install pynvml directly, please report this to the maintainers of the package that installed pynvml for you.
  import pynvml  # type: ignore[import]
Warning: You are sending unauthenticated requests to the HF Hub. Please set a HF_TOKEN to enable higher rate limits and faster downloads.
[transformers] `torch_dtype` is deprecated! Use `dtype` instead!
Traceback (most recent call last):
  File ""/scratch/ehmoon/whlee/prefill-layer-alloc/stage1_sm_scaling/../src/profiling/../../src/models/zamba2.py"", line 238, in forward
    y = mamba_chunk_scan_combined(
        x, dt, A, B, C,
    ...<3 lines>...
        dt_softplus=True,
    )
  File ""/home01/ehmoon/.local/lib/python3.14/site-packages/mamba_ssm/ops/triton/ssd_combined.py"", line 643, in mamba_chunk_scan_combined
    return",
54,0.5,108,,,1,1,1.8518518518518516,1,98.14814814814815,No kernels captured in ncu output,,,"==WARNING== Note: Running with unmodified GPU clocks. If not controlled otherwise, profiling results may be inconsistent.
==PROF== Connected to process 2516956 (/apps/applications/Miniconda/25.11.1/envs/pytorch_2.9.1_cuda13/bin/python3.14)
Loading Zamba2 from Zyphra/Zamba2-7B-Instruct …
==PROF== Disconnected from process 2516956
==WARNING== No kernels were profiled.
==WARNING== Note that specified NVTX include expressions match only start/end ranges.
==WARNING== Refer https://docs.nvidia.com/nsi"
54,0.5,108,,,1,1,1.8518518518518516,1,98.14814814814815,No kernels captured in ncu output,,,"==WARNING== Note: Running with unmodified GPU clocks. If not controlled otherwise, profiling results may be inconsistent.
==PROF== Connected to process 2517131 (/apps/applications/Miniconda/25.11.1/envs/pytorch_2.9.1_cuda13/bin/python3.14)
Loading Zamba2 from Zyphra/Zamba2-7B-Instruct …
==PROF== Disconnected from process 2517131
==WARNING== No kernels were profiled.
==WARNING== Note that specified NVTX include expressions match only start/end ranges.
==WARNING== Refer https://docs.nvidia.com/nsi"
54,0.5,108,,,1,1,1.8518518518518516,1,98.14814814814815,No kernels captured in ncu output,,,"==WARNING== Note: Running with unmodified GPU clocks. If not controlled otherwise, profiling results may be inconsistent.
==PROF== Connected to process 2517306 (/apps/applications/Miniconda/25.11.1/envs/pytorch_2.9.1_cuda13/bin/python3.14)
Loading Zamba2 from Zyphra/Zamba2-7B-Instruct …
==PROF== Disconnected from process 2517306
==WARNING== No kernels were profiled.
==WARNING== Note that specified NVTX include expressions match only start/end ranges.
==WARNING== Refer https://docs.nvidia.com/nsi"
54,0.5,108,8192,32,65536,1214,99.96949173225944,34,0.030508267740558814,ncu exit code 1,"==WARNING== Note: Running with unmodified GPU clocks. If not controlled otherwise, profiling results may be inconsistent.
==PROF== Connected to process 2518138 (/apps/applications/Miniconda/25.11.1/envs/pytorch_2.9.1_cuda13/bin/python3.14)
Loading Zamba2 from Zyphra/Zamba2-7B-Instruct …
==PROF== Disconnected from process 2518138
==ERROR== The application returned an error code (1).
","/apps/applications/Miniconda/25.11.1/envs/pytorch_2.9.1_cuda13/lib/python3.14/site-packages/torch/cuda/__init__.py:63: FutureWarning: The pynvml package is deprecated. Please install nvidia-ml-py instead. If you did not install pynvml directly, please report this to the maintainers of the package that installed pynvml for you.
  import pynvml  # type: ignore[import]
Warning: You are sending unauthenticated requests to the HF Hub. Please set a HF_TOKEN to enable higher rate limits and faster downloads.
[transformers] `torch_dtype` is deprecated! Use `dtype` instead!
Traceback (most recent call last):
  File ""/scratch/ehmoon/whlee/prefill-layer-alloc/stage1_sm_scaling/../src/profiling/../../src/models/zamba2.py"", line 238, in forward
    y = mamba_chunk_scan_combined(
        x, dt, A, B, C,
    ...<3 lines>...
        dt_softplus=True,
    )
  File ""/home01/ehmoon/.local/lib/python3.14/site-packages/mamba_ssm/ops/triton/ssd_combined.py"", line 643, in mamba_chunk_scan_combined
    return",
54,0.5,108,8192,64,131072,2428,99.96949173225944,14,0.030508267740558814,ncu exit code 1,"==WARNING== Note: Running with unmodified GPU clocks. If not controlled otherwise, profiling results may be inconsistent.
==PROF== Connected to process 2518311 (/apps/applications/Miniconda/25.11.1/envs/pytorch_2.9.1_cuda13/bin/python3.14)
Loading Zamba2 from Zyphra/Zamba2-7B-Instruct …
==PROF== Disconnected from process 2518311
==ERROR== The application returned an error code (1).
","/apps/applications/Miniconda/25.11.1/envs/pytorch_2.9.1_cuda13/lib/python3.14/site-packages/torch/cuda/__init__.py:63: FutureWarning: The pynvml package is deprecated. Please install nvidia-ml-py instead. If you did not install pynvml directly, please report this to the maintainers of the package that installed pynvml for you.
  import pynvml  # type: ignore[import]
Warning: You are sending unauthenticated requests to the HF Hub. Please set a HF_TOKEN to enable higher rate limits and faster downloads.
[transformers] `torch_dtype` is deprecated! Use `dtype` instead!
Traceback (most recent call last):
  File ""/scratch/ehmoon/whlee/prefill-layer-alloc/stage1_sm_scaling/../src/profiling/../../src/models/zamba2.py"", line 238, in forward
    y = mamba_chunk_scan_combined(
        x, dt, A, B, C,
    ...<3 lines>...
        dt_softplus=True,
    )
  File ""/home01/ehmoon/.local/lib/python3.14/site-packages/mamba_ssm/ops/triton/ssd_combined.py"", line 643, in mamba_chunk_scan_combined
    return",
54,0.5,108,,,1,1,1.8518518518518516,1,98.14814814814815,No kernels captured in ncu output,,,"==WARNING== Note: Running with unmodified GPU clocks. If not controlled otherwise, profiling results may be inconsistent.
==PROF== Connected to process 2518485 (/apps/applications/Miniconda/25.11.1/envs/pytorch_2.9.1_cuda13/bin/python3.14)
Loading Zamba2 from Zyphra/Zamba2-7B-Instruct …
==PROF== Disconnected from process 2518485
==WARNING== No kernels were profiled.
==WARNING== Note that specified NVTX include expressions match only start/end ranges.
==WARNING== Refer https://docs.nvidia.com/nsi"
54,0.5,108,,,1,1,1.8518518518518516,1,98.14814814814815,No kernels captured in ncu output,,,"==WARNING== Note: Running with unmodified GPU clocks. If not controlled otherwise, profiling results may be inconsistent.
==PROF== Connected to process 2518662 (/apps/applications/Miniconda/25.11.1/envs/pytorch_2.9.1_cuda13/bin/python3.14)
Loading Zamba2 from Zyphra/Zamba2-7B-Instruct …
==PROF== Disconnected from process 2518662
==WARNING== No kernels were profiled.
==WARNING== Note that specified NVTX include expressions match only start/end ranges.
==WARNING== Refer https://docs.nvidia.com/nsi"
54,0.5,108,16384,16,65536,1214,99.96949173225944,34,0.030508267740558814,ncu exit code 1,"==WARNING== Note: Running with unmodified GPU clocks. If not controlled otherwise, profiling results may be inconsistent.
==PROF== Connected to process 2519209 (/apps/applications/Miniconda/25.11.1/envs/pytorch_2.9.1_cuda13/bin/python3.14)
Loading Zamba2 from Zyphra/Zamba2-7B-Instruct …
==PROF== Disconnected from process 2519209
==ERROR== The application returned an error code (1).
","/apps/applications/Miniconda/25.11.1/envs/pytorch_2.9.1_cuda13/lib/python3.14/site-packages/torch/cuda/__init__.py:63: FutureWarning: The pynvml package is deprecated. Please install nvidia-ml-py instead. If you did not install pynvml directly, please report this to the maintainers of the package that installed pynvml for you.
  import pynvml  # type: ignore[import]
[transformers] `torch_dtype` is deprecated! Use `dtype` instead!
Traceback (most recent call last):
  File ""/scratch/ehmoon/whlee/prefill-layer-alloc/stage1_sm_scaling/../src/profiling/../../src/models/zamba2.py"", line 238, in forward
    y = mamba_chunk_scan_combined(
        x, dt, A, B, C,
    ...<3 lines>...
        dt_softplus=True,
    )
  File ""/home01/ehmoon/.local/lib/python3.14/site-packages/mamba_ssm/ops/triton/ssd_combined.py"", line 643, in mamba_chunk_scan_combined
    return MambaChunkScanCombinedFn.apply(x, dt, A, B, C, chunk_size, D, z, dt_bias, initial_states, seq_idx, cu_seqlens, dt_softplus, dt_limit, ret",
54,0.5,108,16384,32,131072,2428,99.96949173225944,14,0.030508267740558814,ncu exit code 1,"==WARNING== Note: Running with unmodified GPU clocks. If not controlled otherwise, profiling results may be inconsistent.
==PROF== Connected to process 2519383 (/apps/applications/Miniconda/25.11.1/envs/pytorch_2.9.1_cuda13/bin/python3.14)
Loading Zamba2 from Zyphra/Zamba2-7B-Instruct …
==PROF== Disconnected from process 2519383
==ERROR== The application returned an error code (1).
","/apps/applications/Miniconda/25.11.1/envs/pytorch_2.9.1_cuda13/lib/python3.14/site-packages/torch/cuda/__init__.py:63: FutureWarning: The pynvml package is deprecated. Please install nvidia-ml-py instead. If you did not install pynvml directly, please report this to the maintainers of the package that installed pynvml for you.
  import pynvml  # type: ignore[import]
[transformers] `torch_dtype` is deprecated! Use `dtype` instead!
Traceback (most recent call last):
  File ""/scratch/ehmoon/whlee/prefill-layer-alloc/stage1_sm_scaling/../src/profiling/../../src/models/zamba2.py"", line 238, in forward
    y = mamba_chunk_scan_combined(
        x, dt, A, B, C,
    ...<3 lines>...
        dt_softplus=True,
    )
  File ""/home01/ehmoon/.local/lib/python3.14/site-packages/mamba_ssm/ops/triton/ssd_combined.py"", line 643, in mamba_chunk_scan_combined
    return MambaChunkScanCombinedFn.apply(x, dt, A, B, C, chunk_size, D, z, dt_bias, initial_states, seq_idx, cu_seqlens, dt_softplus, dt_limit, ret",
54,0.5,108,16384,64,262144,4855,99.99008277072129,28,0.00991722927871086,ncu exit code 1,"==WARNING== Note: Running with unmodified GPU clocks. If not controlled otherwise, profiling results may be inconsistent.
==PROF== Connected to process 2519554 (/apps/applications/Miniconda/25.11.1/envs/pytorch_2.9.1_cuda13/bin/python3.14)
Loading Zamba2 from Zyphra/Zamba2-7B-Instruct …
==PROF== Disconnected from process 2519554
==ERROR== The application returned an error code (1).
","/apps/applications/Miniconda/25.11.1/envs/pytorch_2.9.1_cuda13/lib/python3.14/site-packages/torch/cuda/__init__.py:63: FutureWarning: The pynvml package is deprecated. Please install nvidia-ml-py instead. If you did not install pynvml directly, please report this to the maintainers of the package that installed pynvml for you.
  import pynvml  # type: ignore[import]
Warning: You are sending unauthenticated requests to the HF Hub. Please set a HF_TOKEN to enable higher rate limits and faster downloads.
[transformers] `torch_dtype` is deprecated! Use `dtype` instead!
Traceback (most recent call last):
  File ""/scratch/ehmoon/whlee/prefill-layer-alloc/stage1_sm_scaling/../src/profiling/../../src/models/zamba2.py"", line 238, in forward
    y = mamba_chunk_scan_combined(
        x, dt, A, B, C,
    ...<3 lines>...
        dt_softplus=True,
    )
  File ""/home01/ehmoon/.local/lib/python3.14/site-packages/mamba_ssm/ops/triton/ssd_combined.py"", line 643, in mamba_chunk_scan_combined
    return",
54,0.5,108,,,1,1,1.8518518518518516,1,98.14814814814815,No kernels captured in ncu output,,,"==WARNING== Note: Running with unmodified GPU clocks. If not controlled otherwise, profiling results may be inconsistent.
==PROF== Connected to process 2519727 (/apps/applications/Miniconda/25.11.1/envs/pytorch_2.9.1_cuda13/bin/python3.14)
Loading Zamba2 from Zyphra/Zamba2-7B-Instruct …
==PROF== Disconnected from process 2519727
==WARNING== No kernels were profiled.
==WARNING== Note that specified NVTX include expressions match only start/end ranges.
==WARNING== Refer https://docs.nvidia.com/nsi"
54,0.5,108,,,1,1,1.8518518518518516,1,98.14814814814815,No kernels captured in ncu output,,,"==WARNING== Note: Running with unmodified GPU clocks. If not controlled otherwise, profiling results may be inconsistent.
==PROF== Connected to process 2519903 (/apps/applications/Miniconda/25.11.1/envs/pytorch_2.9.1_cuda13/bin/python3.14)
Loading Zamba2 from Zyphra/Zamba2-7B-Instruct …
==PROF== Disconnected from process 2519903
==WARNING== No kernels were profiled.
==WARNING== Note that specified NVTX include expressions match only start/end ranges.
==WARNING== Refer https://docs.nvidia.com/nsi"
54,0.5,108,32768,16,131072,2428,99.96949173225944,14,0.030508267740558814,ncu exit code 1,"==WARNING== Note: Running with unmodified GPU clocks. If not controlled otherwise, profiling results may be inconsistent.
==PROF== Connected to process 2520450 (/apps/applications/Miniconda/25.11.1/envs/pytorch_2.9.1_cuda13/bin/python3.14)
Loading Zamba2 from Zyphra/Zamba2-7B-Instruct …
==PROF== Disconnected from process 2520450
==ERROR== The application returned an error code (1).
","/apps/applications/Miniconda/25.11.1/envs/pytorch_2.9.1_cuda13/lib/python3.14/site-packages/torch/cuda/__init__.py:63: FutureWarning: The pynvml package is deprecated. Please install nvidia-ml-py instead. If you did not install pynvml directly, please report this to the maintainers of the package that installed pynvml for you.
  import pynvml  # type: ignore[import]
Warning: You are sending unauthenticated requests to the HF Hub. Please set a HF_TOKEN to enable higher rate limits and faster downloads.
[transformers] `torch_dtype` is deprecated! Use `dtype` instead!
Traceback (most recent call last):
  File ""/scratch/ehmoon/whlee/prefill-layer-alloc/stage1_sm_scaling/../src/profiling/../../src/models/zamba2.py"", line 238, in forward
    y = mamba_chunk_scan_combined(
        x, dt, A, B, C,
    ...<3 lines>...
        dt_softplus=True,
    )
  File ""/home01/ehmoon/.local/lib/python3.14/site-packages/mamba_ssm/ops/triton/ssd_combined.py"", line 643, in mamba_chunk_scan_combined
    return",
54,0.5,108,32768,32,262144,4855,99.99008277072129,28,0.00991722927871086,ncu exit code 1,"==WARNING== Note: Running with unmodified GPU clocks. If not controlled otherwise, profiling results may be inconsistent.
==PROF== Connected to process 2520622 (/apps/applications/Miniconda/25.11.1/envs/pytorch_2.9.1_cuda13/bin/python3.14)
Loading Zamba2 from Zyphra/Zamba2-7B-Instruct …
==PROF== Disconnected from process 2520622
==ERROR== The application returned an error code (1).
","/apps/applications/Miniconda/25.11.1/envs/pytorch_2.9.1_cuda13/lib/python3.14/site-packages/torch/cuda/__init__.py:63: FutureWarning: The pynvml package is deprecated. Please install nvidia-ml-py instead. If you did not install pynvml directly, please report this to the maintainers of the package that installed pynvml for you.
  import pynvml  # type: ignore[import]
Warning: You are sending unauthenticated requests to the HF Hub. Please set a HF_TOKEN to enable higher rate limits and faster downloads.
[transformers] `torch_dtype` is deprecated! Use `dtype` instead!
Traceback (most recent call last):
  File ""/scratch/ehmoon/whlee/prefill-layer-alloc/stage1_sm_scaling/../src/profiling/../../src/models/zamba2.py"", line 238, in forward
    y = mamba_chunk_scan_combined(
        x, dt, A, B, C,
    ...<3 lines>...
        dt_softplus=True,
    )
  File ""/home01/ehmoon/.local/lib/python3.14/site-packages/mamba_ssm/ops/triton/ssd_combined.py"", line 643, in mamba_chunk_scan_combined
    return",
54,0.5,108,32768,64,524288,9710,99.99008277072129,2,0.00991722927871086,ncu exit code 1,"==WARNING== Note: Running with unmodified GPU clocks. If not controlled otherwise, profiling results may be inconsistent.
==PROF== Connected to process 2520796 (/apps/applications/Miniconda/25.11.1/envs/pytorch_2.9.1_cuda13/bin/python3.14)
Loading Zamba2 from Zyphra/Zamba2-7B-Instruct …
==PROF== Disconnected from process 2520796
==ERROR== The application returned an error code (1).
","/apps/applications/Miniconda/25.11.1/envs/pytorch_2.9.1_cuda13/lib/python3.14/site-packages/torch/cuda/__init__.py:63: FutureWarning: The pynvml package is deprecated. Please install nvidia-ml-py instead. If you did not install pynvml directly, please report this to the maintainers of the package that installed pynvml for you.
  import pynvml  # type: ignore[import]
[transformers] `torch_dtype` is deprecated! Use `dtype` instead!
Traceback (most recent call last):
  File ""/scratch/ehmoon/whlee/prefill-layer-alloc/stage1_sm_scaling/../src/profiling/../../src/models/zamba2.py"", line 238, in forward
    y = mamba_chunk_scan_combined(
        x, dt, A, B, C,
    ...<3 lines>...
        dt_softplus=True,
    )
  File ""/home01/ehmoon/.local/lib/python3.14/site-packages/mamba_ssm/ops/triton/ssd_combined.py"", line 643, in mamba_chunk_scan_combined
    return MambaChunkScanCombinedFn.apply(x, dt, A, B, C, chunk_size, D, z, dt_bias, initial_states, seq_idx, cu_seqlens, dt_softplus, dt_limit, ret",
68,0.6296296296296297,108,,,1,1,1.4705882352941175,1,98.52941176470588,No kernels captured in ncu output,,,"==WARNING== Note: Running with unmodified GPU clocks. If not controlled otherwise, profiling results may be inconsistent.
==PROF== Connected to process 2520970 (/apps/applications/Miniconda/25.11.1/envs/pytorch_2.9.1_cuda13/bin/python3.14)
Loading Zamba2 from Zyphra/Zamba2-7B-Instruct …
==PROF== Disconnected from process 2520970
==WARNING== No kernels were profiled.
==WARNING== Note that specified NVTX include expressions match only start/end ranges.
==WARNING== Refer https://docs.nvidia.com/nsi"
68,0.6296296296296297,108,,,1,1,1.4705882352941175,1,98.52941176470588,No kernels captured in ncu output,,,"==WARNING== Note: Running with unmodified GPU clocks. If not controlled otherwise, profiling results may be inconsistent.
==PROF== Connected to process 2521214 (/apps/applications/Miniconda/25.11.1/envs/pytorch_2.9.1_cuda13/bin/python3.14)
Loading Zamba2 from Zyphra/Zamba2-7B-Instruct …
==PROF== Disconnected from process 2521214
==WARNING== No kernels were profiled.
==WARNING== Note that specified NVTX include expressions match only start/end ranges.
==WARNING== Refer https://docs.nvidia.com/nsi"
68,0.6296296296296297,108,,,1,1,1.4705882352941175,1,98.52941176470588,No kernels captured in ncu output,,,"==WARNING== Note: Running with unmodified GPU clocks. If not controlled otherwise, profiling results may be inconsistent.
==PROF== Connected to process 2521666 (/apps/applications/Miniconda/25.11.1/envs/pytorch_2.9.1_cuda13/bin/python3.14)
Loading Zamba2 from Zyphra/Zamba2-7B-Instruct …
==PROF== Disconnected from process 2521666
==WARNING== No kernels were profiled.
==WARNING== Note that specified NVTX include expressions match only start/end ranges.
==WARNING== Refer https://docs.nvidia.com/nsi"
68,0.6296296296296297,108,,,1,1,1.4705882352941175,1,98.52941176470588,No kernels captured in ncu output,,,"==WARNING== Note: Running with unmodified GPU clocks. If not controlled otherwise, profiling results may be inconsistent.
==PROF== Connected to process 2521840 (/apps/applications/Miniconda/25.11.1/envs/pytorch_2.9.1_cuda13/bin/python3.14)
Loading Zamba2 from Zyphra/Zamba2-7B-Instruct …
==PROF== Disconnected from process 2521840
==WARNING== No kernels were profiled.
==WARNING== Note that specified NVTX include expressions match only start/end ranges.
==WARNING== Refer https://docs.nvidia.com/nsi"
68,0.6296296296296297,108,,,1,1,1.4705882352941175,1,98.52941176470588,No kernels captured in ncu output,,,"==WARNING== Note: Running with unmodified GPU clocks. If not controlled otherwise, profiling results may be inconsistent.
==PROF== Connected to process 2522015 (/apps/applications/Miniconda/25.11.1/envs/pytorch_2.9.1_cuda13/bin/python3.14)
Loading Zamba2 from Zyphra/Zamba2-7B-Instruct …
==PROF== Disconnected from process 2522015
==WARNING== No kernels were profiled.
==WARNING== Note that specified NVTX include expressions match only start/end ranges.
==WARNING== Refer https://docs.nvidia.com/nsi"
68,0.6296296296296297,108,,,1,1,1.4705882352941175,1,98.52941176470588,No kernels captured in ncu output,,,"==WARNING== Note: Running with unmodified GPU clocks. If not controlled otherwise, profiling results may be inconsistent.
==PROF== Connected to process 2522193 (/apps/applications/Miniconda/25.11.1/envs/pytorch_2.9.1_cuda13/bin/python3.14)
Loading Zamba2 from Zyphra/Zamba2-7B-Instruct …
==PROF== Disconnected from process 2522193
==WARNING== No kernels were profiled.
==WARNING== Note that specified NVTX include expressions match only start/end ranges.
==WARNING== Refer https://docs.nvidia.com/nsi"
68,0.6296296296296297,108,,,1,1,1.4705882352941175,1,98.52941176470588,No kernels captured in ncu output,,,"==WARNING== Note: Running with unmodified GPU clocks. If not controlled otherwise, profiling results may be inconsistent.
==PROF== Connected to process 2522717 (/apps/applications/Miniconda/25.11.1/envs/pytorch_2.9.1_cuda13/bin/python3.14)
Loading Zamba2 from Zyphra/Zamba2-7B-Instruct …
==PROF== Disconnected from process 2522717
==WARNING== No kernels were profiled.
==WARNING== Note that specified NVTX include expressions match only start/end ranges.
==WARNING== Refer https://docs.nvidia.com/nsi"
68,0.6296296296296297,108,,,1,1,1.4705882352941175,1,98.52941176470588,No kernels captured in ncu output,,,"==WARNING== Note: Running with unmodified GPU clocks. If not controlled otherwise, profiling results may be inconsistent.
==PROF== Connected to process 2522892 (/apps/applications/Miniconda/25.11.1/envs/pytorch_2.9.1_cuda13/bin/python3.14)
Loading Zamba2 from Zyphra/Zamba2-7B-Instruct …
==PROF== Disconnected from process 2522892
==WARNING== No kernels were profiled.
==WARNING== Note that specified NVTX include expressions match only start/end ranges.
==WARNING== Refer https://docs.nvidia.com/nsi"
68,0.6296296296296297,108,,,1,1,1.4705882352941175,1,98.52941176470588,No kernels captured in ncu output,,,"==WARNING== Note: Running with unmodified GPU clocks. If not controlled otherwise, profiling results may be inconsistent.
==PROF== Connected to process 2523067 (/apps/applications/Miniconda/25.11.1/envs/pytorch_2.9.1_cuda13/bin/python3.14)
Loading Zamba2 from Zyphra/Zamba2-7B-Instruct …
==PROF== Disconnected from process 2523067
==WARNING== No kernels were profiled.
==WARNING== Note that specified NVTX include expressions match only start/end ranges.
==WARNING== Refer https://docs.nvidia.com/nsi"
68,0.6296296296296297,108,,,1,1,1.4705882352941175,1,98.52941176470588,No kernels captured in ncu output,,,"==WARNING== Note: Running with unmodified GPU clocks. If not controlled otherwise, profiling results may be inconsistent.
==PROF== Connected to process 2523242 (/apps/applications/Miniconda/25.11.1/envs/pytorch_2.9.1_cuda13/bin/python3.14)
Loading Zamba2 from Zyphra/Zamba2-7B-Instruct …
==PROF== Disconnected from process 2523242
==WARNING== No kernels were profiled.
==WARNING== Note that specified NVTX include expressions match only start/end ranges.
==WARNING== Refer https://docs.nvidia.com/nsi"
68,0.6296296296296297,108,,,1,1,1.4705882352941175,1,98.52941176470588,No kernels captured in ncu output,,,"==WARNING== Note: Running with unmodified GPU clocks. If not controlled otherwise, profiling results may be inconsistent.
==PROF== Connected to process 2524075 (/apps/applications/Miniconda/25.11.1/envs/pytorch_2.9.1_cuda13/bin/python3.14)
Loading Zamba2 from Zyphra/Zamba2-7B-Instruct …
==PROF== Disconnected from process 2524075
==WARNING== No kernels were profiled.
==WARNING== Note that specified NVTX include expressions match only start/end ranges.
==WARNING== Refer https://docs.nvidia.com/nsi"
68,0.6296296296296297,108,,,1,1,1.4705882352941175,1,98.52941176470588,No kernels captured in ncu output,,,"==WARNING== Note: Running with unmodified GPU clocks. If not controlled otherwise, profiling results may be inconsistent.
==PROF== Connected to process 2524251 (/apps/applications/Miniconda/25.11.1/envs/pytorch_2.9.1_cuda13/bin/python3.14)
Loading Zamba2 from Zyphra/Zamba2-7B-Instruct …
==PROF== Disconnected from process 2524251
==WARNING== No kernels were profiled.
==WARNING== Note that specified NVTX include expressions match only start/end ranges.
==WARNING== Refer https://docs.nvidia.com/nsi"
68,0.6296296296296297,108,,,1,1,1.4705882352941175,1,98.52941176470588,No kernels captured in ncu output,,,"==WARNING== Note: Running with unmodified GPU clocks. If not controlled otherwise, profiling results may be inconsistent.
==PROF== Connected to process 2524426 (/apps/applications/Miniconda/25.11.1/envs/pytorch_2.9.1_cuda13/bin/python3.14)
Loading Zamba2 from Zyphra/Zamba2-7B-Instruct …
==PROF== Disconnected from process 2524426
==WARNING== No kernels were profiled.
==WARNING== Note that specified NVTX include expressions match only start/end ranges.
==WARNING== Refer https://docs.nvidia.com/nsi"
68,0.6296296296296297,108,,,1,1,1.4705882352941175,1,98.52941176470588,No kernels captured in ncu output,,,"==WARNING== Note: Running with unmodified GPU clocks. If not controlled otherwise, profiling results may be inconsistent.
==PROF== Connected to process 2524772 (/apps/applications/Miniconda/25.11.1/envs/pytorch_2.9.1_cuda13/bin/python3.14)
Loading Zamba2 from Zyphra/Zamba2-7B-Instruct …
==PROF== Disconnected from process 2524772
==WARNING== No kernels were profiled.
==WARNING== Note that specified NVTX include expressions match only start/end ranges.
==WARNING== Refer https://docs.nvidia.com/nsi"
68,0.6296296296296297,108,,,1,1,1.4705882352941175,1,98.52941176470588,No kernels captured in ncu output,,,"==WARNING== Note: Running with unmodified GPU clocks. If not controlled otherwise, profiling results may be inconsistent.
==PROF== Connected to process 2525320 (/apps/applications/Miniconda/25.11.1/envs/pytorch_2.9.1_cuda13/bin/python3.14)
Loading Zamba2 from Zyphra/Zamba2-7B-Instruct …
==PROF== Disconnected from process 2525320
==WARNING== No kernels were profiled.
==WARNING== Note that specified NVTX include expressions match only start/end ranges.
==WARNING== Refer https://docs.nvidia.com/nsi"
68,0.6296296296296297,108,,,1,1,1.4705882352941175,1,98.52941176470588,No kernels captured in ncu output,,,"==WARNING== Note: Running with unmodified GPU clocks. If not controlled otherwise, profiling results may be inconsistent.
==PROF== Connected to process 2525497 (/apps/applications/Miniconda/25.11.1/envs/pytorch_2.9.1_cuda13/bin/python3.14)
Loading Zamba2 from Zyphra/Zamba2-7B-Instruct …
==PROF== Disconnected from process 2525497
==WARNING== No kernels were profiled.
==WARNING== Note that specified NVTX include expressions match only start/end ranges.
==WARNING== Refer https://docs.nvidia.com/nsi"
68,0.6296296296296297,108,,,1,1,1.4705882352941175,1,98.52941176470588,No kernels captured in ncu output,,,"==WARNING== Note: Running with unmodified GPU clocks. If not controlled otherwise, profiling results may be inconsistent.
==PROF== Connected to process 2525672 (/apps/applications/Miniconda/25.11.1/envs/pytorch_2.9.1_cuda13/bin/python3.14)
Loading Zamba2 from Zyphra/Zamba2-7B-Instruct …
==PROF== Disconnected from process 2525672
==WARNING== No kernels were profiled.
==WARNING== Note that specified NVTX include expressions match only start/end ranges.
==WARNING== Refer https://docs.nvidia.com/nsi"
68,0.6296296296296297,108,,,1,1,1.4705882352941175,1,98.52941176470588,No kernels captured in ncu output,,,"==WARNING== Note: Running with unmodified GPU clocks. If not controlled otherwise, profiling results may be inconsistent.
==PROF== Connected to process 2525845 (/apps/applications/Miniconda/25.11.1/envs/pytorch_2.9.1_cuda13/bin/python3.14)
Loading Zamba2 from Zyphra/Zamba2-7B-Instruct …
==PROF== Disconnected from process 2525845
==WARNING== No kernels were profiled.
==WARNING== Note that specified NVTX include expressions match only start/end ranges.
==WARNING== Refer https://docs.nvidia.com/nsi"
68,0.6296296296296297,108,,,1,1,1.4705882352941175,1,98.52941176470588,No kernels captured in ncu output,,,"==WARNING== Note: Running with unmodified GPU clocks. If not controlled otherwise, profiling results may be inconsistent.
==PROF== Connected to process 2526394 (/apps/applications/Miniconda/25.11.1/envs/pytorch_2.9.1_cuda13/bin/python3.14)
Loading Zamba2 from Zyphra/Zamba2-7B-Instruct …
==PROF== Disconnected from process 2526394
==WARNING== No kernels were profiled.
==WARNING== Note that specified NVTX include expressions match only start/end ranges.
==WARNING== Refer https://docs.nvidia.com/nsi"
68,0.6296296296296297,108,,,1,1,1.4705882352941175,1,98.52941176470588,No kernels captured in ncu output,,,"==WARNING== Note: Running with unmodified GPU clocks. If not controlled otherwise, profiling results may be inconsistent.
==PROF== Connected to process 2526569 (/apps/applications/Miniconda/25.11.1/envs/pytorch_2.9.1_cuda13/bin/python3.14)
Loading Zamba2 from Zyphra/Zamba2-7B-Instruct …
==PROF== Disconnected from process 2526569
==WARNING== No kernels were profiled.
==WARNING== Note that specified NVTX include expressions match only start/end ranges.
==WARNING== Refer https://docs.nvidia.com/nsi"
68,0.6296296296296297,108,,,1,1,1.4705882352941175,1,98.52941176470588,No kernels captured in ncu output,,,"==WARNING== Note: Running with unmodified GPU clocks. If not controlled otherwise, profiling results may be inconsistent.
==PROF== Connected to process 2526745 (/apps/applications/Miniconda/25.11.1/envs/pytorch_2.9.1_cuda13/bin/python3.14)
Loading Zamba2 from Zyphra/Zamba2-7B-Instruct …
==PROF== Disconnected from process 2526745
==WARNING== No kernels were profiled.
==WARNING== Note that specified NVTX include expressions match only start/end ranges.
==WARNING== Refer https://docs.nvidia.com/nsi"
68,0.6296296296296297,108,,,1,1,1.4705882352941175,1,98.52941176470588,No kernels captured in ncu output,,,"==WARNING== Note: Running with unmodified GPU clocks. If not controlled otherwise, profiling results may be inconsistent.
==PROF== Connected to process 2526920 (/apps/applications/Miniconda/25.11.1/envs/pytorch_2.9.1_cuda13/bin/python3.14)
Loading Zamba2 from Zyphra/Zamba2-7B-Instruct …
==PROF== Disconnected from process 2526920
==WARNING== No kernels were profiled.
==WARNING== Note that specified NVTX include expressions match only start/end ranges.
==WARNING== Refer https://docs.nvidia.com/nsi"
68,0.6296296296296297,108,,,1,1,1.4705882352941175,1,98.52941176470588,No kernels captured in ncu output,,,"==WARNING== Note: Running with unmodified GPU clocks. If not controlled otherwise, profiling results may be inconsistent.
==PROF== Connected to process 2527440 (/apps/applications/Miniconda/25.11.1/envs/pytorch_2.9.1_cuda13/bin/python3.14)
Loading Zamba2 from Zyphra/Zamba2-7B-Instruct …
==PROF== Disconnected from process 2527440
==WARNING== No kernels were profiled.
==WARNING== Note that specified NVTX include expressions match only start/end ranges.
==WARNING== Refer https://docs.nvidia.com/nsi"
68,0.6296296296296297,108,,,1,1,1.4705882352941175,1,98.52941176470588,No kernels captured in ncu output,,,"==WARNING== Note: Running with unmodified GPU clocks. If not controlled otherwise, profiling results may be inconsistent.
==PROF== Connected to process 2527615 (/apps/applications/Miniconda/25.11.1/envs/pytorch_2.9.1_cuda13/bin/python3.14)
Loading Zamba2 from Zyphra/Zamba2-7B-Instruct …
==PROF== Disconnected from process 2527615
==WARNING== No kernels were profiled.
==WARNING== Note that specified NVTX include expressions match only start/end ranges.
==WARNING== Refer https://docs.nvidia.com/nsi"
68,0.6296296296296297,108,4096,64,65536,964,99.97559189650964,52,0.024408103490358712,ncu exit code 1,"==WARNING== Note: Running with unmodified GPU clocks. If not controlled otherwise, profiling results may be inconsistent.
==PROF== Connected to process 2527793 (/apps/applications/Miniconda/25.11.1/envs/pytorch_2.9.1_cuda13/bin/python3.14)
Loading Zamba2 from Zyphra/Zamba2-7B-Instruct …
==PROF== Disconnected from process 2527793
==ERROR== The application returned an error code (1).
","/apps/applications/Miniconda/25.11.1/envs/pytorch_2.9.1_cuda13/lib/python3.14/site-packages/torch/cuda/__init__.py:63: FutureWarning: The pynvml package is deprecated. Please install nvidia-ml-py instead. If you did not install pynvml directly, please report this to the maintainers of the package that installed pynvml for you.
  import pynvml  # type: ignore[import]
[transformers] `torch_dtype` is deprecated! Use `dtype` instead!
Traceback (most recent call last):
  File ""/scratch/ehmoon/whlee/prefill-layer-alloc/stage1_sm_scaling/../src/profiling/../../src/models/zamba2.py"", line 238, in forward
    y = mamba_chunk_scan_combined(
        x, dt, A, B, C,
    ...<3 lines>...
        dt_softplus=True,
    )
  File ""/home01/ehmoon/.local/lib/python3.14/site-packages/mamba_ssm/ops/triton/ssd_combined.py"", line 643, in mamba_chunk_scan_combined
    return MambaChunkScanCombinedFn.apply(x, dt, A, B, C, chunk_size, D, z, dt_bias, initial_states, seq_idx, cu_seqlens, dt_softplus, dt_limit, ret",
68,0.6296296296296297,108,,,1,1,1.4705882352941175,1,98.52941176470588,No kernels captured in ncu output,,,"==WARNING== Note: Running with unmodified GPU clocks. If not controlled otherwise, profiling results may be inconsistent.
==PROF== Connected to process 2527965 (/apps/applications/Miniconda/25.11.1/envs/pytorch_2.9.1_cuda13/bin/python3.14)
Loading Zamba2 from Zyphra/Zamba2-7B-Instruct …
==PROF== Disconnected from process 2527965
==WARNING== No kernels were profiled.
==WARNING== Note that specified NVTX include expressions match only start/end ranges.
==WARNING== Refer https://docs.nvidia.com/nsi"
68,0.6296296296296297,108,,,1,1,1.4705882352941175,1,98.52941176470588,No kernels captured in ncu output,,,"==WARNING== Note: Running with unmodified GPU clocks. If not controlled otherwise, profiling results may be inconsistent.
==PROF== Connected to process 2528511 (/apps/applications/Miniconda/25.11.1/envs/pytorch_2.9.1_cuda13/bin/python3.14)
Loading Zamba2 from Zyphra/Zamba2-7B-Instruct …
==PROF== Disconnected from process 2528511
==WARNING== No kernels were profiled.
==WARNING== Note that specified NVTX include expressions match only start/end ranges.
==WARNING== Refer https://docs.nvidia.com/nsi"
68,0.6296296296296297,108,,,1,1,1.4705882352941175,1,98.52941176470588,No kernels captured in ncu output,,,"==WARNING== Note: Running with unmodified GPU clocks. If not controlled otherwise, profiling results may be inconsistent.
==PROF== Connected to process 2528688 (/apps/applications/Miniconda/25.11.1/envs/pytorch_2.9.1_cuda13/bin/python3.14)
Loading Zamba2 from Zyphra/Zamba2-7B-Instruct …
==PROF== Disconnected from process 2528688
==WARNING== No kernels were profiled.
==WARNING== Note that specified NVTX include expressions match only start/end ranges.
==WARNING== Refer https://docs.nvidia.com/nsi"
68,0.6296296296296297,108,8192,32,65536,964,99.97559189650964,52,0.024408103490358712,ncu exit code 1,"==WARNING== Note: Running with unmodified GPU clocks. If not controlled otherwise, profiling results may be inconsistent.
==PROF== Connected to process 2528864 (/apps/applications/Miniconda/25.11.1/envs/pytorch_2.9.1_cuda13/bin/python3.14)
Loading Zamba2 from Zyphra/Zamba2-7B-Instruct …
==PROF== Disconnected from process 2528864
==ERROR== The application returned an error code (1).
","/apps/applications/Miniconda/25.11.1/envs/pytorch_2.9.1_cuda13/lib/python3.14/site-packages/torch/cuda/__init__.py:63: FutureWarning: The pynvml package is deprecated. Please install nvidia-ml-py instead. If you did not install pynvml directly, please report this to the maintainers of the package that installed pynvml for you.
  import pynvml  # type: ignore[import]
[transformers] `torch_dtype` is deprecated! Use `dtype` instead!
Traceback (most recent call last):
  File ""/scratch/ehmoon/whlee/prefill-layer-alloc/stage1_sm_scaling/../src/profiling/../../src/models/zamba2.py"", line 238, in forward
    y = mamba_chunk_scan_combined(
        x, dt, A, B, C,
    ...<3 lines>...
        dt_softplus=True,
    )
  File ""/home01/ehmoon/.local/lib/python3.14/site-packages/mamba_ssm/ops/triton/ssd_combined.py"", line 643, in mamba_chunk_scan_combined
    return MambaChunkScanCombinedFn.apply(x, dt, A, B, C, chunk_size, D, z, dt_bias, initial_states, seq_idx, cu_seqlens, dt_softplus, dt_limit, ret",
68,0.6296296296296297,108,8192,64,131072,1928,99.97559189650964,36,0.024408103490358712,ncu exit code 1,"==WARNING== Note: Running with unmodified GPU clocks. If not controlled otherwise, profiling results may be inconsistent.
==PROF== Connected to process 2529037 (/apps/applications/Miniconda/25.11.1/envs/pytorch_2.9.1_cuda13/bin/python3.14)
Loading Zamba2 from Zyphra/Zamba2-7B-Instruct …
==PROF== Disconnected from process 2529037
==ERROR== The application returned an error code (1).
","/apps/applications/Miniconda/25.11.1/envs/pytorch_2.9.1_cuda13/lib/python3.14/site-packages/torch/cuda/__init__.py:63: FutureWarning: The pynvml package is deprecated. Please install nvidia-ml-py instead. If you did not install pynvml directly, please report this to the maintainers of the package that installed pynvml for you.
  import pynvml  # type: ignore[import]
Warning: You are sending unauthenticated requests to the HF Hub. Please set a HF_TOKEN to enable higher rate limits and faster downloads.
[transformers] `torch_dtype` is deprecated! Use `dtype` instead!
Traceback (most recent call last):
  File ""/scratch/ehmoon/whlee/prefill-layer-alloc/stage1_sm_scaling/../src/profiling/../../src/models/zamba2.py"", line 238, in forward
    y = mamba_chunk_scan_combined(
        x, dt, A, B, C,
    ...<3 lines>...
        dt_softplus=True,
    )
  File ""/home01/ehmoon/.local/lib/python3.14/site-packages/mamba_ssm/ops/triton/ssd_combined.py"", line 643, in mamba_chunk_scan_combined
    return",
68,0.6296296296296297,108,,,1,1,1.4705882352941175,1,98.52941176470588,No kernels captured in ncu output,,,"==WARNING== Note: Running with unmodified GPU clocks. If not controlled otherwise, profiling results may be inconsistent.
==PROF== Connected to process 2529891 (/apps/applications/Miniconda/25.11.1/envs/pytorch_2.9.1_cuda13/bin/python3.14)
Loading Zamba2 from Zyphra/Zamba2-7B-Instruct …
==PROF== Disconnected from process 2529891
==WARNING== No kernels were profiled.
==WARNING== Note that specified NVTX include expressions match only start/end ranges.
==WARNING== Refer https://docs.nvidia.com/nsi"
68,0.6296296296296297,108,,,1,1,1.4705882352941175,1,98.52941176470588,No kernels captured in ncu output,,,"==WARNING== Note: Running with unmodified GPU clocks. If not controlled otherwise, profiling results may be inconsistent.
==PROF== Connected to process 2530069 (/apps/applications/Miniconda/25.11.1/envs/pytorch_2.9.1_cuda13/bin/python3.14)
Loading Zamba2 from Zyphra/Zamba2-7B-Instruct …
==PROF== Disconnected from process 2530069
==WARNING== No kernels were profiled.
==WARNING== Note that specified NVTX include expressions match only start/end ranges.
==WARNING== Refer https://docs.nvidia.com/nsi"
68,0.6296296296296297,108,16384,16,65536,964,99.97559189650964,52,0.024408103490358712,ncu exit code 1,"==WARNING== Note: Running with unmodified GPU clocks. If not controlled otherwise, profiling results may be inconsistent.
==PROF== Connected to process 2530245 (/apps/applications/Miniconda/25.11.1/envs/pytorch_2.9.1_cuda13/bin/python3.14)
Loading Zamba2 from Zyphra/Zamba2-7B-Instruct …
==PROF== Disconnected from process 2530245
==ERROR== The application returned an error code (1).
","/apps/applications/Miniconda/25.11.1/envs/pytorch_2.9.1_cuda13/lib/python3.14/site-packages/torch/cuda/__init__.py:63: FutureWarning: The pynvml package is deprecated. Please install nvidia-ml-py instead. If you did not install pynvml directly, please report this to the maintainers of the package that installed pynvml for you.
  import pynvml  # type: ignore[import]
Warning: You are sending unauthenticated requests to the HF Hub. Please set a HF_TOKEN to enable higher rate limits and faster downloads.
[transformers] `torch_dtype` is deprecated! Use `dtype` instead!
Traceback (most recent call last):
  File ""/scratch/ehmoon/whlee/prefill-layer-alloc/stage1_sm_scaling/../src/profiling/../../src/models/zamba2.py"", line 238, in forward
    y = mamba_chunk_scan_combined(
        x, dt, A, B, C,
    ...<3 lines>...
        dt_softplus=True,
    )
  File ""/home01/ehmoon/.local/lib/python3.14/site-packages/mamba_ssm/ops/triton/ssd_combined.py"", line 643, in mamba_chunk_scan_combined
    return",
68,0.6296296296296297,108,16384,32,131072,1928,99.97559189650964,36,0.024408103490358712,ncu exit code 1,"==WARNING== Note: Running with unmodified GPU clocks. If not controlled otherwise, profiling results may be inconsistent.
==PROF== Connected to process 2530418 (/apps/applications/Miniconda/25.11.1/envs/pytorch_2.9.1_cuda13/bin/python3.14)
Loading Zamba2 from Zyphra/Zamba2-7B-Instruct …
==PROF== Disconnected from process 2530418
==ERROR== The application returned an error code (1).
","/apps/applications/Miniconda/25.11.1/envs/pytorch_2.9.1_cuda13/lib/python3.14/site-packages/torch/cuda/__init__.py:63: FutureWarning: The pynvml package is deprecated. Please install nvidia-ml-py instead. If you did not install pynvml directly, please report this to the maintainers of the package that installed pynvml for you.
  import pynvml  # type: ignore[import]
Warning: You are sending unauthenticated requests to the HF Hub. Please set a HF_TOKEN to enable higher rate limits and faster downloads.
[transformers] `torch_dtype` is deprecated! Use `dtype` instead!
Traceback (most recent call last):
  File ""/scratch/ehmoon/whlee/prefill-layer-alloc/stage1_sm_scaling/../src/profiling/../../src/models/zamba2.py"", line 238, in forward
    y = mamba_chunk_scan_combined(
        x, dt, A, B, C,
    ...<3 lines>...
        dt_softplus=True,
    )
  File ""/home01/ehmoon/.local/lib/python3.14/site-packages/mamba_ssm/ops/triton/ssd_combined.py"", line 643, in mamba_chunk_scan_combined
    return",
68,0.6296296296296297,108,16384,64,262144,3856,99.97559189650964,4,0.024408103490358712,ncu exit code 1,"==WARNING== Note: Running with unmodified GPU clocks. If not controlled otherwise, profiling results may be inconsistent.
==PROF== Connected to process 2530591 (/apps/applications/Miniconda/25.11.1/envs/pytorch_2.9.1_cuda13/bin/python3.14)
Loading Zamba2 from Zyphra/Zamba2-7B-Instruct …
==PROF== Disconnected from process 2530591
==ERROR== The application returned an error code (1).
","/apps/applications/Miniconda/25.11.1/envs/pytorch_2.9.1_cuda13/lib/python3.14/site-packages/torch/cuda/__init__.py:63: FutureWarning: The pynvml package is deprecated. Please install nvidia-ml-py instead. If you did not install pynvml directly, please report this to the maintainers of the package that installed pynvml for you.
  import pynvml  # type: ignore[import]
Warning: You are sending unauthenticated requests to the HF Hub. Please set a HF_TOKEN to enable higher rate limits and faster downloads.
[transformers] `torch_dtype` is deprecated! Use `dtype` instead!
Traceback (most recent call last):
  File ""/scratch/ehmoon/whlee/prefill-layer-alloc/stage1_sm_scaling/../src/profiling/../../src/models/zamba2.py"", line 238, in forward
    y = mamba_chunk_scan_combined(
        x, dt, A, B, C,
    ...<3 lines>...
        dt_softplus=True,
    )
  File ""/home01/ehmoon/.local/lib/python3.14/site-packages/mamba_ssm/ops/triton/ssd_combined.py"", line 643, in mamba_chunk_scan_combined
    return",
68,0.6296296296296297,108,,,1,1,1.4705882352941175,1,98.52941176470588,No kernels captured in ncu output,,,"==WARNING== Note: Running with unmodified GPU clocks. If not controlled otherwise, profiling results may be inconsistent.
==PROF== Connected to process 2531133 (/apps/applications/Miniconda/25.11.1/envs/pytorch_2.9.1_cuda13/bin/python3.14)
Loading Zamba2 from Zyphra/Zamba2-7B-Instruct …
==PROF== Disconnected from process 2531133
==WARNING== No kernels were profiled.
==WARNING== Note that specified NVTX include expressions match only start/end ranges.
==WARNING== Refer https://docs.nvidia.com/nsi"
68,0.6296296296296297,108,,,1,1,1.4705882352941175,1,98.52941176470588,No kernels captured in ncu output,,,"==WARNING== Note: Running with unmodified GPU clocks. If not controlled otherwise, profiling results may be inconsistent.
==PROF== Connected to process 2531310 (/apps/applications/Miniconda/25.11.1/envs/pytorch_2.9.1_cuda13/bin/python3.14)
Loading Zamba2 from Zyphra/Zamba2-7B-Instruct …
==PROF== Disconnected from process 2531310
==WARNING== No kernels were profiled.
==WARNING== Note that specified NVTX include expressions match only start/end ranges.
==WARNING== Refer https://docs.nvidia.com/nsi"
68,0.6296296296296297,108,32768,16,131072,1928,99.97559189650964,36,0.024408103490358712,ncu exit code 1,"==WARNING== Note: Running with unmodified GPU clocks. If not controlled otherwise, profiling results may be inconsistent.
==PROF== Connected to process 2531486 (/apps/applications/Miniconda/25.11.1/envs/pytorch_2.9.1_cuda13/bin/python3.14)
Loading Zamba2 from Zyphra/Zamba2-7B-Instruct …
==PROF== Disconnected from process 2531486
==ERROR== The application returned an error code (1).
","/apps/applications/Miniconda/25.11.1/envs/pytorch_2.9.1_cuda13/lib/python3.14/site-packages/torch/cuda/__init__.py:63: FutureWarning: The pynvml package is deprecated. Please install nvidia-ml-py instead. If you did not install pynvml directly, please report this to the maintainers of the package that installed pynvml for you.
  import pynvml  # type: ignore[import]
Warning: You are sending unauthenticated requests to the HF Hub. Please set a HF_TOKEN to enable higher rate limits and faster downloads.
[transformers] `torch_dtype` is deprecated! Use `dtype` instead!
Traceback (most recent call last):
  File ""/scratch/ehmoon/whlee/prefill-layer-alloc/stage1_sm_scaling/../src/profiling/../../src/models/zamba2.py"", line 238, in forward
    y = mamba_chunk_scan_combined(
        x, dt, A, B, C,
    ...<3 lines>...
        dt_softplus=True,
    )
  File ""/home01/ehmoon/.local/lib/python3.14/site-packages/mamba_ssm/ops/triton/ssd_combined.py"", line 643, in mamba_chunk_scan_combined
    return",
68,0.6296296296296297,108,32768,32,262144,3856,99.97559189650964,4,0.024408103490358712,ncu exit code 1,"==WARNING== Note: Running with unmodified GPU clocks. If not controlled otherwise, profiling results may be inconsistent.
==PROF== Connected to process 2531660 (/apps/applications/Miniconda/25.11.1/envs/pytorch_2.9.1_cuda13/bin/python3.14)
Loading Zamba2 from Zyphra/Zamba2-7B-Instruct …
==PROF== Disconnected from process 2531660
==ERROR== The application returned an error code (1).
","/apps/applications/Miniconda/25.11.1/envs/pytorch_2.9.1_cuda13/lib/python3.14/site-packages/torch/cuda/__init__.py:63: FutureWarning: The pynvml package is deprecated. Please install nvidia-ml-py instead. If you did not install pynvml directly, please report this to the maintainers of the package that installed pynvml for you.
  import pynvml  # type: ignore[import]
Warning: You are sending unauthenticated requests to the HF Hub. Please set a HF_TOKEN to enable higher rate limits and faster downloads.
[transformers] `torch_dtype` is deprecated! Use `dtype` instead!
Traceback (most recent call last):
  File ""/scratch/ehmoon/whlee/prefill-layer-alloc/stage1_sm_scaling/../src/profiling/../../src/models/zamba2.py"", line 238, in forward
    y = mamba_chunk_scan_combined(
        x, dt, A, B, C,
    ...<3 lines>...
        dt_softplus=True,
    )
  File ""/home01/ehmoon/.local/lib/python3.14/site-packages/mamba_ssm/ops/triton/ssd_combined.py"", line 643, in mamba_chunk_scan_combined
    return",
68,0.6296296296296297,108,32768,64,524288,7711,99.98855721772564,8,0.01144278227436235,ncu exit code 1,"==WARNING== Note: Running with unmodified GPU clocks. If not controlled otherwise, profiling results may be inconsistent.
==PROF== Connected to process 2531833 (/apps/applications/Miniconda/25.11.1/envs/pytorch_2.9.1_cuda13/bin/python3.14)
Loading Zamba2 from Zyphra/Zamba2-7B-Instruct …
==PROF== Disconnected from process 2531833
==ERROR== The application returned an error code (1).
","/apps/applications/Miniconda/25.11.1/envs/pytorch_2.9.1_cuda13/lib/python3.14/site-packages/torch/cuda/__init__.py:63: FutureWarning: The pynvml package is deprecated. Please install nvidia-ml-py instead. If you did not install pynvml directly, please report this to the maintainers of the package that installed pynvml for you.
  import pynvml  # type: ignore[import]
[transformers] `torch_dtype` is deprecated! Use `dtype` instead!
Traceback (most recent call last):
  File ""/scratch/ehmoon/whlee/prefill-layer-alloc/stage1_sm_scaling/../src/profiling/../../src/models/zamba2.py"", line 238, in forward
    y = mamba_chunk_scan_combined(
        x, dt, A, B, C,
    ...<3 lines>...
        dt_softplus=True,
    )
  File ""/home01/ehmoon/.local/lib/python3.14/site-packages/mamba_ssm/ops/triton/ssd_combined.py"", line 643, in mamba_chunk_scan_combined
    return MambaChunkScanCombinedFn.apply(x, dt, A, B, C, chunk_size, D, z, dt_bias, initial_states, seq_idx, cu_seqlens, dt_softplus, dt_limit, ret",
81,0.75,108,,,1,1,1.2345679012345678,1,98.76543209876543,No kernels captured in ncu output,,,"==WARNING== Note: Running with unmodified GPU clocks. If not controlled otherwise, profiling results may be inconsistent.
==PROF== Connected to process 2532351 (/apps/applications/Miniconda/25.11.1/envs/pytorch_2.9.1_cuda13/bin/python3.14)
Loading Zamba2 from Zyphra/Zamba2-7B-Instruct …
==PROF== Disconnected from process 2532351
==WARNING== No kernels were profiled.
==WARNING== Note that specified NVTX include expressions match only start/end ranges.
==WARNING== Refer https://docs.nvidia.com/nsi"
81,0.75,108,,,1,1,1.2345679012345678,1,98.76543209876543,No kernels captured in ncu output,,,"==WARNING== Note: Running with unmodified GPU clocks. If not controlled otherwise, profiling results may be inconsistent.
==PROF== Connected to process 2532526 (/apps/applications/Miniconda/25.11.1/envs/pytorch_2.9.1_cuda13/bin/python3.14)
Loading Zamba2 from Zyphra/Zamba2-7B-Instruct …
==PROF== Disconnected from process 2532526
==WARNING== No kernels were profiled.
==WARNING== Note that specified NVTX include expressions match only start/end ranges.
==WARNING== Refer https://docs.nvidia.com/nsi"
81,0.75,108,,,1,1,1.2345679012345678,1,98.76543209876543,No kernels captured in ncu output,,,"==WARNING== Note: Running with unmodified GPU clocks. If not controlled otherwise, profiling results may be inconsistent.
==PROF== Connected to process 2532702 (/apps/applications/Miniconda/25.11.1/envs/pytorch_2.9.1_cuda13/bin/python3.14)
Loading Zamba2 from Zyphra/Zamba2-7B-Instruct …
==PROF== Disconnected from process 2532702
==WARNING== No kernels were profiled.
==WARNING== Note that specified NVTX include expressions match only start/end ranges.
==WARNING== Refer https://docs.nvidia.com/nsi"
81,0.75,108,,,1,1,1.2345679012345678,1,98.76543209876543,No kernels captured in ncu output,,,"==WARNING== Note: Running with unmodified GPU clocks. If not controlled otherwise, profiling results may be inconsistent.
==PROF== Connected to process 2532877 (/apps/applications/Miniconda/25.11.1/envs/pytorch_2.9.1_cuda13/bin/python3.14)
Loading Zamba2 from Zyphra/Zamba2-7B-Instruct …
==PROF== Disconnected from process 2532877
==WARNING== No kernels were profiled.
==WARNING== Note that specified NVTX include expressions match only start/end ranges.
==WARNING== Refer https://docs.nvidia.com/nsi"
81,0.75,108,,,1,1,1.2345679012345678,1,98.76543209876543,No kernels captured in ncu output,,,"==WARNING== Note: Running with unmodified GPU clocks. If not controlled otherwise, profiling results may be inconsistent.
==PROF== Connected to process 2533423 (/apps/applications/Miniconda/25.11.1/envs/pytorch_2.9.1_cuda13/bin/python3.14)
Loading Zamba2 from Zyphra/Zamba2-7B-Instruct …
==PROF== Disconnected from process 2533423
==WARNING== No kernels were profiled.
==WARNING== Note that specified NVTX include expressions match only start/end ranges.
==WARNING== Refer https://docs.nvidia.com/nsi"
81,0.75,108,,,1,1,1.2345679012345678,1,98.76543209876543,No kernels captured in ncu output,,,"==WARNING== Note: Running with unmodified GPU clocks. If not controlled otherwise, profiling results may be inconsistent.
==PROF== Connected to process 2533601 (/apps/applications/Miniconda/25.11.1/envs/pytorch_2.9.1_cuda13/bin/python3.14)
Loading Zamba2 from Zyphra/Zamba2-7B-Instruct …
==PROF== Disconnected from process 2533601
==WARNING== No kernels were profiled.
==WARNING== Note that specified NVTX include expressions match only start/end ranges.
==WARNING== Refer https://docs.nvidia.com/nsi"
81,0.75,108,,,1,1,1.2345679012345678,1,98.76543209876543,No kernels captured in ncu output,,,"==WARNING== Note: Running with unmodified GPU clocks. If not controlled otherwise, profiling results may be inconsistent.
==PROF== Connected to process 2533777 (/apps/applications/Miniconda/25.11.1/envs/pytorch_2.9.1_cuda13/bin/python3.14)
Loading Zamba2 from Zyphra/Zamba2-7B-Instruct …
==PROF== Disconnected from process 2533777
==WARNING== No kernels were profiled.
==WARNING== Note that specified NVTX include expressions match only start/end ranges.
==WARNING== Refer https://docs.nvidia.com/nsi"
81,0.75,108,,,1,1,1.2345679012345678,1,98.76543209876543,No kernels captured in ncu output,,,"==WARNING== Note: Running with unmodified GPU clocks. If not controlled otherwise, profiling results may be inconsistent.
==PROF== Connected to process 2533953 (/apps/applications/Miniconda/25.11.1/envs/pytorch_2.9.1_cuda13/bin/python3.14)
Loading Zamba2 from Zyphra/Zamba2-7B-Instruct …
==PROF== Disconnected from process 2533953
==WARNING== No kernels were profiled.
==WARNING== Note that specified NVTX include expressions match only start/end ranges.
==WARNING== Refer https://docs.nvidia.com/nsi"
81,0.75,108,,,1,1,1.2345679012345678,1,98.76543209876543,No kernels captured in ncu output,,,"==WARNING== Note: Running with unmodified GPU clocks. If not controlled otherwise, profiling results may be inconsistent.
==PROF== Connected to process 2534498 (/apps/applications/Miniconda/25.11.1/envs/pytorch_2.9.1_cuda13/bin/python3.14)
Loading Zamba2 from Zyphra/Zamba2-7B-Instruct …
==PROF== Disconnected from process 2534498
==WARNING== No kernels were profiled.
==WARNING== Note that specified NVTX include expressions match only start/end ranges.
==WARNING== Refer https://docs.nvidia.com/nsi"
81,0.75,108,,,1,1,1.2345679012345678,1,98.76543209876543,No kernels captured in ncu output,,,"==WARNING== Note: Running with unmodified GPU clocks. If not controlled otherwise, profiling results may be inconsistent.
==PROF== Connected to process 2534675 (/apps/applications/Miniconda/25.11.1/envs/pytorch_2.9.1_cuda13/bin/python3.14)
Loading Zamba2 from Zyphra/Zamba2-7B-Instruct …
==PROF== Disconnected from process 2534675
==WARNING== No kernels were profiled.
==WARNING== Note that specified NVTX include expressions match only start/end ranges.
==WARNING== Refer https://docs.nvidia.com/nsi"
81,0.75,108,,,1,1,1.2345679012345678,1,98.76543209876543,No kernels captured in ncu output,,,"==WARNING== Note: Running with unmodified GPU clocks. If not controlled otherwise, profiling results may be inconsistent.
==PROF== Connected to process 2534850 (/apps/applications/Miniconda/25.11.1/envs/pytorch_2.9.1_cuda13/bin/python3.14)
Loading Zamba2 from Zyphra/Zamba2-7B-Instruct …
==PROF== Disconnected from process 2534850
==WARNING== No kernels were profiled.
==WARNING== Note that specified NVTX include expressions match only start/end ranges.
==WARNING== Refer https://docs.nvidia.com/nsi"
81,0.75,108,,,1,1,1.2345679012345678,1,98.76543209876543,No kernels captured in ncu output,,,"==WARNING== Note: Running with unmodified GPU clocks. If not controlled otherwise, profiling results may be inconsistent.
==PROF== Connected to process 2535026 (/apps/applications/Miniconda/25.11.1/envs/pytorch_2.9.1_cuda13/bin/python3.14)
Loading Zamba2 from Zyphra/Zamba2-7B-Instruct …
==PROF== Disconnected from process 2535026
==WARNING== No kernels were profiled.
==WARNING== Note that specified NVTX include expressions match only start/end ranges.
==WARNING== Refer https://docs.nvidia.com/nsi"
81,0.75,108,,,1,1,1.2345679012345678,1,98.76543209876543,No kernels captured in ncu output,,,"==WARNING== Note: Running with unmodified GPU clocks. If not controlled otherwise, profiling results may be inconsistent.
==PROF== Connected to process 2535907 (/apps/applications/Miniconda/25.11.1/envs/pytorch_2.9.1_cuda13/bin/python3.14)
Loading Zamba2 from Zyphra/Zamba2-7B-Instruct …
==PROF== Disconnected from process 2535907
==WARNING== No kernels were profiled.
==WARNING== Note that specified NVTX include expressions match only start/end ranges.
==WARNING== Refer https://docs.nvidia.com/nsi"
81,0.75,108,,,1,1,1.2345679012345678,1,98.76543209876543,No kernels captured in ncu output,,,"==WARNING== Note: Running with unmodified GPU clocks. If not controlled otherwise, profiling results may be inconsistent.
==PROF== Connected to process 2536079 (/apps/applications/Miniconda/25.11.1/envs/pytorch_2.9.1_cuda13/bin/python3.14)
Loading Zamba2 from Zyphra/Zamba2-7B-Instruct …
==PROF== Disconnected from process 2536079
==WARNING== No kernels were profiled.
==WARNING== Note that specified NVTX include expressions match only start/end ranges.
==WARNING== Refer https://docs.nvidia.com/nsi"
81,0.75,108,,,1,1,1.2345679012345678,1,98.76543209876543,No kernels captured in ncu output,,,"==WARNING== Note: Running with unmodified GPU clocks. If not controlled otherwise, profiling results may be inconsistent.
==PROF== Connected to process 2536254 (/apps/applications/Miniconda/25.11.1/envs/pytorch_2.9.1_cuda13/bin/python3.14)
Loading Zamba2 from Zyphra/Zamba2-7B-Instruct …
==PROF== Disconnected from process 2536254
==WARNING== No kernels were profiled.
==WARNING== Note that specified NVTX include expressions match only start/end ranges.
==WARNING== Refer https://docs.nvidia.com/nsi"
81,0.75,108,,,1,1,1.2345679012345678,1,98.76543209876543,No kernels captured in ncu output,,,"==WARNING== Note: Running with unmodified GPU clocks. If not controlled otherwise, profiling results may be inconsistent.
==PROF== Connected to process 2536602 (/apps/applications/Miniconda/25.11.1/envs/pytorch_2.9.1_cuda13/bin/python3.14)
Loading Zamba2 from Zyphra/Zamba2-7B-Instruct …
==PROF== Disconnected from process 2536602
==WARNING== No kernels were profiled.
==WARNING== Note that specified NVTX include expressions match only start/end ranges.
==WARNING== Refer https://docs.nvidia.com/nsi"
81,0.75,108,,,1,1,1.2345679012345678,1,98.76543209876543,No kernels captured in ncu output,,,"==WARNING== Note: Running with unmodified GPU clocks. If not controlled otherwise, profiling results may be inconsistent.
==PROF== Connected to process 2537501 (/apps/applications/Miniconda/25.11.1/envs/pytorch_2.9.1_cuda13/bin/python3.14)
Loading Zamba2 from Zyphra/Zamba2-7B-Instruct …
==PROF== Disconnected from process 2537501
==WARNING== No kernels were profiled.
==WARNING== Note that specified NVTX include expressions match only start/end ranges.
==WARNING== Refer https://docs.nvidia.com/nsi"
81,0.75,108,,,1,1,1.2345679012345678,1,98.76543209876543,No kernels captured in ncu output,,,"==WARNING== Note: Running with unmodified GPU clocks. If not controlled otherwise, profiling results may be inconsistent.
==PROF== Connected to process 2537678 (/apps/applications/Miniconda/25.11.1/envs/pytorch_2.9.1_cuda13/bin/python3.14)
Loading Zamba2 from Zyphra/Zamba2-7B-Instruct …
==PROF== Disconnected from process 2537678
==WARNING== No kernels were profiled.
==WARNING== Note that specified NVTX include expressions match only start/end ranges.
==WARNING== Refer https://docs.nvidia.com/nsi"
81,0.75,108,,,1,1,1.2345679012345678,1,98.76543209876543,No kernels captured in ncu output,,,"==WARNING== Note: Running with unmodified GPU clocks. If not controlled otherwise, profiling results may be inconsistent.
==PROF== Connected to process 2537852 (/apps/applications/Miniconda/25.11.1/envs/pytorch_2.9.1_cuda13/bin/python3.14)
Loading Zamba2 from Zyphra/Zamba2-7B-Instruct …
==PROF== Disconnected from process 2537852
==WARNING== No kernels were profiled.
==WARNING== Note that specified NVTX include expressions match only start/end ranges.
==WARNING== Refer https://docs.nvidia.com/nsi"
81,0.75,108,,,1,1,1.2345679012345678,1,98.76543209876543,No kernels captured in ncu output,,,"==WARNING== Note: Running with unmodified GPU clocks. If not controlled otherwise, profiling results may be inconsistent.
==PROF== Connected to process 2538027 (/apps/applications/Miniconda/25.11.1/envs/pytorch_2.9.1_cuda13/bin/python3.14)
Loading Zamba2 from Zyphra/Zamba2-7B-Instruct …
==PROF== Disconnected from process 2538027
==WARNING== No kernels were profiled.
==WARNING== Note that specified NVTX include expressions match only start/end ranges.
==WARNING== Refer https://docs.nvidia.com/nsi"
81,0.75,108,,,1,1,1.2345679012345678,1,98.76543209876543,No kernels captured in ncu output,,,"==WARNING== Note: Running with unmodified GPU clocks. If not controlled otherwise, profiling results may be inconsistent.
==PROF== Connected to process 2538558 (/apps/applications/Miniconda/25.11.1/envs/pytorch_2.9.1_cuda13/bin/python3.14)
Loading Zamba2 from Zyphra/Zamba2-7B-Instruct …
==PROF== Disconnected from process 2538558
==WARNING== No kernels were profiled.
==WARNING== Note that specified NVTX include expressions match only start/end ranges.
==WARNING== Refer https://docs.nvidia.com/nsi"
81,0.75,108,,,1,1,1.2345679012345678,1,98.76543209876543,No kernels captured in ncu output,,,"==WARNING== Note: Running with unmodified GPU clocks. If not controlled otherwise, profiling results may be inconsistent.
==PROF== Connected to process 2538732 (/apps/applications/Miniconda/25.11.1/envs/pytorch_2.9.1_cuda13/bin/python3.14)
Loading Zamba2 from Zyphra/Zamba2-7B-Instruct …
==PROF== Disconnected from process 2538732
==WARNING== No kernels were profiled.
==WARNING== Note that specified NVTX include expressions match only start/end ranges.
==WARNING== Refer https://docs.nvidia.com/nsi"
81,0.75,108,,,1,1,1.2345679012345678,1,98.76543209876543,No kernels captured in ncu output,,,"==WARNING== Note: Running with unmodified GPU clocks. If not controlled otherwise, profiling results may be inconsistent.
==PROF== Connected to process 2538908 (/apps/applications/Miniconda/25.11.1/envs/pytorch_2.9.1_cuda13/bin/python3.14)
Loading Zamba2 from Zyphra/Zamba2-7B-Instruct …
==PROF== Disconnected from process 2538908
==WARNING== No kernels were profiled.
==WARNING== Note that specified NVTX include expressions match only start/end ranges.
==WARNING== Refer https://docs.nvidia.com/nsi"
81,0.75,108,,,1,1,1.2345679012345678,1,98.76543209876543,No kernels captured in ncu output,,,"==WARNING== Note: Running with unmodified GPU clocks. If not controlled otherwise, profiling results may be inconsistent.
==PROF== Connected to process 2539081 (/apps/applications/Miniconda/25.11.1/envs/pytorch_2.9.1_cuda13/bin/python3.14)
Loading Zamba2 from Zyphra/Zamba2-7B-Instruct …
==PROF== Disconnected from process 2539081
==WARNING== No kernels were profiled.
==WARNING== Note that specified NVTX include expressions match only start/end ranges.
==WARNING== Refer https://docs.nvidia.com/nsi"
81,0.75,108,4096,64,65536,810,99.88721231519585,7,0.1127876848041498,ncu exit code 1,"==WARNING== Note: Running with unmodified GPU clocks. If not controlled otherwise, profiling results may be inconsistent.
==PROF== Connected to process 2539610 (/apps/applications/Miniconda/25.11.1/envs/pytorch_2.9.1_cuda13/bin/python3.14)
Loading Zamba2 from Zyphra/Zamba2-7B-Instruct …
==PROF== Disconnected from process 2539610
==ERROR== The application returned an error code (1).
","/apps/applications/Miniconda/25.11.1/envs/pytorch_2.9.1_cuda13/lib/python3.14/site-packages/torch/cuda/__init__.py:63: FutureWarning: The pynvml package is deprecated. Please install nvidia-ml-py instead. If you did not install pynvml directly, please report this to the maintainers of the package that installed pynvml for you.
  import pynvml  # type: ignore[import]
Warning: You are sending unauthenticated requests to the HF Hub. Please set a HF_TOKEN to enable higher rate limits and faster downloads.
[transformers] `torch_dtype` is deprecated! Use `dtype` instead!
Traceback (most recent call last):
  File ""/scratch/ehmoon/whlee/prefill-layer-alloc/stage1_sm_scaling/../src/profiling/../../src/models/zamba2.py"", line 238, in forward
    y = mamba_chunk_scan_combined(
        x, dt, A, B, C,
    ...<3 lines>...
        dt_softplus=True,
    )
  File ""/home01/ehmoon/.local/lib/python3.14/site-packages/mamba_ssm/ops/triton/ssd_combined.py"", line 643, in mamba_chunk_scan_combined
    return",
81,0.75,108,,,1,1,1.2345679012345678,1,98.76543209876543,No kernels captured in ncu output,,,"==WARNING== Note: Running with unmodified GPU clocks. If not controlled otherwise, profiling results may be inconsistent.
==PROF== Connected to process 2539784 (/apps/applications/Miniconda/25.11.1/envs/pytorch_2.9.1_cuda13/bin/python3.14)
Loading Zamba2 from Zyphra/Zamba2-7B-Instruct …
==PROF== Disconnected from process 2539784
==WARNING== No kernels were profiled.
==WARNING== Note that specified NVTX include expressions match only start/end ranges.
==WARNING== Refer https://docs.nvidia.com/nsi"
81,0.75,108,,,1,1,1.2345679012345678,1,98.76543209876543,No kernels captured in ncu output,,,"==WARNING== Note: Running with unmodified GPU clocks. If not controlled otherwise, profiling results may be inconsistent.
==PROF== Connected to process 2539958 (/apps/applications/Miniconda/25.11.1/envs/pytorch_2.9.1_cuda13/bin/python3.14)
Loading Zamba2 from Zyphra/Zamba2-7B-Instruct …
==PROF== Disconnected from process 2539958
==WARNING== No kernels were profiled.
==WARNING== Note that specified NVTX include expressions match only start/end ranges.
==WARNING== Refer https://docs.nvidia.com/nsi"
81,0.75,108,,,1,1,1.2345679012345678,1,98.76543209876543,No kernels captured in ncu output,,,"==WARNING== Note: Running with unmodified GPU clocks. If not controlled otherwise, profiling results may be inconsistent.
==PROF== Connected to process 2540135 (/apps/applications/Miniconda/25.11.1/envs/pytorch_2.9.1_cuda13/bin/python3.14)
Loading Zamba2 from Zyphra/Zamba2-7B-Instruct …
==PROF== Disconnected from process 2540135
==WARNING== No kernels were profiled.
==WARNING== Note that specified NVTX include expressions match only start/end ranges.
==WARNING== Refer https://docs.nvidia.com/nsi"
81,0.75,108,8192,32,65536,810,99.88721231519585,7,0.1127876848041498,ncu exit code 1,"==WARNING== Note: Running with unmodified GPU clocks. If not controlled otherwise, profiling results may be inconsistent.
==PROF== Connected to process 2540664 (/apps/applications/Miniconda/25.11.1/envs/pytorch_2.9.1_cuda13/bin/python3.14)
Loading Zamba2 from Zyphra/Zamba2-7B-Instruct …
==PROF== Disconnected from process 2540664
==ERROR== The application returned an error code (1).
","/apps/applications/Miniconda/25.11.1/envs/pytorch_2.9.1_cuda13/lib/python3.14/site-packages/torch/cuda/__init__.py:63: FutureWarning: The pynvml package is deprecated. Please install nvidia-ml-py instead. If you did not install pynvml directly, please report this to the maintainers of the package that installed pynvml for you.
  import pynvml  # type: ignore[import]
Warning: You are sending unauthenticated requests to the HF Hub. Please set a HF_TOKEN to enable higher rate limits and faster downloads.
[transformers] `torch_dtype` is deprecated! Use `dtype` instead!
Traceback (most recent call last):
  File ""/scratch/ehmoon/whlee/prefill-layer-alloc/stage1_sm_scaling/../src/profiling/../../src/models/zamba2.py"", line 238, in forward
    y = mamba_chunk_scan_combined(
        x, dt, A, B, C,
    ...<3 lines>...
        dt_softplus=True,
    )
  File ""/home01/ehmoon/.local/lib/python3.14/site-packages/mamba_ssm/ops/triton/ssd_combined.py"", line 643, in mamba_chunk_scan_combined
    return",
81,0.75,108,8192,64,131072,1619,99.94890917270988,14,0.051090827290123375,ncu exit code 1,"==WARNING== Note: Running with unmodified GPU clocks. If not controlled otherwise, profiling results may be inconsistent.
==PROF== Connected to process 2540837 (/apps/applications/Miniconda/25.11.1/envs/pytorch_2.9.1_cuda13/bin/python3.14)
Loading Zamba2 from Zyphra/Zamba2-7B-Instruct …
==PROF== Disconnected from process 2540837
==ERROR== The application returned an error code (1).
","/apps/applications/Miniconda/25.11.1/envs/pytorch_2.9.1_cuda13/lib/python3.14/site-packages/torch/cuda/__init__.py:63: FutureWarning: The pynvml package is deprecated. Please install nvidia-ml-py instead. If you did not install pynvml directly, please report this to the maintainers of the package that installed pynvml for you.
  import pynvml  # type: ignore[import]
Warning: You are sending unauthenticated requests to the HF Hub. Please set a HF_TOKEN to enable higher rate limits and faster downloads.
[transformers] `torch_dtype` is deprecated! Use `dtype` instead!
Traceback (most recent call last):
  File ""/scratch/ehmoon/whlee/prefill-layer-alloc/stage1_sm_scaling/../src/profiling/../../src/models/zamba2.py"", line 238, in forward
    y = mamba_chunk_scan_combined(
        x, dt, A, B, C,
    ...<3 lines>...
        dt_softplus=True,
    )
  File ""/home01/ehmoon/.local/lib/python3.14/site-packages/mamba_ssm/ops/triton/ssd_combined.py"", line 643, in mamba_chunk_scan_combined
    return",
81,0.75,108,,,1,1,1.2345679012345678,1,98.76543209876543,No kernels captured in ncu output,,,"==WARNING== Note: Running with unmodified GPU clocks. If not controlled otherwise, profiling results may be inconsistent.
==PROF== Connected to process 2541010 (/apps/applications/Miniconda/25.11.1/envs/pytorch_2.9.1_cuda13/bin/python3.14)
Loading Zamba2 from Zyphra/Zamba2-7B-Instruct …
==PROF== Disconnected from process 2541010
==WARNING== No kernels were profiled.
==WARNING== Note that specified NVTX include expressions match only start/end ranges.
==WARNING== Refer https://docs.nvidia.com/nsi"
81,0.75,108,,,1,1,1.2345679012345678,1,98.76543209876543,No kernels captured in ncu output,,,"==WARNING== Note: Running with unmodified GPU clocks. If not controlled otherwise, profiling results may be inconsistent.
==PROF== Connected to process 2541185 (/apps/applications/Miniconda/25.11.1/envs/pytorch_2.9.1_cuda13/bin/python3.14)
Loading Zamba2 from Zyphra/Zamba2-7B-Instruct …
==PROF== Disconnected from process 2541185
==WARNING== No kernels were profiled.
==WARNING== Note that specified NVTX include expressions match only start/end ranges.
==WARNING== Refer https://docs.nvidia.com/nsi"
81,0.75,108,16384,16,65536,810,99.88721231519585,7,0.1127876848041498,ncu exit code 1,"==WARNING== Note: Running with unmodified GPU clocks. If not controlled otherwise, profiling results may be inconsistent.
==PROF== Connected to process 2541358 (/apps/applications/Miniconda/25.11.1/envs/pytorch_2.9.1_cuda13/bin/python3.14)
Loading Zamba2 from Zyphra/Zamba2-7B-Instruct …
==PROF== Disconnected from process 2541358
==ERROR== The application returned an error code (1).
","/apps/applications/Miniconda/25.11.1/envs/pytorch_2.9.1_cuda13/lib/python3.14/site-packages/torch/cuda/__init__.py:63: FutureWarning: The pynvml package is deprecated. Please install nvidia-ml-py instead. If you did not install pynvml directly, please report this to the maintainers of the package that installed pynvml for you.
  import pynvml  # type: ignore[import]
[transformers] `torch_dtype` is deprecated! Use `dtype` instead!
Traceback (most recent call last):
  File ""/scratch/ehmoon/whlee/prefill-layer-alloc/stage1_sm_scaling/../src/profiling/../../src/models/zamba2.py"", line 238, in forward
    y = mamba_chunk_scan_combined(
        x, dt, A, B, C,
    ...<3 lines>...
        dt_softplus=True,
    )
  File ""/home01/ehmoon/.local/lib/python3.14/site-packages/mamba_ssm/ops/triton/ssd_combined.py"", line 643, in mamba_chunk_scan_combined
    return MambaChunkScanCombinedFn.apply(x, dt, A, B, C, chunk_size, D, z, dt_bias, initial_states, seq_idx, cu_seqlens, dt_softplus, dt_limit, ret",
81,0.75,108,16384,32,131072,1619,99.94890917270988,14,0.051090827290123375,ncu exit code 1,"==WARNING== Note: Running with unmodified GPU clocks. If not controlled otherwise, profiling results may be inconsistent.
==PROF== Connected to process 2542169 (/apps/applications/Miniconda/25.11.1/envs/pytorch_2.9.1_cuda13/bin/python3.14)
Loading Zamba2 from Zyphra/Zamba2-7B-Instruct …
==PROF== Disconnected from process 2542169
==ERROR== The application returned an error code (1).
","/apps/applications/Miniconda/25.11.1/envs/pytorch_2.9.1_cuda13/lib/python3.14/site-packages/torch/cuda/__init__.py:63: FutureWarning: The pynvml package is deprecated. Please install nvidia-ml-py instead. If you did not install pynvml directly, please report this to the maintainers of the package that installed pynvml for you.
  import pynvml  # type: ignore[import]
Warning: You are sending unauthenticated requests to the HF Hub. Please set a HF_TOKEN to enable higher rate limits and faster downloads.
[transformers] `torch_dtype` is deprecated! Use `dtype` instead!
Traceback (most recent call last):
  File ""/scratch/ehmoon/whlee/prefill-layer-alloc/stage1_sm_scaling/../src/profiling/../../src/models/zamba2.py"", line 238, in forward
    y = mamba_chunk_scan_combined(
        x, dt, A, B, C,
    ...<3 lines>...
        dt_softplus=True,
    )
  File ""/home01/ehmoon/.local/lib/python3.14/site-packages/mamba_ssm/ops/triton/ssd_combined.py"", line 643, in mamba_chunk_scan_combined
    return",
81,0.75,108,16384,64,262144,3237,99.97978619129891,28,0.020213808701086133,ncu exit code 1,"==WARNING== Note: Running with unmodified GPU clocks. If not controlled otherwise, profiling results may be inconsistent.
==PROF== Connected to process 2542343 (/apps/applications/Miniconda/25.11.1/envs/pytorch_2.9.1_cuda13/bin/python3.14)
Loading Zamba2 from Zyphra/Zamba2-7B-Instruct …
==PROF== Disconnected from process 2542343
==ERROR== The application returned an error code (1).
","/apps/applications/Miniconda/25.11.1/envs/pytorch_2.9.1_cuda13/lib/python3.14/site-packages/torch/cuda/__init__.py:63: FutureWarning: The pynvml package is deprecated. Please install nvidia-ml-py instead. If you did not install pynvml directly, please report this to the maintainers of the package that installed pynvml for you.
  import pynvml  # type: ignore[import]
Warning: You are sending unauthenticated requests to the HF Hub. Please set a HF_TOKEN to enable higher rate limits and faster downloads.
[transformers] `torch_dtype` is deprecated! Use `dtype` instead!
Traceback (most recent call last):
  File ""/scratch/ehmoon/whlee/prefill-layer-alloc/stage1_sm_scaling/../src/profiling/../../src/models/zamba2.py"", line 238, in forward
    y = mamba_chunk_scan_combined(
        x, dt, A, B, C,
    ...<3 lines>...
        dt_softplus=True,
    )
  File ""/home01/ehmoon/.local/lib/python3.14/site-packages/mamba_ssm/ops/triton/ssd_combined.py"", line 643, in mamba_chunk_scan_combined
    return",
81,0.75,108,,,1,1,1.2345679012345678,1,98.76543209876543,No kernels captured in ncu output,,,"==WARNING== Note: Running with unmodified GPU clocks. If not controlled otherwise, profiling results may be inconsistent.
==PROF== Connected to process 2542517 (/apps/applications/Miniconda/25.11.1/envs/pytorch_2.9.1_cuda13/bin/python3.14)
Loading Zamba2 from Zyphra/Zamba2-7B-Instruct …
==PROF== Disconnected from process 2542517
==WARNING== No kernels were profiled.
==WARNING== Note that specified NVTX include expressions match only start/end ranges.
==WARNING== Refer https://docs.nvidia.com/nsi"
81,0.75,108,,,1,1,1.2345679012345678,1,98.76543209876543,No kernels captured in ncu output,,,"==WARNING== Note: Running with unmodified GPU clocks. If not controlled otherwise, profiling results may be inconsistent.
==PROF== Connected to process 2542693 (/apps/applications/Miniconda/25.11.1/envs/pytorch_2.9.1_cuda13/bin/python3.14)
Loading Zamba2 from Zyphra/Zamba2-7B-Instruct …
==PROF== Disconnected from process 2542693
==WARNING== No kernels were profiled.
==WARNING== Note that specified NVTX include expressions match only start/end ranges.
==WARNING== Refer https://docs.nvidia.com/nsi"
81,0.75,108,32768,16,131072,1619,99.94890917270988,14,0.051090827290123375,ncu exit code 1,"==WARNING== Note: Running with unmodified GPU clocks. If not controlled otherwise, profiling results may be inconsistent.
==PROF== Connected to process 2543223 (/apps/applications/Miniconda/25.11.1/envs/pytorch_2.9.1_cuda13/bin/python3.14)
Loading Zamba2 from Zyphra/Zamba2-7B-Instruct …
==PROF== Disconnected from process 2543223
==ERROR== The application returned an error code (1).
","/apps/applications/Miniconda/25.11.1/envs/pytorch_2.9.1_cuda13/lib/python3.14/site-packages/torch/cuda/__init__.py:63: FutureWarning: The pynvml package is deprecated. Please install nvidia-ml-py instead. If you did not install pynvml directly, please report this to the maintainers of the package that installed pynvml for you.
  import pynvml  # type: ignore[import]
[transformers] `torch_dtype` is deprecated! Use `dtype` instead!
Traceback (most recent call last):
  File ""/scratch/ehmoon/whlee/prefill-layer-alloc/stage1_sm_scaling/../src/profiling/../../src/models/zamba2.py"", line 238, in forward
    y = mamba_chunk_scan_combined(
        x, dt, A, B, C,
    ...<3 lines>...
        dt_softplus=True,
    )
  File ""/home01/ehmoon/.local/lib/python3.14/site-packages/mamba_ssm/ops/triton/ssd_combined.py"", line 643, in mamba_chunk_scan_combined
    return MambaChunkScanCombinedFn.apply(x, dt, A, B, C, chunk_size, D, z, dt_bias, initial_states, seq_idx, cu_seqlens, dt_softplus, dt_limit, ret",
81,0.75,108,32768,32,262144,3237,99.97978619129891,28,0.020213808701086133,ncu exit code 1,"==WARNING== Note: Running with unmodified GPU clocks. If not controlled otherwise, profiling results may be inconsistent.
==PROF== Connected to process 2543396 (/apps/applications/Miniconda/25.11.1/envs/pytorch_2.9.1_cuda13/bin/python3.14)
Loading Zamba2 from Zyphra/Zamba2-7B-Instruct …
==PROF== Disconnected from process 2543396
==ERROR== The application returned an error code (1).
","/apps/applications/Miniconda/25.11.1/envs/pytorch_2.9.1_cuda13/lib/python3.14/site-packages/torch/cuda/__init__.py:63: FutureWarning: The pynvml package is deprecated. Please install nvidia-ml-py instead. If you did not install pynvml directly, please report this to the maintainers of the package that installed pynvml for you.
  import pynvml  # type: ignore[import]
Warning: You are sending unauthenticated requests to the HF Hub. Please set a HF_TOKEN to enable higher rate limits and faster downloads.
[transformers] `torch_dtype` is deprecated! Use `dtype` instead!
Traceback (most recent call last):
  File ""/scratch/ehmoon/whlee/prefill-layer-alloc/stage1_sm_scaling/../src/profiling/../../src/models/zamba2.py"", line 238, in forward
    y = mamba_chunk_scan_combined(
        x, dt, A, B, C,
    ...<3 lines>...
        dt_softplus=True,
    )
  File ""/home01/ehmoon/.local/lib/python3.14/site-packages/mamba_ssm/ops/triton/ssd_combined.py"", line 643, in mamba_chunk_scan_combined
    return",
81,0.75,108,32768,64,524288,6473,99.9952318557808,56,0.004768144219202686,ncu exit code 1,"==WARNING== Note: Running with unmodified GPU clocks. If not controlled otherwise, profiling results may be inconsistent.
==PROF== Connected to process 2543567 (/apps/applications/Miniconda/25.11.1/envs/pytorch_2.9.1_cuda13/bin/python3.14)
Loading Zamba2 from Zyphra/Zamba2-7B-Instruct …
==PROF== Disconnected from process 2543567
==ERROR== The application returned an error code (1).
","/apps/applications/Miniconda/25.11.1/envs/pytorch_2.9.1_cuda13/lib/python3.14/site-packages/torch/cuda/__init__.py:63: FutureWarning: The pynvml package is deprecated. Please install nvidia-ml-py instead. If you did not install pynvml directly, please report this to the maintainers of the package that installed pynvml for you.
  import pynvml  # type: ignore[import]
Warning: You are sending unauthenticated requests to the HF Hub. Please set a HF_TOKEN to enable higher rate limits and faster downloads.
[transformers] `torch_dtype` is deprecated! Use `dtype` instead!
Traceback (most recent call last):
  File ""/scratch/ehmoon/whlee/prefill-layer-alloc/stage1_sm_scaling/../src/profiling/../../src/models/zamba2.py"", line 238, in forward
    y = mamba_chunk_scan_combined(
        x, dt, A, B, C,
    ...<3 lines>...
        dt_softplus=True,
    )
  File ""/home01/ehmoon/.local/lib/python3.14/site-packages/mamba_ssm/ops/triton/ssd_combined.py"", line 643, in mamba_chunk_scan_combined
    return",
94,0.8703703703703703,108,,,1,1,1.0638297872340425,1,98.93617021276596,No kernels captured in ncu output,,,"==WARNING== Note: Running with unmodified GPU clocks. If not controlled otherwise, profiling results may be inconsistent.
==PROF== Connected to process 2543740 (/apps/applications/Miniconda/25.11.1/envs/pytorch_2.9.1_cuda13/bin/python3.14)
Loading Zamba2 from Zyphra/Zamba2-7B-Instruct …
==PROF== Disconnected from process 2543740
==WARNING== No kernels were profiled.
==WARNING== Note that specified NVTX include expressions match only start/end ranges.
==WARNING== Refer https://docs.nvidia.com/nsi"
94,0.8703703703703703,108,,,1,1,1.0638297872340425,1,98.93617021276596,No kernels captured in ncu output,,,"==WARNING== Note: Running with unmodified GPU clocks. If not controlled otherwise, profiling results may be inconsistent.
==PROF== Connected to process 2543916 (/apps/applications/Miniconda/25.11.1/envs/pytorch_2.9.1_cuda13/bin/python3.14)
Loading Zamba2 from Zyphra/Zamba2-7B-Instruct …
==PROF== Disconnected from process 2543916
==WARNING== No kernels were profiled.
==WARNING== Note that specified NVTX include expressions match only start/end ranges.
==WARNING== Refer https://docs.nvidia.com/nsi"
94,0.8703703703703703,108,,,1,1,1.0638297872340425,1,98.93617021276596,No kernels captured in ncu output,,,"==WARNING== Note: Running with unmodified GPU clocks. If not controlled otherwise, profiling results may be inconsistent.
==PROF== Connected to process 2544444 (/apps/applications/Miniconda/25.11.1/envs/pytorch_2.9.1_cuda13/bin/python3.14)
Loading Zamba2 from Zyphra/Zamba2-7B-Instruct …
==PROF== Disconnected from process 2544444
==WARNING== No kernels were profiled.
==WARNING== Note that specified NVTX include expressions match only start/end ranges.
==WARNING== Refer https://docs.nvidia.com/nsi"
94,0.8703703703703703,108,,,1,1,1.0638297872340425,1,98.93617021276596,No kernels captured in ncu output,,,"==WARNING== Note: Running with unmodified GPU clocks. If not controlled otherwise, profiling results may be inconsistent.
==PROF== Connected to process 2544620 (/apps/applications/Miniconda/25.11.1/envs/pytorch_2.9.1_cuda13/bin/python3.14)
Loading Zamba2 from Zyphra/Zamba2-7B-Instruct …
==PROF== Disconnected from process 2544620
==WARNING== No kernels were profiled.
==WARNING== Note that specified NVTX include expressions match only start/end ranges.
==WARNING== Refer https://docs.nvidia.com/nsi"
94,0.8703703703703703,108,,,1,1,1.0638297872340425,1,98.93617021276596,No kernels captured in ncu output,,,"==WARNING== Note: Running with unmodified GPU clocks. If not controlled otherwise, profiling results may be inconsistent.
==PROF== Connected to process 2544794 (/apps/applications/Miniconda/25.11.1/envs/pytorch_2.9.1_cuda13/bin/python3.14)
Loading Zamba2 from Zyphra/Zamba2-7B-Instruct …
==PROF== Disconnected from process 2544794
==WARNING== No kernels were profiled.
==WARNING== Note that specified NVTX include expressions match only start/end ranges.
==WARNING== Refer https://docs.nvidia.com/nsi"
94,0.8703703703703703,108,,,1,1,1.0638297872340425,1,98.93617021276596,No kernels captured in ncu output,,,"==WARNING== Note: Running with unmodified GPU clocks. If not controlled otherwise, profiling results may be inconsistent.
==PROF== Connected to process 2544970 (/apps/applications/Miniconda/25.11.1/envs/pytorch_2.9.1_cuda13/bin/python3.14)
Loading Zamba2 from Zyphra/Zamba2-7B-Instruct …
==PROF== Disconnected from process 2544970
==WARNING== No kernels were profiled.
==WARNING== Note that specified NVTX include expressions match only start/end ranges.
==WARNING== Refer https://docs.nvidia.com/nsi"
94,0.8703703703703703,108,,,1,1,1.0638297872340425,1,98.93617021276596,No kernels captured in ncu output,,,"==WARNING== Note: Running with unmodified GPU clocks. If not controlled otherwise, profiling results may be inconsistent.
==PROF== Connected to process 2545498 (/apps/applications/Miniconda/25.11.1/envs/pytorch_2.9.1_cuda13/bin/python3.14)
Loading Zamba2 from Zyphra/Zamba2-7B-Instruct …
==PROF== Disconnected from process 2545498
==WARNING== No kernels were profiled.
==WARNING== Note that specified NVTX include expressions match only start/end ranges.
==WARNING== Refer https://docs.nvidia.com/nsi"
94,0.8703703703703703,108,,,1,1,1.0638297872340425,1,98.93617021276596,No kernels captured in ncu output,,,"==WARNING== Note: Running with unmodified GPU clocks. If not controlled otherwise, profiling results may be inconsistent.
==PROF== Connected to process 2545674 (/apps/applications/Miniconda/25.11.1/envs/pytorch_2.9.1_cuda13/bin/python3.14)
Loading Zamba2 from Zyphra/Zamba2-7B-Instruct …
==PROF== Disconnected from process 2545674
==WARNING== No kernels were profiled.
==WARNING== Note that specified NVTX include expressions match only start/end ranges.
==WARNING== Refer https://docs.nvidia.com/nsi"
94,0.8703703703703703,108,,,1,1,1.0638297872340425,1,98.93617021276596,No kernels captured in ncu output,,,"==WARNING== Note: Running with unmodified GPU clocks. If not controlled otherwise, profiling results may be inconsistent.
==PROF== Connected to process 2545848 (/apps/applications/Miniconda/25.11.1/envs/pytorch_2.9.1_cuda13/bin/python3.14)
Loading Zamba2 from Zyphra/Zamba2-7B-Instruct …
==PROF== Disconnected from process 2545848
==WARNING== No kernels were profiled.
==WARNING== Note that specified NVTX include expressions match only start/end ranges.
==WARNING== Refer https://docs.nvidia.com/nsi"
94,0.8703703703703703,108,,,1,1,1.0638297872340425,1,98.93617021276596,No kernels captured in ncu output,,,"==WARNING== Note: Running with unmodified GPU clocks. If not controlled otherwise, profiling results may be inconsistent.
==PROF== Connected to process 2546028 (/apps/applications/Miniconda/25.11.1/envs/pytorch_2.9.1_cuda13/bin/python3.14)
Loading Zamba2 from Zyphra/Zamba2-7B-Instruct …
==PROF== Disconnected from process 2546028
==WARNING== No kernels were profiled.
==WARNING== Note that specified NVTX include expressions match only start/end ranges.
==WARNING== Refer https://docs.nvidia.com/nsi"
94,0.8703703703703703,108,,,1,1,1.0638297872340425,1,98.93617021276596,No kernels captured in ncu output,,,"==WARNING== Note: Running with unmodified GPU clocks. If not controlled otherwise, profiling results may be inconsistent.
==PROF== Connected to process 2546555 (/apps/applications/Miniconda/25.11.1/envs/pytorch_2.9.1_cuda13/bin/python3.14)
Loading Zamba2 from Zyphra/Zamba2-7B-Instruct …
==PROF== Disconnected from process 2546555
==WARNING== No kernels were profiled.
==WARNING== Note that specified NVTX include expressions match only start/end ranges.
==WARNING== Refer https://docs.nvidia.com/nsi"
94,0.8703703703703703,108,,,1,1,1.0638297872340425,1,98.93617021276596,No kernels captured in ncu output,,,"==WARNING== Note: Running with unmodified GPU clocks. If not controlled otherwise, profiling results may be inconsistent.
==PROF== Connected to process 2546731 (/apps/applications/Miniconda/25.11.1/envs/pytorch_2.9.1_cuda13/bin/python3.14)
Loading Zamba2 from Zyphra/Zamba2-7B-Instruct …
==PROF== Disconnected from process 2546731
==WARNING== No kernels were profiled.
==WARNING== Note that specified NVTX include expressions match only start/end ranges.
==WARNING== Refer https://docs.nvidia.com/nsi"
94,0.8703703703703703,108,,,1,1,1.0638297872340425,1,98.93617021276596,No kernels captured in ncu output,,,"==WARNING== Note: Running with unmodified GPU clocks. If not controlled otherwise, profiling results may be inconsistent.
==PROF== Connected to process 2546903 (/apps/applications/Miniconda/25.11.1/envs/pytorch_2.9.1_cuda13/bin/python3.14)
Loading Zamba2 from Zyphra/Zamba2-7B-Instruct …
==PROF== Disconnected from process 2546903
==WARNING== No kernels were profiled.
==WARNING== Note that specified NVTX include expressions match only start/end ranges.
==WARNING== Refer https://docs.nvidia.com/nsi"
94,0.8703703703703703,108,,,1,1,1.0638297872340425,1,98.93617021276596,No kernels captured in ncu output,,,"==WARNING== Note: Running with unmodified GPU clocks. If not controlled otherwise, profiling results may be inconsistent.
==PROF== Connected to process 2547080 (/apps/applications/Miniconda/25.11.1/envs/pytorch_2.9.1_cuda13/bin/python3.14)
Loading Zamba2 from Zyphra/Zamba2-7B-Instruct …
==PROF== Disconnected from process 2547080
==WARNING== No kernels were profiled.
==WARNING== Note that specified NVTX include expressions match only start/end ranges.
==WARNING== Refer https://docs.nvidia.com/nsi"
94,0.8703703703703703,108,,,1,1,1.0638297872340425,1,98.93617021276596,No kernels captured in ncu output,,,"==WARNING== Note: Running with unmodified GPU clocks. If not controlled otherwise, profiling results may be inconsistent.
==PROF== Connected to process 2547915 (/apps/applications/Miniconda/25.11.1/envs/pytorch_2.9.1_cuda13/bin/python3.14)
Loading Zamba2 from Zyphra/Zamba2-7B-Instruct …
==PROF== Disconnected from process 2547915
==WARNING== No kernels were profiled.
==WARNING== Note that specified NVTX include expressions match only start/end ranges.
==WARNING== Refer https://docs.nvidia.com/nsi"
94,0.8703703703703703,108,,,1,1,1.0638297872340425,1,98.93617021276596,No kernels captured in ncu output,,,"==WARNING== Note: Running with unmodified GPU clocks. If not controlled otherwise, profiling results may be inconsistent.
==PROF== Connected to process 2548091 (/apps/applications/Miniconda/25.11.1/envs/pytorch_2.9.1_cuda13/bin/python3.14)
Loading Zamba2 from Zyphra/Zamba2-7B-Instruct …
==PROF== Disconnected from process 2548091
==WARNING== No kernels were profiled.
==WARNING== Note that specified NVTX include expressions match only start/end ranges.
==WARNING== Refer https://docs.nvidia.com/nsi"
94,0.8703703703703703,108,,,1,1,1.0638297872340425,1,98.93617021276596,No kernels captured in ncu output,,,"==WARNING== Note: Running with unmodified GPU clocks. If not controlled otherwise, profiling results may be inconsistent.
==PROF== Connected to process 2548266 (/apps/applications/Miniconda/25.11.1/envs/pytorch_2.9.1_cuda13/bin/python3.14)
Loading Zamba2 from Zyphra/Zamba2-7B-Instruct …
==PROF== Disconnected from process 2548266
==WARNING== No kernels were profiled.
==WARNING== Note that specified NVTX include expressions match only start/end ranges.
==WARNING== Refer https://docs.nvidia.com/nsi"
94,0.8703703703703703,108,,,1,1,1.0638297872340425,1,98.93617021276596,No kernels captured in ncu output,,,"==WARNING== Note: Running with unmodified GPU clocks. If not controlled otherwise, profiling results may be inconsistent.
==PROF== Connected to process 2548537 (/apps/applications/Miniconda/25.11.1/envs/pytorch_2.9.1_cuda13/bin/python3.14)
Loading Zamba2 from Zyphra/Zamba2-7B-Instruct …
==PROF== Disconnected from process 2548537
==WARNING== No kernels were profiled.
==WARNING== Note that specified NVTX include expressions match only start/end ranges.
==WARNING== Refer https://docs.nvidia.com/nsi"
94,0.8703703703703703,108,,,1,1,1.0638297872340425,1,98.93617021276596,No kernels captured in ncu output,,,"==WARNING== Note: Running with unmodified GPU clocks. If not controlled otherwise, profiling results may be inconsistent.
==PROF== Connected to process 2549147 (/apps/applications/Miniconda/25.11.1/envs/pytorch_2.9.1_cuda13/bin/python3.14)
Loading Zamba2 from Zyphra/Zamba2-7B-Instruct …
==PROF== Disconnected from process 2549147
==WARNING== No kernels were profiled.
==WARNING== Note that specified NVTX include expressions match only start/end ranges.
==WARNING== Refer https://docs.nvidia.com/nsi"
94,0.8703703703703703,108,,,1,1,1.0638297872340425,1,98.93617021276596,No kernels captured in ncu output,,,"==WARNING== Note: Running with unmodified GPU clocks. If not controlled otherwise, profiling results may be inconsistent.
==PROF== Connected to process 2549322 (/apps/applications/Miniconda/25.11.1/envs/pytorch_2.9.1_cuda13/bin/python3.14)
Loading Zamba2 from Zyphra/Zamba2-7B-Instruct …
==PROF== Disconnected from process 2549322
==WARNING== No kernels were profiled.
==WARNING== Note that specified NVTX include expressions match only start/end ranges.
==WARNING== Refer https://docs.nvidia.com/nsi"
94,0.8703703703703703,108,,,1,1,1.0638297872340425,1,98.93617021276596,No kernels captured in ncu output,,,"==WARNING== Note: Running with unmodified GPU clocks. If not controlled otherwise, profiling results may be inconsistent.
==PROF== Connected to process 2549497 (/apps/applications/Miniconda/25.11.1/envs/pytorch_2.9.1_cuda13/bin/python3.14)
Loading Zamba2 from Zyphra/Zamba2-7B-Instruct …
==PROF== Disconnected from process 2549497
==WARNING== No kernels were profiled.
==WARNING== Note that specified NVTX include expressions match only start/end ranges.
==WARNING== Refer https://docs.nvidia.com/nsi"
94,0.8703703703703703,108,,,1,1,1.0638297872340425,1,98.93617021276596,No kernels captured in ncu output,,,"==WARNING== Note: Running with unmodified GPU clocks. If not controlled otherwise, profiling results may be inconsistent.
==PROF== Connected to process 2549672 (/apps/applications/Miniconda/25.11.1/envs/pytorch_2.9.1_cuda13/bin/python3.14)
Loading Zamba2 from Zyphra/Zamba2-7B-Instruct …
==PROF== Disconnected from process 2549672
==WARNING== No kernels were profiled.
==WARNING== Note that specified NVTX include expressions match only start/end ranges.
==WARNING== Refer https://docs.nvidia.com/nsi"
94,0.8703703703703703,108,,,1,1,1.0638297872340425,1,98.93617021276596,No kernels captured in ncu output,,,"==WARNING== Note: Running with unmodified GPU clocks. If not controlled otherwise, profiling results may be inconsistent.
==PROF== Connected to process 2550200 (/apps/applications/Miniconda/25.11.1/envs/pytorch_2.9.1_cuda13/bin/python3.14)
Loading Zamba2 from Zyphra/Zamba2-7B-Instruct …
==PROF== Disconnected from process 2550200
==WARNING== No kernels were profiled.
==WARNING== Note that specified NVTX include expressions match only start/end ranges.
==WARNING== Refer https://docs.nvidia.com/nsi"
94,0.8703703703703703,108,,,1,1,1.0638297872340425,1,98.93617021276596,No kernels captured in ncu output,,,"==WARNING== Note: Running with unmodified GPU clocks. If not controlled otherwise, profiling results may be inconsistent.
==PROF== Connected to process 2550376 (/apps/applications/Miniconda/25.11.1/envs/pytorch_2.9.1_cuda13/bin/python3.14)
Loading Zamba2 from Zyphra/Zamba2-7B-Instruct …
==PROF== Disconnected from process 2550376
==WARNING== No kernels were profiled.
==WARNING== Note that specified NVTX include expressions match only start/end ranges.
==WARNING== Refer https://docs.nvidia.com/nsi"
94,0.8703703703703703,108,4096,64,65536,698,99.88416753032982,18,0.11583246967018512,ncu exit code 1,"==WARNING== Note: Running with unmodified GPU clocks. If not controlled otherwise, profiling results may be inconsistent.
==PROF== Connected to process 2550552 (/apps/applications/Miniconda/25.11.1/envs/pytorch_2.9.1_cuda13/bin/python3.14)
Loading Zamba2 from Zyphra/Zamba2-7B-Instruct …
==PROF== Disconnected from process 2550552
==ERROR== The application returned an error code (1).
","/apps/applications/Miniconda/25.11.1/envs/pytorch_2.9.1_cuda13/lib/python3.14/site-packages/torch/cuda/__init__.py:63: FutureWarning: The pynvml package is deprecated. Please install nvidia-ml-py instead. If you did not install pynvml directly, please report this to the maintainers of the package that installed pynvml for you.
  import pynvml  # type: ignore[import]
Warning: You are sending unauthenticated requests to the HF Hub. Please set a HF_TOKEN to enable higher rate limits and faster downloads.
[transformers] `torch_dtype` is deprecated! Use `dtype` instead!
Traceback (most recent call last):
  File ""/scratch/ehmoon/whlee/prefill-layer-alloc/stage1_sm_scaling/../src/profiling/../../src/models/zamba2.py"", line 238, in forward
    y = mamba_chunk_scan_combined(
        x, dt, A, B, C,
    ...<3 lines>...
        dt_softplus=True,
    )
  File ""/home01/ehmoon/.local/lib/python3.14/site-packages/mamba_ssm/ops/triton/ssd_combined.py"", line 643, in mamba_chunk_scan_combined
    return",
94,0.8703703703703703,108,,,1,1,1.0638297872340425,1,98.93617021276596,No kernels captured in ncu output,,,"==WARNING== Note: Running with unmodified GPU clocks. If not controlled otherwise, profiling results may be inconsistent.
==PROF== Connected to process 2550726 (/apps/applications/Miniconda/25.11.1/envs/pytorch_2.9.1_cuda13/bin/python3.14)
Loading Zamba2 from Zyphra/Zamba2-7B-Instruct …
==PROF== Disconnected from process 2550726
==WARNING== No kernels were profiled.
==WARNING== Note that specified NVTX include expressions match only start/end ranges.
==WARNING== Refer https://docs.nvidia.com/nsi"
94,0.8703703703703703,108,,,1,1,1.0638297872340425,1,98.93617021276596,No kernels captured in ncu output,,,"==WARNING== Note: Running with unmodified GPU clocks. If not controlled otherwise, profiling results may be inconsistent.
==PROF== Connected to process 2551290 (/apps/applications/Miniconda/25.11.1/envs/pytorch_2.9.1_cuda13/bin/python3.14)
Loading Zamba2 from Zyphra/Zamba2-7B-Instruct …
==PROF== Disconnected from process 2551290
==WARNING== No kernels were profiled.
==WARNING== Note that specified NVTX include expressions match only start/end ranges.
==WARNING== Refer https://docs.nvidia.com/nsi"
94,0.8703703703703703,108,,,1,1,1.0638297872340425,1,98.93617021276596,No kernels captured in ncu output,,,"==WARNING== Note: Running with unmodified GPU clocks. If not controlled otherwise, profiling results may be inconsistent.
==PROF== Connected to process 2551469 (/apps/applications/Miniconda/25.11.1/envs/pytorch_2.9.1_cuda13/bin/python3.14)
Loading Zamba2 from Zyphra/Zamba2-7B-Instruct …
==PROF== Disconnected from process 2551469
==WARNING== No kernels were profiled.
==WARNING== Note that specified NVTX include expressions match only start/end ranges.
==WARNING== Refer https://docs.nvidia.com/nsi"
94,0.8703703703703703,108,8192,32,65536,698,99.88416753032982,18,0.11583246967018512,ncu exit code 1,"==WARNING== Note: Running with unmodified GPU clocks. If not controlled otherwise, profiling results may be inconsistent.
==PROF== Connected to process 2551644 (/apps/applications/Miniconda/25.11.1/envs/pytorch_2.9.1_cuda13/bin/python3.14)
Loading Zamba2 from Zyphra/Zamba2-7B-Instruct …
==PROF== Disconnected from process 2551644
==ERROR== The application returned an error code (1).
","/apps/applications/Miniconda/25.11.1/envs/pytorch_2.9.1_cuda13/lib/python3.14/site-packages/torch/cuda/__init__.py:63: FutureWarning: The pynvml package is deprecated. Please install nvidia-ml-py instead. If you did not install pynvml directly, please report this to the maintainers of the package that installed pynvml for you.
  import pynvml  # type: ignore[import]
Warning: You are sending unauthenticated requests to the HF Hub. Please set a HF_TOKEN to enable higher rate limits and faster downloads.
[transformers] `torch_dtype` is deprecated! Use `dtype` instead!
Traceback (most recent call last):
  File ""/scratch/ehmoon/whlee/prefill-layer-alloc/stage1_sm_scaling/../src/profiling/../../src/models/zamba2.py"", line 238, in forward
    y = mamba_chunk_scan_combined(
        x, dt, A, B, C,
    ...<3 lines>...
        dt_softplus=True,
    )
  File ""/home01/ehmoon/.local/lib/python3.14/site-packages/mamba_ssm/ops/triton/ssd_combined.py"", line 643, in mamba_chunk_scan_combined
    return",
94,0.8703703703703703,108,8192,64,131072,1395,99.955769084115,36,0.04423091588500183,ncu exit code 1,"==WARNING== Note: Running with unmodified GPU clocks. If not controlled otherwise, profiling results may be inconsistent.
==PROF== Connected to process 2551819 (/apps/applications/Miniconda/25.11.1/envs/pytorch_2.9.1_cuda13/bin/python3.14)
Loading Zamba2 from Zyphra/Zamba2-7B-Instruct …
==PROF== Disconnected from process 2551819
==ERROR== The application returned an error code (1).
","/apps/applications/Miniconda/25.11.1/envs/pytorch_2.9.1_cuda13/lib/python3.14/site-packages/torch/cuda/__init__.py:63: FutureWarning: The pynvml package is deprecated. Please install nvidia-ml-py instead. If you did not install pynvml directly, please report this to the maintainers of the package that installed pynvml for you.
  import pynvml  # type: ignore[import]
[transformers] `torch_dtype` is deprecated! Use `dtype` instead!
Traceback (most recent call last):
  File ""/scratch/ehmoon/whlee/prefill-layer-alloc/stage1_sm_scaling/../src/profiling/../../src/models/zamba2.py"", line 238, in forward
    y = mamba_chunk_scan_combined(
        x, dt, A, B, C,
    ...<3 lines>...
        dt_softplus=True,
    )
  File ""/home01/ehmoon/.local/lib/python3.14/site-packages/mamba_ssm/ops/triton/ssd_combined.py"", line 643, in mamba_chunk_scan_combined
    return MambaChunkScanCombinedFn.apply(x, dt, A, B, C, chunk_size, D, z, dt_bias, initial_states, seq_idx, cu_seqlens, dt_softplus, dt_limit, ret",
94,0.8703703703703703,108,,,1,1,1.0638297872340425,1,98.93617021276596,No kernels captured in ncu output,,,"==WARNING== Note: Running with unmodified GPU clocks. If not controlled otherwise, profiling results may be inconsistent.
==PROF== Connected to process 2551992 (/apps/applications/Miniconda/25.11.1/envs/pytorch_2.9.1_cuda13/bin/python3.14)
Loading Zamba2 from Zyphra/Zamba2-7B-Instruct …
==PROF== Disconnected from process 2551992
==WARNING== No kernels were profiled.
==WARNING== Note that specified NVTX include expressions match only start/end ranges.
==WARNING== Refer https://docs.nvidia.com/nsi"
94,0.8703703703703703,108,,,1,1,1.0638297872340425,1,98.93617021276596,No kernels captured in ncu output,,,"==WARNING== Note: Running with unmodified GPU clocks. If not controlled otherwise, profiling results may be inconsistent.
==PROF== Connected to process 2552538 (/apps/applications/Miniconda/25.11.1/envs/pytorch_2.9.1_cuda13/bin/python3.14)
Loading Zamba2 from Zyphra/Zamba2-7B-Instruct …
==PROF== Disconnected from process 2552538
==WARNING== No kernels were profiled.
==WARNING== Note that specified NVTX include expressions match only start/end ranges.
==WARNING== Refer https://docs.nvidia.com/nsi"
94,0.8703703703703703,108,16384,16,65536,698,99.88416753032982,18,0.11583246967018512,ncu exit code 1,"==WARNING== Note: Running with unmodified GPU clocks. If not controlled otherwise, profiling results may be inconsistent.
==PROF== Connected to process 2552716 (/apps/applications/Miniconda/25.11.1/envs/pytorch_2.9.1_cuda13/bin/python3.14)
Loading Zamba2 from Zyphra/Zamba2-7B-Instruct …
==PROF== Disconnected from process 2552716
==ERROR== The application returned an error code (1).
","/apps/applications/Miniconda/25.11.1/envs/pytorch_2.9.1_cuda13/lib/python3.14/site-packages/torch/cuda/__init__.py:63: FutureWarning: The pynvml package is deprecated. Please install nvidia-ml-py instead. If you did not install pynvml directly, please report this to the maintainers of the package that installed pynvml for you.
  import pynvml  # type: ignore[import]
Warning: You are sending unauthenticated requests to the HF Hub. Please set a HF_TOKEN to enable higher rate limits and faster downloads.
[transformers] `torch_dtype` is deprecated! Use `dtype` instead!
Traceback (most recent call last):
  File ""/scratch/ehmoon/whlee/prefill-layer-alloc/stage1_sm_scaling/../src/profiling/../../src/models/zamba2.py"", line 238, in forward
    y = mamba_chunk_scan_combined(
        x, dt, A, B, C,
    ...<3 lines>...
        dt_softplus=True,
    )
  File ""/home01/ehmoon/.local/lib/python3.14/site-packages/mamba_ssm/ops/triton/ssd_combined.py"", line 643, in mamba_chunk_scan_combined
    return",
94,0.8703703703703703,108,16384,32,131072,1395,99.955769084115,36,0.04423091588500183,ncu exit code 1,"==WARNING== Note: Running with unmodified GPU clocks. If not controlled otherwise, profiling results may be inconsistent.
==PROF== Connected to process 2552888 (/apps/applications/Miniconda/25.11.1/envs/pytorch_2.9.1_cuda13/bin/python3.14)
Loading Zamba2 from Zyphra/Zamba2-7B-Instruct …
==PROF== Disconnected from process 2552888
==ERROR== The application returned an error code (1).
","/apps/applications/Miniconda/25.11.1/envs/pytorch_2.9.1_cuda13/lib/python3.14/site-packages/torch/cuda/__init__.py:63: FutureWarning: The pynvml package is deprecated. Please install nvidia-ml-py instead. If you did not install pynvml directly, please report this to the maintainers of the package that installed pynvml for you.
  import pynvml  # type: ignore[import]
Warning: You are sending unauthenticated requests to the HF Hub. Please set a HF_TOKEN to enable higher rate limits and faster downloads.
[transformers] `torch_dtype` is deprecated! Use `dtype` instead!
Traceback (most recent call last):
  File ""/scratch/ehmoon/whlee/prefill-layer-alloc/stage1_sm_scaling/../src/profiling/../../src/models/zamba2.py"", line 238, in forward
    y = mamba_chunk_scan_combined(
        x, dt, A, B, C,
    ...<3 lines>...
        dt_softplus=True,
    )
  File ""/home01/ehmoon/.local/lib/python3.14/site-packages/mamba_ssm/ops/triton/ssd_combined.py"", line 643, in mamba_chunk_scan_combined
    return",
94,0.8703703703703703,108,16384,64,262144,2789,99.99160837026922,72,0.008391629730786221,ncu exit code 1,"==WARNING== Note: Running with unmodified GPU clocks. If not controlled otherwise, profiling results may be inconsistent.
==PROF== Connected to process 2553063 (/apps/applications/Miniconda/25.11.1/envs/pytorch_2.9.1_cuda13/bin/python3.14)
Loading Zamba2 from Zyphra/Zamba2-7B-Instruct …
==PROF== Disconnected from process 2553063
==ERROR== The application returned an error code (1).
","/apps/applications/Miniconda/25.11.1/envs/pytorch_2.9.1_cuda13/lib/python3.14/site-packages/torch/cuda/__init__.py:63: FutureWarning: The pynvml package is deprecated. Please install nvidia-ml-py instead. If you did not install pynvml directly, please report this to the maintainers of the package that installed pynvml for you.
  import pynvml  # type: ignore[import]
Warning: You are sending unauthenticated requests to the HF Hub. Please set a HF_TOKEN to enable higher rate limits and faster downloads.
[transformers] `torch_dtype` is deprecated! Use `dtype` instead!
Traceback (most recent call last):
  File ""/scratch/ehmoon/whlee/prefill-layer-alloc/stage1_sm_scaling/../src/profiling/../../src/models/zamba2.py"", line 238, in forward
    y = mamba_chunk_scan_combined(
        x, dt, A, B, C,
    ...<3 lines>...
        dt_softplus=True,
    )
  File ""/home01/ehmoon/.local/lib/python3.14/site-packages/mamba_ssm/ops/triton/ssd_combined.py"", line 643, in mamba_chunk_scan_combined
    return",
94,0.8703703703703703,108,,,1,1,1.0638297872340425,1,98.93617021276596,No kernels captured in ncu output,,,"==WARNING== Note: Running with unmodified GPU clocks. If not controlled otherwise, profiling results may be inconsistent.
==PROF== Connected to process 2553235 (/apps/applications/Miniconda/25.11.1/envs/pytorch_2.9.1_cuda13/bin/python3.14)
Loading Zamba2 from Zyphra/Zamba2-7B-Instruct …
==PROF== Disconnected from process 2553235
==WARNING== No kernels were profiled.
==WARNING== Note that specified NVTX include expressions match only start/end ranges.
==WARNING== Refer https://docs.nvidia.com/nsi"
94,0.8703703703703703,108,,,1,1,1.0638297872340425,1,98.93617021276596,No kernels captured in ncu output,,,"==WARNING== Note: Running with unmodified GPU clocks. If not controlled otherwise, profiling results may be inconsistent.
==PROF== Connected to process 2554094 (/apps/applications/Miniconda/25.11.1/envs/pytorch_2.9.1_cuda13/bin/python3.14)
Loading Zamba2 from Zyphra/Zamba2-7B-Instruct …
==PROF== Disconnected from process 2554094
==WARNING== No kernels were profiled.
==WARNING== Note that specified NVTX include expressions match only start/end ranges.
==WARNING== Refer https://docs.nvidia.com/nsi"
94,0.8703703703703703,108,32768,16,131072,1395,99.955769084115,36,0.04423091588500183,ncu exit code 1,"==WARNING== Note: Running with unmodified GPU clocks. If not controlled otherwise, profiling results may be inconsistent.
==PROF== Connected to process 2554272 (/apps/applications/Miniconda/25.11.1/envs/pytorch_2.9.1_cuda13/bin/python3.14)
Loading Zamba2 from Zyphra/Zamba2-7B-Instruct …
==PROF== Disconnected from process 2554272
==ERROR== The application returned an error code (1).
","/apps/applications/Miniconda/25.11.1/envs/pytorch_2.9.1_cuda13/lib/python3.14/site-packages/torch/cuda/__init__.py:63: FutureWarning: The pynvml package is deprecated. Please install nvidia-ml-py instead. If you did not install pynvml directly, please report this to the maintainers of the package that installed pynvml for you.
  import pynvml  # type: ignore[import]
[transformers] `torch_dtype` is deprecated! Use `dtype` instead!
Traceback (most recent call last):
  File ""/scratch/ehmoon/whlee/prefill-layer-alloc/stage1_sm_scaling/../src/profiling/../../src/models/zamba2.py"", line 238, in forward
    y = mamba_chunk_scan_combined(
        x, dt, A, B, C,
    ...<3 lines>...
        dt_softplus=True,
    )
  File ""/home01/ehmoon/.local/lib/python3.14/site-packages/mamba_ssm/ops/triton/ssd_combined.py"", line 643, in mamba_chunk_scan_combined
    return MambaChunkScanCombinedFn.apply(x, dt, A, B, C, chunk_size, D, z, dt_bias, initial_states, seq_idx, cu_seqlens, dt_softplus, dt_limit, ret",
94,0.8703703703703703,108,32768,32,262144,2789,99.99160837026922,72,0.008391629730786221,ncu exit code 1,"==WARNING== Note: Running with unmodified GPU clocks. If not controlled otherwise, profiling results may be inconsistent.
==PROF== Connected to process 2554446 (/apps/applications/Miniconda/25.11.1/envs/pytorch_2.9.1_cuda13/bin/python3.14)
Loading Zamba2 from Zyphra/Zamba2-7B-Instruct …
==PROF== Disconnected from process 2554446
==ERROR== The application returned an error code (1).
","/apps/applications/Miniconda/25.11.1/envs/pytorch_2.9.1_cuda13/lib/python3.14/site-packages/torch/cuda/__init__.py:63: FutureWarning: The pynvml package is deprecated. Please install nvidia-ml-py instead. If you did not install pynvml directly, please report this to the maintainers of the package that installed pynvml for you.
  import pynvml  # type: ignore[import]
Warning: You are sending unauthenticated requests to the HF Hub. Please set a HF_TOKEN to enable higher rate limits and faster downloads.
[transformers] `torch_dtype` is deprecated! Use `dtype` instead!
Traceback (most recent call last):
  File ""/scratch/ehmoon/whlee/prefill-layer-alloc/stage1_sm_scaling/../src/profiling/../../src/models/zamba2.py"", line 238, in forward
    y = mamba_chunk_scan_combined(
        x, dt, A, B, C,
    ...<3 lines>...
        dt_softplus=True,
    )
  File ""/home01/ehmoon/.local/lib/python3.14/site-packages/mamba_ssm/ops/triton/ssd_combined.py"", line 643, in mamba_chunk_scan_combined
    return",
94,0.8703703703703703,108,32768,64,524288,5578,99.99160837026922,50,0.008391629730786221,ncu exit code 1,"==WARNING== Note: Running with unmodified GPU clocks. If not controlled otherwise, profiling results may be inconsistent.
==PROF== Connected to process 2554620 (/apps/applications/Miniconda/25.11.1/envs/pytorch_2.9.1_cuda13/bin/python3.14)
Loading Zamba2 from Zyphra/Zamba2-7B-Instruct …
==PROF== Disconnected from process 2554620
==ERROR== The application returned an error code (1).
","/apps/applications/Miniconda/25.11.1/envs/pytorch_2.9.1_cuda13/lib/python3.14/site-packages/torch/cuda/__init__.py:63: FutureWarning: The pynvml package is deprecated. Please install nvidia-ml-py instead. If you did not install pynvml directly, please report this to the maintainers of the package that installed pynvml for you.
  import pynvml  # type: ignore[import]
Warning: You are sending unauthenticated requests to the HF Hub. Please set a HF_TOKEN to enable higher rate limits and faster downloads.
[transformers] `torch_dtype` is deprecated! Use `dtype` instead!
Traceback (most recent call last):
  File ""/scratch/ehmoon/whlee/prefill-layer-alloc/stage1_sm_scaling/../src/profiling/../../src/models/zamba2.py"", line 238, in forward
    y = mamba_chunk_scan_combined(
        x, dt, A, B, C,
    ...<3 lines>...
        dt_softplus=True,
    )
  File ""/home01/ehmoon/.local/lib/python3.14/site-packages/mamba_ssm/ops/triton/ssd_combined.py"", line 643, in mamba_chunk_scan_combined
    return",
108,1.0,108,,,1,1,0.9259259259259258,1,99.07407407407408,No kernels captured in ncu output,,,"==WARNING== Note: Running with unmodified GPU clocks. If not controlled otherwise, profiling results may be inconsistent.
==PROF== Connected to process 2554862 (/apps/applications/Miniconda/25.11.1/envs/pytorch_2.9.1_cuda13/bin/python3.14)
Loading Zamba2 from Zyphra/Zamba2-7B-Instruct …
==PROF== Disconnected from process 2554862
==WARNING== No kernels were profiled.
==WARNING== Note that specified NVTX include expressions match only start/end ranges.
==WARNING== Refer https://docs.nvidia.com/nsi"
108,1.0,108,,,1,1,0.9259259259259258,1,99.07407407407408,No kernels captured in ncu output,,,"==WARNING== Note: Running with unmodified GPU clocks. If not controlled otherwise, profiling results may be inconsistent.
==PROF== Connected to process 2555319 (/apps/applications/Miniconda/25.11.1/envs/pytorch_2.9.1_cuda13/bin/python3.14)
Loading Zamba2 from Zyphra/Zamba2-7B-Instruct …
==PROF== Disconnected from process 2555319
==WARNING== No kernels were profiled.
==WARNING== Note that specified NVTX include expressions match only start/end ranges.
==WARNING== Refer https://docs.nvidia.com/nsi"
108,1.0,108,,,1,1,0.9259259259259258,1,99.07407407407408,No kernels captured in ncu output,,,"==WARNING== Note: Running with unmodified GPU clocks. If not controlled otherwise, profiling results may be inconsistent.
==PROF== Connected to process 2555494 (/apps/applications/Miniconda/25.11.1/envs/pytorch_2.9.1_cuda13/bin/python3.14)
Loading Zamba2 from Zyphra/Zamba2-7B-Instruct …
==PROF== Disconnected from process 2555494
==WARNING== No kernels were profiled.
==WARNING== Note that specified NVTX include expressions match only start/end ranges.
==WARNING== Refer https://docs.nvidia.com/nsi"
108,1.0,108,,,1,1,0.9259259259259258,1,99.07407407407408,No kernels captured in ncu output,,,"==WARNING== Note: Running with unmodified GPU clocks. If not controlled otherwise, profiling results may be inconsistent.
==PROF== Connected to process 2555669 (/apps/applications/Miniconda/25.11.1/envs/pytorch_2.9.1_cuda13/bin/python3.14)
Loading Zamba2 from Zyphra/Zamba2-7B-Instruct …
==PROF== Disconnected from process 2555669
==WARNING== No kernels were profiled.
==WARNING== Note that specified NVTX include expressions match only start/end ranges.
==WARNING== Refer https://docs.nvidia.com/nsi"
108,1.0,108,,,1,1,0.9259259259259258,1,99.07407407407408,No kernels captured in ncu output,,,"==WARNING== Note: Running with unmodified GPU clocks. If not controlled otherwise, profiling results may be inconsistent.
==PROF== Connected to process 2555844 (/apps/applications/Miniconda/25.11.1/envs/pytorch_2.9.1_cuda13/bin/python3.14)
Loading Zamba2 from Zyphra/Zamba2-7B-Instruct …
==PROF== Disconnected from process 2555844
==WARNING== No kernels were profiled.
==WARNING== Note that specified NVTX include expressions match only start/end ranges.
==WARNING== Refer https://docs.nvidia.com/nsi"
108,1.0,108,,,1,1,0.9259259259259258,1,99.07407407407408,No kernels captured in ncu output,,,"==WARNING== Note: Running with unmodified GPU clocks. If not controlled otherwise, profiling results may be inconsistent.
==PROF== Connected to process 2556365 (/apps/applications/Miniconda/25.11.1/envs/pytorch_2.9.1_cuda13/bin/python3.14)
Loading Zamba2 from Zyphra/Zamba2-7B-Instruct …
==PROF== Disconnected from process 2556365
==WARNING== No kernels were profiled.
==WARNING== Note that specified NVTX include expressions match only start/end ranges.
==WARNING== Refer https://docs.nvidia.com/nsi"
108,1.0,108,,,1,1,0.9259259259259258,1,99.07407407407408,No kernels captured in ncu output,,,"==WARNING== Note: Running with unmodified GPU clocks. If not controlled otherwise, profiling results may be inconsistent.
==PROF== Connected to process 2556540 (/apps/applications/Miniconda/25.11.1/envs/pytorch_2.9.1_cuda13/bin/python3.14)
Loading Zamba2 from Zyphra/Zamba2-7B-Instruct …
==PROF== Disconnected from process 2556540
==WARNING== No kernels were profiled.
==WARNING== Note that specified NVTX include expressions match only start/end ranges.
==WARNING== Refer https://docs.nvidia.com/nsi"
108,1.0,108,,,1,1,0.9259259259259258,1,99.07407407407408,No kernels captured in ncu output,,,"==WARNING== Note: Running with unmodified GPU clocks. If not controlled otherwise, profiling results may be inconsistent.
==PROF== Connected to process 2556715 (/apps/applications/Miniconda/25.11.1/envs/pytorch_2.9.1_cuda13/bin/python3.14)
Loading Zamba2 from Zyphra/Zamba2-7B-Instruct …
==PROF== Disconnected from process 2556715
==WARNING== No kernels were profiled.
==WARNING== Note that specified NVTX include expressions match only start/end ranges.
==WARNING== Refer https://docs.nvidia.com/nsi"
108,1.0,108,,,1,1,0.9259259259259258,1,99.07407407407408,No kernels captured in ncu output,,,"==WARNING== Note: Running with unmodified GPU clocks. If not controlled otherwise, profiling results may be inconsistent.
==PROF== Connected to process 2556889 (/apps/applications/Miniconda/25.11.1/envs/pytorch_2.9.1_cuda13/bin/python3.14)
Loading Zamba2 from Zyphra/Zamba2-7B-Instruct …
==PROF== Disconnected from process 2556889
==WARNING== No kernels were profiled.
==WARNING== Note that specified NVTX include expressions match only start/end ranges.
==WARNING== Refer https://docs.nvidia.com/nsi"
108,1.0,108,,,1,1,0.9259259259259258,1,99.07407407407408,No kernels captured in ncu output,,,"==WARNING== Note: Running with unmodified GPU clocks. If not controlled otherwise, profiling results may be inconsistent.
==PROF== Connected to process 2557437 (/apps/applications/Miniconda/25.11.1/envs/pytorch_2.9.1_cuda13/bin/python3.14)
Loading Zamba2 from Zyphra/Zamba2-7B-Instruct …
==PROF== Disconnected from process 2557437
==WARNING== No kernels were profiled.
==WARNING== Note that specified NVTX include expressions match only start/end ranges.
==WARNING== Refer https://docs.nvidia.com/nsi"
108,1.0,108,,,1,1,0.9259259259259258,1,99.07407407407408,No kernels captured in ncu output,,,"==WARNING== Note: Running with unmodified GPU clocks. If not controlled otherwise, profiling results may be inconsistent.
==PROF== Connected to process 2557612 (/apps/applications/Miniconda/25.11.1/envs/pytorch_2.9.1_cuda13/bin/python3.14)
Loading Zamba2 from Zyphra/Zamba2-7B-Instruct …
==PROF== Disconnected from process 2557612
==WARNING== No kernels were profiled.
==WARNING== Note that specified NVTX include expressions match only start/end ranges.
==WARNING== Refer https://docs.nvidia.com/nsi"
108,1.0,108,,,1,1,0.9259259259259258,1,99.07407407407408,No kernels captured in ncu output,,,"==WARNING== Note: Running with unmodified GPU clocks. If not controlled otherwise, profiling results may be inconsistent.
==PROF== Connected to process 2557787 (/apps/applications/Miniconda/25.11.1/envs/pytorch_2.9.1_cuda13/bin/python3.14)
Loading Zamba2 from Zyphra/Zamba2-7B-Instruct …
==PROF== Disconnected from process 2557787
==WARNING== No kernels were profiled.
==WARNING== Note that specified NVTX include expressions match only start/end ranges.
==WARNING== Refer https://docs.nvidia.com/nsi"
108,1.0,108,,,1,1,0.9259259259259258,1,99.07407407407408,No kernels captured in ncu output,,,"==WARNING== Note: Running with unmodified GPU clocks. If not controlled otherwise, profiling results may be inconsistent.
==PROF== Connected to process 2557979 (/apps/applications/Miniconda/25.11.1/envs/pytorch_2.9.1_cuda13/bin/python3.14)
Loading Zamba2 from Zyphra/Zamba2-7B-Instruct …
==PROF== Disconnected from process 2557979
==WARNING== No kernels were profiled.
==WARNING== Note that specified NVTX include expressions match only start/end ranges.
==WARNING== Refer https://docs.nvidia.com/nsi"
108,1.0,108,,,1,1,0.9259259259259258,1,99.07407407407408,No kernels captured in ncu output,,,"==WARNING== Note: Running with unmodified GPU clocks. If not controlled otherwise, profiling results may be inconsistent.
==PROF== Connected to process 2558526 (/apps/applications/Miniconda/25.11.1/envs/pytorch_2.9.1_cuda13/bin/python3.14)
Loading Zamba2 from Zyphra/Zamba2-7B-Instruct …
==PROF== Disconnected from process 2558526
==WARNING== No kernels were profiled.
==WARNING== Note that specified NVTX include expressions match only start/end ranges.
==WARNING== Refer https://docs.nvidia.com/nsi"
108,1.0,108,,,1,1,0.9259259259259258,1,99.07407407407408,No kernels captured in ncu output,,,"==WARNING== Note: Running with unmodified GPU clocks. If not controlled otherwise, profiling results may be inconsistent.
==PROF== Connected to process 2558701 (/apps/applications/Miniconda/25.11.1/envs/pytorch_2.9.1_cuda13/bin/python3.14)
Loading Zamba2 from Zyphra/Zamba2-7B-Instruct …
==PROF== Disconnected from process 2558701
==WARNING== No kernels were profiled.
==WARNING== Note that specified NVTX include expressions match only start/end ranges.
==WARNING== Refer https://docs.nvidia.com/nsi"
108,1.0,108,,,1,1,0.9259259259259258,1,99.07407407407408,No kernels captured in ncu output,,,"==WARNING== Note: Running with unmodified GPU clocks. If not controlled otherwise, profiling results may be inconsistent.
==PROF== Connected to process 2558877 (/apps/applications/Miniconda/25.11.1/envs/pytorch_2.9.1_cuda13/bin/python3.14)
Loading Zamba2 from Zyphra/Zamba2-7B-Instruct …
==PROF== Disconnected from process 2558877
==WARNING== No kernels were profiled.
==WARNING== Note that specified NVTX include expressions match only start/end ranges.
==WARNING== Refer https://docs.nvidia.com/nsi"
108,1.0,108,,,1,1,0.9259259259259258,1,99.07407407407408,No kernels captured in ncu output,,,"==WARNING== Note: Running with unmodified GPU clocks. If not controlled otherwise, profiling results may be inconsistent.
==PROF== Connected to process 2559052 (/apps/applications/Miniconda/25.11.1/envs/pytorch_2.9.1_cuda13/bin/python3.14)
Loading Zamba2 from Zyphra/Zamba2-7B-Instruct …
==PROF== Disconnected from process 2559052
==WARNING== No kernels were profiled.
==WARNING== Note that specified NVTX include expressions match only start/end ranges.
==WARNING== Refer https://docs.nvidia.com/nsi"
108,1.0,108,,,1,1,0.9259259259259258,1,99.07407407407408,No kernels captured in ncu output,,,"==WARNING== Note: Running with unmodified GPU clocks. If not controlled otherwise, profiling results may be inconsistent.
==PROF== Connected to process 2559907 (/apps/applications/Miniconda/25.11.1/envs/pytorch_2.9.1_cuda13/bin/python3.14)
Loading Zamba2 from Zyphra/Zamba2-7B-Instruct …
==PROF== Disconnected from process 2559907
==WARNING== No kernels were profiled.
==WARNING== Note that specified NVTX include expressions match only start/end ranges.
==WARNING== Refer https://docs.nvidia.com/nsi"
108,1.0,108,,,1,1,0.9259259259259258,1,99.07407407407408,No kernels captured in ncu output,,,"==WARNING== Note: Running with unmodified GPU clocks. If not controlled otherwise, profiling results may be inconsistent.
==PROF== Connected to process 2560082 (/apps/applications/Miniconda/25.11.1/envs/pytorch_2.9.1_cuda13/bin/python3.14)
Loading Zamba2 from Zyphra/Zamba2-7B-Instruct …
==PROF== Disconnected from process 2560082
==WARNING== No kernels were profiled.
==WARNING== Note that specified NVTX include expressions match only start/end ranges.
==WARNING== Refer https://docs.nvidia.com/nsi"
108,1.0,108,,,1,1,0.9259259259259258,1,99.07407407407408,No kernels captured in ncu output,,,"==WARNING== Note: Running with unmodified GPU clocks. If not controlled otherwise, profiling results may be inconsistent.
==PROF== Connected to process 2560257 (/apps/applications/Miniconda/25.11.1/envs/pytorch_2.9.1_cuda13/bin/python3.14)
Loading Zamba2 from Zyphra/Zamba2-7B-Instruct …
==PROF== Disconnected from process 2560257
==WARNING== No kernels were profiled.
==WARNING== Note that specified NVTX include expressions match only start/end ranges.
==WARNING== Refer https://docs.nvidia.com/nsi"
108,1.0,108,,,1,1,0.9259259259259258,1,99.07407407407408,No kernels captured in ncu output,,,"==WARNING== Note: Running with unmodified GPU clocks. If not controlled otherwise, profiling results may be inconsistent.
==PROF== Connected to process 2560605 (/apps/applications/Miniconda/25.11.1/envs/pytorch_2.9.1_cuda13/bin/python3.14)
Loading Zamba2 from Zyphra/Zamba2-7B-Instruct …
==PROF== Disconnected from process 2560605
==WARNING== No kernels were profiled.
==WARNING== Note that specified NVTX include expressions match only start/end ranges.
==WARNING== Refer https://docs.nvidia.com/nsi"
108,1.0,108,,,1,1,0.9259259259259258,1,99.07407407407408,No kernels captured in ncu output,,,"==WARNING== Note: Running with unmodified GPU clocks. If not controlled otherwise, profiling results may be inconsistent.
==PROF== Connected to process 2561154 (/apps/applications/Miniconda/25.11.1/envs/pytorch_2.9.1_cuda13/bin/python3.14)
Loading Zamba2 from Zyphra/Zamba2-7B-Instruct …
==PROF== Disconnected from process 2561154
==WARNING== No kernels were profiled.
==WARNING== Note that specified NVTX include expressions match only start/end ranges.
==WARNING== Refer https://docs.nvidia.com/nsi"
108,1.0,108,,,1,1,0.9259259259259258,1,99.07407407407408,No kernels captured in ncu output,,,"==WARNING== Note: Running with unmodified GPU clocks. If not controlled otherwise, profiling results may be inconsistent.
==PROF== Connected to process 2561330 (/apps/applications/Miniconda/25.11.1/envs/pytorch_2.9.1_cuda13/bin/python3.14)
Loading Zamba2 from Zyphra/Zamba2-7B-Instruct …
==PROF== Disconnected from process 2561330
==WARNING== No kernels were profiled.
==WARNING== Note that specified NVTX include expressions match only start/end ranges.
==WARNING== Refer https://docs.nvidia.com/nsi"
108,1.0,108,,,1,1,0.9259259259259258,1,99.07407407407408,No kernels captured in ncu output,,,"==WARNING== Note: Running with unmodified GPU clocks. If not controlled otherwise, profiling results may be inconsistent.
==PROF== Connected to process 2561506 (/apps/applications/Miniconda/25.11.1/envs/pytorch_2.9.1_cuda13/bin/python3.14)
Loading Zamba2 from Zyphra/Zamba2-7B-Instruct …
==PROF== Disconnected from process 2561506
==WARNING== No kernels were profiled.
==WARNING== Note that specified NVTX include expressions match only start/end ranges.
==WARNING== Refer https://docs.nvidia.com/nsi"
108,1.0,108,4096,64,65536,607,99.96949173225944,88,0.030508267740558814,ncu exit code 1,"==WARNING== Note: Running with unmodified GPU clocks. If not controlled otherwise, profiling results may be inconsistent.
==PROF== Connected to process 2561681 (/apps/applications/Miniconda/25.11.1/envs/pytorch_2.9.1_cuda13/bin/python3.14)
Loading Zamba2 from Zyphra/Zamba2-7B-Instruct …
==PROF== Disconnected from process 2561681
==ERROR== The application returned an error code (1).
","/apps/applications/Miniconda/25.11.1/envs/pytorch_2.9.1_cuda13/lib/python3.14/site-packages/torch/cuda/__init__.py:63: FutureWarning: The pynvml package is deprecated. Please install nvidia-ml-py instead. If you did not install pynvml directly, please report this to the maintainers of the package that installed pynvml for you.
  import pynvml  # type: ignore[import]
[transformers] `torch_dtype` is deprecated! Use `dtype` instead!
Traceback (most recent call last):
  File ""/scratch/ehmoon/whlee/prefill-layer-alloc/stage1_sm_scaling/../src/profiling/../../src/models/zamba2.py"", line 238, in forward
    y = mamba_chunk_scan_combined(
        x, dt, A, B, C,
    ...<3 lines>...
        dt_softplus=True,
    )
  File ""/home01/ehmoon/.local/lib/python3.14/site-packages/mamba_ssm/ops/triton/ssd_combined.py"", line 643, in mamba_chunk_scan_combined
    return MambaChunkScanCombinedFn.apply(x, dt, A, B, C, chunk_size, D, z, dt_bias, initial_states, seq_idx, cu_seqlens, dt_softplus, dt_limit, ret",
108,1.0,108,,,1,1,0.9259259259259258,1,99.07407407407408,No kernels captured in ncu output,,,"==WARNING== Note: Running with unmodified GPU clocks. If not controlled otherwise, profiling results may be inconsistent.
==PROF== Connected to process 2562223 (/apps/applications/Miniconda/25.11.1/envs/pytorch_2.9.1_cuda13/bin/python3.14)
Loading Zamba2 from Zyphra/Zamba2-7B-Instruct …
==PROF== Disconnected from process 2562223
==WARNING== No kernels were profiled.
==WARNING== Note that specified NVTX include expressions match only start/end ranges.
==WARNING== Refer https://docs.nvidia.com/nsi"
108,1.0,108,,,1,1,0.9259259259259258,1,99.07407407407408,No kernels captured in ncu output,,,"==WARNING== Note: Running with unmodified GPU clocks. If not controlled otherwise, profiling results may be inconsistent.
==PROF== Connected to process 2562402 (/apps/applications/Miniconda/25.11.1/envs/pytorch_2.9.1_cuda13/bin/python3.14)
Loading Zamba2 from Zyphra/Zamba2-7B-Instruct …
==PROF== Disconnected from process 2562402
==WARNING== No kernels were profiled.
==WARNING== Note that specified NVTX include expressions match only start/end ranges.
==WARNING== Refer https://docs.nvidia.com/nsi"
108,1.0,108,,,1,1,0.9259259259259258,1,99.07407407407408,No kernels captured in ncu output,,,"==WARNING== Note: Running with unmodified GPU clocks. If not controlled otherwise, profiling results may be inconsistent.
==PROF== Connected to process 2562577 (/apps/applications/Miniconda/25.11.1/envs/pytorch_2.9.1_cuda13/bin/python3.14)
Loading Zamba2 from Zyphra/Zamba2-7B-Instruct …
==PROF== Disconnected from process 2562577
==WARNING== No kernels were profiled.
==WARNING== Note that specified NVTX include expressions match only start/end ranges.
==WARNING== Refer https://docs.nvidia.com/nsi"
108,1.0,108,8192,32,65536,607,99.96949173225944,88,0.030508267740558814,ncu exit code 1,"==WARNING== Note: Running with unmodified GPU clocks. If not controlled otherwise, profiling results may be inconsistent.
==PROF== Connected to process 2562754 (/apps/applications/Miniconda/25.11.1/envs/pytorch_2.9.1_cuda13/bin/python3.14)
Loading Zamba2 from Zyphra/Zamba2-7B-Instruct …
==PROF== Disconnected from process 2562754
==ERROR== The application returned an error code (1).
","/apps/applications/Miniconda/25.11.1/envs/pytorch_2.9.1_cuda13/lib/python3.14/site-packages/torch/cuda/__init__.py:63: FutureWarning: The pynvml package is deprecated. Please install nvidia-ml-py instead. If you did not install pynvml directly, please report this to the maintainers of the package that installed pynvml for you.
  import pynvml  # type: ignore[import]
Warning: You are sending unauthenticated requests to the HF Hub. Please set a HF_TOKEN to enable higher rate limits and faster downloads.
[transformers] `torch_dtype` is deprecated! Use `dtype` instead!
Traceback (most recent call last):
  File ""/scratch/ehmoon/whlee/prefill-layer-alloc/stage1_sm_scaling/../src/profiling/../../src/models/zamba2.py"", line 238, in forward
    y = mamba_chunk_scan_combined(
        x, dt, A, B, C,
    ...<3 lines>...
        dt_softplus=True,
    )
  File ""/home01/ehmoon/.local/lib/python3.14/site-packages/mamba_ssm/ops/triton/ssd_combined.py"", line 643, in mamba_chunk_scan_combined
    return",
108,1.0,108,8192,64,131072,1214,99.96949173225944,68,0.030508267740558814,ncu exit code 1,"==WARNING== Note: Running with unmodified GPU clocks. If not controlled otherwise, profiling results may be inconsistent.
==PROF== Connected to process 2563297 (/apps/applications/Miniconda/25.11.1/envs/pytorch_2.9.1_cuda13/bin/python3.14)
Loading Zamba2 from Zyphra/Zamba2-7B-Instruct …
==PROF== Disconnected from process 2563297
==ERROR== The application returned an error code (1).
","/apps/applications/Miniconda/25.11.1/envs/pytorch_2.9.1_cuda13/lib/python3.14/site-packages/torch/cuda/__init__.py:63: FutureWarning: The pynvml package is deprecated. Please install nvidia-ml-py instead. If you did not install pynvml directly, please report this to the maintainers of the package that installed pynvml for you.
  import pynvml  # type: ignore[import]
[transformers] `torch_dtype` is deprecated! Use `dtype` instead!
Traceback (most recent call last):
  File ""/scratch/ehmoon/whlee/prefill-layer-alloc/stage1_sm_scaling/../src/profiling/../../src/models/zamba2.py"", line 238, in forward
    y = mamba_chunk_scan_combined(
        x, dt, A, B, C,
    ...<3 lines>...
        dt_softplus=True,
    )
  File ""/home01/ehmoon/.local/lib/python3.14/site-packages/mamba_ssm/ops/triton/ssd_combined.py"", line 643, in mamba_chunk_scan_combined
    return MambaChunkScanCombinedFn.apply(x, dt, A, B, C, chunk_size, D, z, dt_bias, initial_states, seq_idx, cu_seqlens, dt_softplus, dt_limit, ret",
108,1.0,108,,,1,1,0.9259259259259258,1,99.07407407407408,No kernels captured in ncu output,,,"==WARNING== Note: Running with unmodified GPU clocks. If not controlled otherwise, profiling results may be inconsistent.
==PROF== Connected to process 2563475 (/apps/applications/Miniconda/25.11.1/envs/pytorch_2.9.1_cuda13/bin/python3.14)
Loading Zamba2 from Zyphra/Zamba2-7B-Instruct …
==PROF== Disconnected from process 2563475
==WARNING== No kernels were profiled.
==WARNING== Note that specified NVTX include expressions match only start/end ranges.
==WARNING== Refer https://docs.nvidia.com/nsi"
108,1.0,108,,,1,1,0.9259259259259258,1,99.07407407407408,No kernels captured in ncu output,,,"==WARNING== Note: Running with unmodified GPU clocks. If not controlled otherwise, profiling results may be inconsistent.
==PROF== Connected to process 2563649 (/apps/applications/Miniconda/25.11.1/envs/pytorch_2.9.1_cuda13/bin/python3.14)
Loading Zamba2 from Zyphra/Zamba2-7B-Instruct …
==PROF== Disconnected from process 2563649
==WARNING== No kernels were profiled.
==WARNING== Note that specified NVTX include expressions match only start/end ranges.
==WARNING== Refer https://docs.nvidia.com/nsi"
108,1.0,108,16384,16,65536,607,99.96949173225944,88,0.030508267740558814,ncu exit code 1,"==WARNING== Note: Running with unmodified GPU clocks. If not controlled otherwise, profiling results may be inconsistent.
==PROF== Connected to process 2563825 (/apps/applications/Miniconda/25.11.1/envs/pytorch_2.9.1_cuda13/bin/python3.14)
Loading Zamba2 from Zyphra/Zamba2-7B-Instruct …
==PROF== Disconnected from process 2563825
==ERROR== The application returned an error code (1).
","/apps/applications/Miniconda/25.11.1/envs/pytorch_2.9.1_cuda13/lib/python3.14/site-packages/torch/cuda/__init__.py:63: FutureWarning: The pynvml package is deprecated. Please install nvidia-ml-py instead. If you did not install pynvml directly, please report this to the maintainers of the package that installed pynvml for you.
  import pynvml  # type: ignore[import]
Warning: You are sending unauthenticated requests to the HF Hub. Please set a HF_TOKEN to enable higher rate limits and faster downloads.
[transformers] `torch_dtype` is deprecated! Use `dtype` instead!
Traceback (most recent call last):
  File ""/scratch/ehmoon/whlee/prefill-layer-alloc/stage1_sm_scaling/../src/profiling/../../src/models/zamba2.py"", line 238, in forward
    y = mamba_chunk_scan_combined(
        x, dt, A, B, C,
    ...<3 lines>...
        dt_softplus=True,
    )
  File ""/home01/ehmoon/.local/lib/python3.14/site-packages/mamba_ssm/ops/triton/ssd_combined.py"", line 643, in mamba_chunk_scan_combined
    return",
108,1.0,108,16384,32,131072,1214,99.96949173225944,68,0.030508267740558814,ncu exit code 1,"==WARNING== Note: Running with unmodified GPU clocks. If not controlled otherwise, profiling results may be inconsistent.
==PROF== Connected to process 2563998 (/apps/applications/Miniconda/25.11.1/envs/pytorch_2.9.1_cuda13/bin/python3.14)
Loading Zamba2 from Zyphra/Zamba2-7B-Instruct …
==PROF== Disconnected from process 2563998
==ERROR== The application returned an error code (1).
","/apps/applications/Miniconda/25.11.1/envs/pytorch_2.9.1_cuda13/lib/python3.14/site-packages/torch/cuda/__init__.py:63: FutureWarning: The pynvml package is deprecated. Please install nvidia-ml-py instead. If you did not install pynvml directly, please report this to the maintainers of the package that installed pynvml for you.
  import pynvml  # type: ignore[import]
[transformers] `torch_dtype` is deprecated! Use `dtype` instead!
Traceback (most recent call last):
  File ""/scratch/ehmoon/whlee/prefill-layer-alloc/stage1_sm_scaling/../src/profiling/../../src/models/zamba2.py"", line 238, in forward
    y = mamba_chunk_scan_combined(
        x, dt, A, B, C,
    ...<3 lines>...
        dt_softplus=True,
    )
  File ""/home01/ehmoon/.local/lib/python3.14/site-packages/mamba_ssm/ops/triton/ssd_combined.py"", line 643, in mamba_chunk_scan_combined
    return MambaChunkScanCombinedFn.apply(x, dt, A, B, C, chunk_size, D, z, dt_bias, initial_states, seq_idx, cu_seqlens, dt_softplus, dt_limit, ret",
108,1.0,108,16384,64,262144,2428,99.96949173225944,28,0.030508267740558814,ncu exit code 1,"==WARNING== Note: Running with unmodified GPU clocks. If not controlled otherwise, profiling results may be inconsistent.
==PROF== Connected to process 2564466 (/apps/applications/Miniconda/25.11.1/envs/pytorch_2.9.1_cuda13/bin/python3.14)
Loading Zamba2 from Zyphra/Zamba2-7B-Instruct …
==PROF== Disconnected from process 2564466
==ERROR== The application returned an error code (1).
","/apps/applications/Miniconda/25.11.1/envs/pytorch_2.9.1_cuda13/lib/python3.14/site-packages/torch/cuda/__init__.py:63: FutureWarning: The pynvml package is deprecated. Please install nvidia-ml-py instead. If you did not install pynvml directly, please report this to the maintainers of the package that installed pynvml for you.
  import pynvml  # type: ignore[import]
Warning: You are sending unauthenticated requests to the HF Hub. Please set a HF_TOKEN to enable higher rate limits and faster downloads.
[transformers] `torch_dtype` is deprecated! Use `dtype` instead!
Traceback (most recent call last):
  File ""/scratch/ehmoon/whlee/prefill-layer-alloc/stage1_sm_scaling/../src/profiling/../../src/models/zamba2.py"", line 238, in forward
    y = mamba_chunk_scan_combined(
        x, dt, A, B, C,
    ...<3 lines>...
        dt_softplus=True,
    )
  File ""/home01/ehmoon/.local/lib/python3.14/site-packages/mamba_ssm/ops/triton/ssd_combined.py"", line 643, in mamba_chunk_scan_combined
    return",
108,1.0,108,,,1,1,0.9259259259259258,1,99.07407407407408,No kernels captured in ncu output,,,"==WARNING== Note: Running with unmodified GPU clocks. If not controlled otherwise, profiling results may be inconsistent.
==PROF== Connected to process 2564714 (/apps/applications/Miniconda/25.11.1/envs/pytorch_2.9.1_cuda13/bin/python3.14)
Loading Zamba2 from Zyphra/Zamba2-7B-Instruct …
==PROF== Disconnected from process 2564714
==WARNING== No kernels were profiled.
==WARNING== Note that specified NVTX include expressions match only start/end ranges.
==WARNING== Refer https://docs.nvidia.com/nsi"
108,1.0,108,,,1,1,0.9259259259259258,1,99.07407407407408,No kernels captured in ncu output,,,"==WARNING== Note: Running with unmodified GPU clocks. If not controlled otherwise, profiling results may be inconsistent.
==PROF== Connected to process 2564893 (/apps/applications/Miniconda/25.11.1/envs/pytorch_2.9.1_cuda13/bin/python3.14)
Loading Zamba2 from Zyphra/Zamba2-7B-Instruct …
==PROF== Disconnected from process 2564893
==WARNING== No kernels were profiled.
==WARNING== Note that specified NVTX include expressions match only start/end ranges.
==WARNING== Refer https://docs.nvidia.com/nsi"
108,1.0,108,32768,16,131072,1214,99.96949173225944,68,0.030508267740558814,ncu exit code 1,"==WARNING== Note: Running with unmodified GPU clocks. If not controlled otherwise, profiling results may be inconsistent.
==PROF== Connected to process 2565069 (/apps/applications/Miniconda/25.11.1/envs/pytorch_2.9.1_cuda13/bin/python3.14)
Loading Zamba2 from Zyphra/Zamba2-7B-Instruct …
==PROF== Disconnected from process 2565069
==ERROR== The application returned an error code (1).
","/apps/applications/Miniconda/25.11.1/envs/pytorch_2.9.1_cuda13/lib/python3.14/site-packages/torch/cuda/__init__.py:63: FutureWarning: The pynvml package is deprecated. Please install nvidia-ml-py instead. If you did not install pynvml directly, please report this to the maintainers of the package that installed pynvml for you.
  import pynvml  # type: ignore[import]
Warning: You are sending unauthenticated requests to the HF Hub. Please set a HF_TOKEN to enable higher rate limits and faster downloads.
[transformers] `torch_dtype` is deprecated! Use `dtype` instead!
Traceback (most recent call last):
  File ""/scratch/ehmoon/whlee/prefill-layer-alloc/stage1_sm_scaling/../src/profiling/../../src/models/zamba2.py"", line 238, in forward
    y = mamba_chunk_scan_combined(
        x, dt, A, B, C,
    ...<3 lines>...
        dt_softplus=True,
    )
  File ""/home01/ehmoon/.local/lib/python3.14/site-packages/mamba_ssm/ops/triton/ssd_combined.py"", line 643, in mamba_chunk_scan_combined
    return",
108,1.0,108,32768,32,262144,2428,99.96949173225944,28,0.030508267740558814,ncu exit code 1,"==WARNING== Note: Running with unmodified GPU clocks. If not controlled otherwise, profiling results may be inconsistent.
==PROF== Connected to process 2565242 (/apps/applications/Miniconda/25.11.1/envs/pytorch_2.9.1_cuda13/bin/python3.14)
Loading Zamba2 from Zyphra/Zamba2-7B-Instruct …
==PROF== Disconnected from process 2565242
==ERROR== The application returned an error code (1).
","/apps/applications/Miniconda/25.11.1/envs/pytorch_2.9.1_cuda13/lib/python3.14/site-packages/torch/cuda/__init__.py:63: FutureWarning: The pynvml package is deprecated. Please install nvidia-ml-py instead. If you did not install pynvml directly, please report this to the maintainers of the package that installed pynvml for you.
  import pynvml  # type: ignore[import]
[transformers] `torch_dtype` is deprecated! Use `dtype` instead!
Traceback (most recent call last):
  File ""/scratch/ehmoon/whlee/prefill-layer-alloc/stage1_sm_scaling/../src/profiling/../../src/models/zamba2.py"", line 238, in forward
    y = mamba_chunk_scan_combined(
        x, dt, A, B, C,
    ...<3 lines>...
        dt_softplus=True,
    )
  File ""/home01/ehmoon/.local/lib/python3.14/site-packages/mamba_ssm/ops/triton/ssd_combined.py"", line 643, in mamba_chunk_scan_combined
    return MambaChunkScanCombinedFn.apply(x, dt, A, B, C, chunk_size, D, z, dt_bias, initial_states, seq_idx, cu_seqlens, dt_softplus, dt_limit, ret",
108,1.0,108,32768,64,524288,4855,99.99008277072129,56,0.00991722927871086,ncu exit code 1,"==WARNING== Note: Running with unmodified GPU clocks. If not controlled otherwise, profiling results may be inconsistent.
==PROF== Connected to process 2566095 (/apps/applications/Miniconda/25.11.1/envs/pytorch_2.9.1_cuda13/bin/python3.14)
Loading Zamba2 from Zyphra/Zamba2-7B-Instruct …
==PROF== Disconnected from process 2566095
==ERROR== The application returned an error code (1).
","/apps/applications/Miniconda/25.11.1/envs/pytorch_2.9.1_cuda13/lib/python3.14/site-packages/torch/cuda/__init__.py:63: FutureWarning: The pynvml package is deprecated. Please install nvidia-ml-py instead. If you did not install pynvml directly, please report this to the maintainers of the package that installed pynvml for you.
  import pynvml  # type: ignore[import]
Warning: You are sending unauthenticated requests to the HF Hub. Please set a HF_TOKEN to enable higher rate limits and faster downloads.
[transformers] `torch_dtype` is deprecated! Use `dtype` instead!
Traceback (most recent call last):
  File ""/scratch/ehmoon/whlee/prefill-layer-alloc/stage1_sm_scaling/../src/profiling/../../src/models/zamba2.py"", line 238, in forward
    y = mamba_chunk_scan_combined(
        x, dt, A, B, C,
    ...<3 lines>...
        dt_softplus=True,
    )
  File ""/home01/ehmoon/.local/lib/python3.14/site-packages/mamba_ssm/ops/triton/ssd_combined.py"", line 643, in mamba_chunk_scan_combined
    return",
