sm_count,sm_ratio,total_sm,seq_len,batch_size,analytical_n_blocks,analytical_n_waves,analytical_wave_eff_pct,analytical_last_wave_blocks,analytical_wasted_sm_pct,error,ncu_stdout,stderr,stdout
14,0.12962962962962962,108,,,1,1,7.142857142857142,1,92.85714285714286,No kernels captured in ncu output,,,"==WARNING== Note: Running with unmodified GPU clocks. If not controlled otherwise, profiling results may be inconsistent.
==PROF== Connected to process 2566274 (/apps/applications/Miniconda/25.11.1/envs/pytorch_2.9.1_cuda13/bin/python3.14)
==PROF== Disconnected from process 2566274
==WARNING== No kernels were profiled.
==WARNING== Note that specified NVTX include expressions match only start/end ranges.
==WARNING== Refer https://docs.nvidia.com/nsight-compute/NsightComputeCli/index.html#nvtx-fil"
14,0.12962962962962962,108,,,1,1,7.142857142857142,1,92.85714285714286,No kernels captured in ncu output,,,"==WARNING== Note: Running with unmodified GPU clocks. If not controlled otherwise, profiling results may be inconsistent.
==PROF== Connected to process 2566406 (/apps/applications/Miniconda/25.11.1/envs/pytorch_2.9.1_cuda13/bin/python3.14)
==PROF== Disconnected from process 2566406
==WARNING== No kernels were profiled.
==WARNING== Note that specified NVTX include expressions match only start/end ranges.
==WARNING== Refer https://docs.nvidia.com/nsight-compute/NsightComputeCli/index.html#nvtx-fil"
14,0.12962962962962962,108,,,1,1,7.142857142857142,1,92.85714285714286,No kernels captured in ncu output,,,"==WARNING== Note: Running with unmodified GPU clocks. If not controlled otherwise, profiling results may be inconsistent.
==PROF== Connected to process 2566514 (/apps/applications/Miniconda/25.11.1/envs/pytorch_2.9.1_cuda13/bin/python3.14)
==PROF== Disconnected from process 2566514
==WARNING== No kernels were profiled.
==WARNING== Note that specified NVTX include expressions match only start/end ranges.
==WARNING== Refer https://docs.nvidia.com/nsight-compute/NsightComputeCli/index.html#nvtx-fil"
14,0.12962962962962962,108,,,1,1,7.142857142857142,1,92.85714285714286,No kernels captured in ncu output,,,"==WARNING== Note: Running with unmodified GPU clocks. If not controlled otherwise, profiling results may be inconsistent.
==PROF== Connected to process 2566620 (/apps/applications/Miniconda/25.11.1/envs/pytorch_2.9.1_cuda13/bin/python3.14)
==PROF== Disconnected from process 2566620
==WARNING== No kernels were profiled.
==WARNING== Note that specified NVTX include expressions match only start/end ranges.
==WARNING== Refer https://docs.nvidia.com/nsight-compute/NsightComputeCli/index.html#nvtx-fil"
14,0.12962962962962962,108,,,1,1,7.142857142857142,1,92.85714285714286,No kernels captured in ncu output,,,"==WARNING== Note: Running with unmodified GPU clocks. If not controlled otherwise, profiling results may be inconsistent.
==PROF== Connected to process 2566725 (/apps/applications/Miniconda/25.11.1/envs/pytorch_2.9.1_cuda13/bin/python3.14)
==PROF== Disconnected from process 2566725
==WARNING== No kernels were profiled.
==WARNING== Note that specified NVTX include expressions match only start/end ranges.
==WARNING== Refer https://docs.nvidia.com/nsight-compute/NsightComputeCli/index.html#nvtx-fil"
14,0.12962962962962962,108,,,1,1,7.142857142857142,1,92.85714285714286,No kernels captured in ncu output,,,"==WARNING== Note: Running with unmodified GPU clocks. If not controlled otherwise, profiling results may be inconsistent.
==PROF== Connected to process 2566904 (/apps/applications/Miniconda/25.11.1/envs/pytorch_2.9.1_cuda13/bin/python3.14)
==PROF== Disconnected from process 2566904
==WARNING== No kernels were profiled.
==WARNING== Note that specified NVTX include expressions match only start/end ranges.
==WARNING== Refer https://docs.nvidia.com/nsight-compute/NsightComputeCli/index.html#nvtx-fil"
14,0.12962962962962962,108,,,1,1,7.142857142857142,1,92.85714285714286,No kernels captured in ncu output,,,"==WARNING== Note: Running with unmodified GPU clocks. If not controlled otherwise, profiling results may be inconsistent.
==PROF== Connected to process 2567280 (/apps/applications/Miniconda/25.11.1/envs/pytorch_2.9.1_cuda13/bin/python3.14)
==PROF== Disconnected from process 2567280
==WARNING== No kernels were profiled.
==WARNING== Note that specified NVTX include expressions match only start/end ranges.
==WARNING== Refer https://docs.nvidia.com/nsight-compute/NsightComputeCli/index.html#nvtx-fil"
14,0.12962962962962962,108,,,1,1,7.142857142857142,1,92.85714285714286,No kernels captured in ncu output,,,"==WARNING== Note: Running with unmodified GPU clocks. If not controlled otherwise, profiling results may be inconsistent.
==PROF== Connected to process 2567388 (/apps/applications/Miniconda/25.11.1/envs/pytorch_2.9.1_cuda13/bin/python3.14)
==PROF== Disconnected from process 2567388
==WARNING== No kernels were profiled.
==WARNING== Note that specified NVTX include expressions match only start/end ranges.
==WARNING== Refer https://docs.nvidia.com/nsight-compute/NsightComputeCli/index.html#nvtx-fil"
14,0.12962962962962962,108,,,1,1,7.142857142857142,1,92.85714285714286,No kernels captured in ncu output,,,"==WARNING== Note: Running with unmodified GPU clocks. If not controlled otherwise, profiling results may be inconsistent.
==PROF== Connected to process 2567497 (/apps/applications/Miniconda/25.11.1/envs/pytorch_2.9.1_cuda13/bin/python3.14)
==PROF== Disconnected from process 2567497
==WARNING== No kernels were profiled.
==WARNING== Note that specified NVTX include expressions match only start/end ranges.
==WARNING== Refer https://docs.nvidia.com/nsight-compute/NsightComputeCli/index.html#nvtx-fil"
14,0.12962962962962962,108,,,1,1,7.142857142857142,1,92.85714285714286,No kernels captured in ncu output,,,"==WARNING== Note: Running with unmodified GPU clocks. If not controlled otherwise, profiling results may be inconsistent.
==PROF== Connected to process 2567604 (/apps/applications/Miniconda/25.11.1/envs/pytorch_2.9.1_cuda13/bin/python3.14)
==PROF== Disconnected from process 2567604
==WARNING== No kernels were profiled.
==WARNING== Note that specified NVTX include expressions match only start/end ranges.
==WARNING== Refer https://docs.nvidia.com/nsight-compute/NsightComputeCli/index.html#nvtx-fil"
14,0.12962962962962962,108,,,1,1,7.142857142857142,1,92.85714285714286,No kernels captured in ncu output,,,"==WARNING== Note: Running with unmodified GPU clocks. If not controlled otherwise, profiling results may be inconsistent.
==PROF== Connected to process 2567710 (/apps/applications/Miniconda/25.11.1/envs/pytorch_2.9.1_cuda13/bin/python3.14)
==PROF== Disconnected from process 2567710
==WARNING== No kernels were profiled.
==WARNING== Note that specified NVTX include expressions match only start/end ranges.
==WARNING== Refer https://docs.nvidia.com/nsight-compute/NsightComputeCli/index.html#nvtx-fil"
14,0.12962962962962962,108,,,1,1,7.142857142857142,1,92.85714285714286,No kernels captured in ncu output,,,"==WARNING== Note: Running with unmodified GPU clocks. If not controlled otherwise, profiling results may be inconsistent.
==PROF== Connected to process 2567818 (/apps/applications/Miniconda/25.11.1/envs/pytorch_2.9.1_cuda13/bin/python3.14)
==PROF== Disconnected from process 2567818
==WARNING== No kernels were profiled.
==WARNING== Note that specified NVTX include expressions match only start/end ranges.
==WARNING== Refer https://docs.nvidia.com/nsight-compute/NsightComputeCli/index.html#nvtx-fil"
14,0.12962962962962962,108,,,1,1,7.142857142857142,1,92.85714285714286,No kernels captured in ncu output,,,"==WARNING== Note: Running with unmodified GPU clocks. If not controlled otherwise, profiling results may be inconsistent.
==PROF== Connected to process 2567924 (/apps/applications/Miniconda/25.11.1/envs/pytorch_2.9.1_cuda13/bin/python3.14)
==PROF== Disconnected from process 2567924
==WARNING== No kernels were profiled.
==WARNING== Note that specified NVTX include expressions match only start/end ranges.
==WARNING== Refer https://docs.nvidia.com/nsight-compute/NsightComputeCli/index.html#nvtx-fil"
14,0.12962962962962962,108,,,1,1,7.142857142857142,1,92.85714285714286,No kernels captured in ncu output,,,"==WARNING== Note: Running with unmodified GPU clocks. If not controlled otherwise, profiling results may be inconsistent.
==PROF== Connected to process 2568031 (/apps/applications/Miniconda/25.11.1/envs/pytorch_2.9.1_cuda13/bin/python3.14)
==PROF== Disconnected from process 2568031
==WARNING== No kernels were profiled.
==WARNING== Note that specified NVTX include expressions match only start/end ranges.
==WARNING== Refer https://docs.nvidia.com/nsight-compute/NsightComputeCli/index.html#nvtx-fil"
14,0.12962962962962962,108,,,1,1,7.142857142857142,1,92.85714285714286,No kernels captured in ncu output,,,"==WARNING== Note: Running with unmodified GPU clocks. If not controlled otherwise, profiling results may be inconsistent.
==PROF== Connected to process 2568138 (/apps/applications/Miniconda/25.11.1/envs/pytorch_2.9.1_cuda13/bin/python3.14)
==PROF== Disconnected from process 2568138
==WARNING== No kernels were profiled.
==WARNING== Note that specified NVTX include expressions match only start/end ranges.
==WARNING== Refer https://docs.nvidia.com/nsight-compute/NsightComputeCli/index.html#nvtx-fil"
14,0.12962962962962962,108,,,1,1,7.142857142857142,1,92.85714285714286,No kernels captured in ncu output,,,"==WARNING== Note: Running with unmodified GPU clocks. If not controlled otherwise, profiling results may be inconsistent.
==PROF== Connected to process 2568246 (/apps/applications/Miniconda/25.11.1/envs/pytorch_2.9.1_cuda13/bin/python3.14)
==PROF== Disconnected from process 2568246
==WARNING== No kernels were profiled.
==WARNING== Note that specified NVTX include expressions match only start/end ranges.
==WARNING== Refer https://docs.nvidia.com/nsight-compute/NsightComputeCli/index.html#nvtx-fil"
14,0.12962962962962962,108,,,1,1,7.142857142857142,1,92.85714285714286,No kernels captured in ncu output,,,"==WARNING== Note: Running with unmodified GPU clocks. If not controlled otherwise, profiling results may be inconsistent.
==PROF== Connected to process 2568353 (/apps/applications/Miniconda/25.11.1/envs/pytorch_2.9.1_cuda13/bin/python3.14)
==PROF== Disconnected from process 2568353
==WARNING== No kernels were profiled.
==WARNING== Note that specified NVTX include expressions match only start/end ranges.
==WARNING== Refer https://docs.nvidia.com/nsight-compute/NsightComputeCli/index.html#nvtx-fil"
14,0.12962962962962962,108,,,1,1,7.142857142857142,1,92.85714285714286,No kernels captured in ncu output,,,"==WARNING== Note: Running with unmodified GPU clocks. If not controlled otherwise, profiling results may be inconsistent.
==PROF== Connected to process 2568460 (/apps/applications/Miniconda/25.11.1/envs/pytorch_2.9.1_cuda13/bin/python3.14)
==PROF== Disconnected from process 2568460
==WARNING== No kernels were profiled.
==WARNING== Note that specified NVTX include expressions match only start/end ranges.
==WARNING== Refer https://docs.nvidia.com/nsight-compute/NsightComputeCli/index.html#nvtx-fil"
14,0.12962962962962962,108,,,1,1,7.142857142857142,1,92.85714285714286,No kernels captured in ncu output,,,"==WARNING== Note: Running with unmodified GPU clocks. If not controlled otherwise, profiling results may be inconsistent.
==PROF== Connected to process 2568902 (/apps/applications/Miniconda/25.11.1/envs/pytorch_2.9.1_cuda13/bin/python3.14)
==PROF== Disconnected from process 2568902
==WARNING== No kernels were profiled.
==WARNING== Note that specified NVTX include expressions match only start/end ranges.
==WARNING== Refer https://docs.nvidia.com/nsight-compute/NsightComputeCli/index.html#nvtx-fil"
14,0.12962962962962962,108,,,1,1,7.142857142857142,1,92.85714285714286,No kernels captured in ncu output,,,"==WARNING== Note: Running with unmodified GPU clocks. If not controlled otherwise, profiling results may be inconsistent.
==PROF== Connected to process 2569045 (/apps/applications/Miniconda/25.11.1/envs/pytorch_2.9.1_cuda13/bin/python3.14)
==PROF== Disconnected from process 2569045
==WARNING== No kernels were profiled.
==WARNING== Note that specified NVTX include expressions match only start/end ranges.
==WARNING== Refer https://docs.nvidia.com/nsight-compute/NsightComputeCli/index.html#nvtx-fil"
14,0.12962962962962962,108,,,1,1,7.142857142857142,1,92.85714285714286,No kernels captured in ncu output,,,"==WARNING== Note: Running with unmodified GPU clocks. If not controlled otherwise, profiling results may be inconsistent.
==PROF== Connected to process 2569154 (/apps/applications/Miniconda/25.11.1/envs/pytorch_2.9.1_cuda13/bin/python3.14)
==PROF== Disconnected from process 2569154
==WARNING== No kernels were profiled.
==WARNING== Note that specified NVTX include expressions match only start/end ranges.
==WARNING== Refer https://docs.nvidia.com/nsight-compute/NsightComputeCli/index.html#nvtx-fil"
14,0.12962962962962962,108,,,1,1,7.142857142857142,1,92.85714285714286,No kernels captured in ncu output,,,"==WARNING== Note: Running with unmodified GPU clocks. If not controlled otherwise, profiling results may be inconsistent.
==PROF== Connected to process 2569260 (/apps/applications/Miniconda/25.11.1/envs/pytorch_2.9.1_cuda13/bin/python3.14)
==PROF== Disconnected from process 2569260
==WARNING== No kernels were profiled.
==WARNING== Note that specified NVTX include expressions match only start/end ranges.
==WARNING== Refer https://docs.nvidia.com/nsight-compute/NsightComputeCli/index.html#nvtx-fil"
14,0.12962962962962962,108,,,1,1,7.142857142857142,1,92.85714285714286,No kernels captured in ncu output,,,"==WARNING== Note: Running with unmodified GPU clocks. If not controlled otherwise, profiling results may be inconsistent.
==PROF== Connected to process 2569367 (/apps/applications/Miniconda/25.11.1/envs/pytorch_2.9.1_cuda13/bin/python3.14)
==PROF== Disconnected from process 2569367
==WARNING== No kernels were profiled.
==WARNING== Note that specified NVTX include expressions match only start/end ranges.
==WARNING== Refer https://docs.nvidia.com/nsight-compute/NsightComputeCli/index.html#nvtx-fil"
14,0.12962962962962962,108,,,1,1,7.142857142857142,1,92.85714285714286,No kernels captured in ncu output,,,"==WARNING== Note: Running with unmodified GPU clocks. If not controlled otherwise, profiling results may be inconsistent.
==PROF== Connected to process 2569475 (/apps/applications/Miniconda/25.11.1/envs/pytorch_2.9.1_cuda13/bin/python3.14)
==PROF== Disconnected from process 2569475
==WARNING== No kernels were profiled.
==WARNING== Note that specified NVTX include expressions match only start/end ranges.
==WARNING== Refer https://docs.nvidia.com/nsight-compute/NsightComputeCli/index.html#nvtx-fil"
14,0.12962962962962962,108,,,1,1,7.142857142857142,1,92.85714285714286,No kernels captured in ncu output,,,"==WARNING== Note: Running with unmodified GPU clocks. If not controlled otherwise, profiling results may be inconsistent.
==PROF== Connected to process 2569585 (/apps/applications/Miniconda/25.11.1/envs/pytorch_2.9.1_cuda13/bin/python3.14)
==PROF== Disconnected from process 2569585
==WARNING== No kernels were profiled.
==WARNING== Note that specified NVTX include expressions match only start/end ranges.
==WARNING== Refer https://docs.nvidia.com/nsight-compute/NsightComputeCli/index.html#nvtx-fil"
14,0.12962962962962962,108,,,1,1,7.142857142857142,1,92.85714285714286,No kernels captured in ncu output,,,"==WARNING== Note: Running with unmodified GPU clocks. If not controlled otherwise, profiling results may be inconsistent.
==PROF== Connected to process 2569696 (/apps/applications/Miniconda/25.11.1/envs/pytorch_2.9.1_cuda13/bin/python3.14)
==PROF== Disconnected from process 2569696
==WARNING== No kernels were profiled.
==WARNING== Note that specified NVTX include expressions match only start/end ranges.
==WARNING== Refer https://docs.nvidia.com/nsight-compute/NsightComputeCli/index.html#nvtx-fil"
14,0.12962962962962962,108,,,1,1,7.142857142857142,1,92.85714285714286,No kernels captured in ncu output,,,"==WARNING== Note: Running with unmodified GPU clocks. If not controlled otherwise, profiling results may be inconsistent.
==PROF== Connected to process 2570057 (/apps/applications/Miniconda/25.11.1/envs/pytorch_2.9.1_cuda13/bin/python3.14)
==PROF== Disconnected from process 2570057
==WARNING== No kernels were profiled.
==WARNING== Note that specified NVTX include expressions match only start/end ranges.
==WARNING== Refer https://docs.nvidia.com/nsight-compute/NsightComputeCli/index.html#nvtx-fil"
14,0.12962962962962962,108,,,1,1,7.142857142857142,1,92.85714285714286,No kernels captured in ncu output,,,"==WARNING== Note: Running with unmodified GPU clocks. If not controlled otherwise, profiling results may be inconsistent.
==PROF== Connected to process 2570283 (/apps/applications/Miniconda/25.11.1/envs/pytorch_2.9.1_cuda13/bin/python3.14)
==PROF== Disconnected from process 2570283
==WARNING== No kernels were profiled.
==WARNING== Note that specified NVTX include expressions match only start/end ranges.
==WARNING== Refer https://docs.nvidia.com/nsight-compute/NsightComputeCli/index.html#nvtx-fil"
14,0.12962962962962962,108,,,1,1,7.142857142857142,1,92.85714285714286,No kernels captured in ncu output,,,"==WARNING== Note: Running with unmodified GPU clocks. If not controlled otherwise, profiling results may be inconsistent.
==PROF== Connected to process 2570396 (/apps/applications/Miniconda/25.11.1/envs/pytorch_2.9.1_cuda13/bin/python3.14)
==PROF== Disconnected from process 2570396
==WARNING== No kernels were profiled.
==WARNING== Note that specified NVTX include expressions match only start/end ranges.
==WARNING== Refer https://docs.nvidia.com/nsight-compute/NsightComputeCli/index.html#nvtx-fil"
14,0.12962962962962962,108,,,1,1,7.142857142857142,1,92.85714285714286,No kernels captured in ncu output,,,"==WARNING== Note: Running with unmodified GPU clocks. If not controlled otherwise, profiling results may be inconsistent.
==PROF== Connected to process 2570513 (/apps/applications/Miniconda/25.11.1/envs/pytorch_2.9.1_cuda13/bin/python3.14)
==PROF== Disconnected from process 2570513
==WARNING== No kernels were profiled.
==WARNING== Note that specified NVTX include expressions match only start/end ranges.
==WARNING== Refer https://docs.nvidia.com/nsight-compute/NsightComputeCli/index.html#nvtx-fil"
14,0.12962962962962962,108,,,1,1,7.142857142857142,1,92.85714285714286,No kernels captured in ncu output,,,"==WARNING== Note: Running with unmodified GPU clocks. If not controlled otherwise, profiling results may be inconsistent.
==PROF== Connected to process 2571024 (/apps/applications/Miniconda/25.11.1/envs/pytorch_2.9.1_cuda13/bin/python3.14)
==PROF== Disconnected from process 2571024
==WARNING== No kernels were profiled.
==WARNING== Note that specified NVTX include expressions match only start/end ranges.
==WARNING== Refer https://docs.nvidia.com/nsight-compute/NsightComputeCli/index.html#nvtx-fil"
14,0.12962962962962962,108,,,1,1,7.142857142857142,1,92.85714285714286,No kernels captured in ncu output,,,"==WARNING== Note: Running with unmodified GPU clocks. If not controlled otherwise, profiling results may be inconsistent.
==PROF== Connected to process 2571130 (/apps/applications/Miniconda/25.11.1/envs/pytorch_2.9.1_cuda13/bin/python3.14)
==PROF== Disconnected from process 2571130
==WARNING== No kernels were profiled.
==WARNING== Note that specified NVTX include expressions match only start/end ranges.
==WARNING== Refer https://docs.nvidia.com/nsight-compute/NsightComputeCli/index.html#nvtx-fil"
14,0.12962962962962962,108,,,1,1,7.142857142857142,1,92.85714285714286,No kernels captured in ncu output,,,"==WARNING== Note: Running with unmodified GPU clocks. If not controlled otherwise, profiling results may be inconsistent.
==PROF== Connected to process 2571239 (/apps/applications/Miniconda/25.11.1/envs/pytorch_2.9.1_cuda13/bin/python3.14)
==PROF== Disconnected from process 2571239
==WARNING== No kernels were profiled.
==WARNING== Note that specified NVTX include expressions match only start/end ranges.
==WARNING== Refer https://docs.nvidia.com/nsight-compute/NsightComputeCli/index.html#nvtx-fil"
14,0.12962962962962962,108,,,1,1,7.142857142857142,1,92.85714285714286,No kernels captured in ncu output,,,"==WARNING== Note: Running with unmodified GPU clocks. If not controlled otherwise, profiling results may be inconsistent.
==PROF== Connected to process 2572065 (/apps/applications/Miniconda/25.11.1/envs/pytorch_2.9.1_cuda13/bin/python3.14)
==PROF== Disconnected from process 2572065
==WARNING== No kernels were profiled.
==WARNING== Note that specified NVTX include expressions match only start/end ranges.
==WARNING== Refer https://docs.nvidia.com/nsight-compute/NsightComputeCli/index.html#nvtx-fil"
14,0.12962962962962962,108,,,1,1,7.142857142857142,1,92.85714285714286,No kernels captured in ncu output,,,"==WARNING== Note: Running with unmodified GPU clocks. If not controlled otherwise, profiling results may be inconsistent.
==PROF== Connected to process 2573093 (/apps/applications/Miniconda/25.11.1/envs/pytorch_2.9.1_cuda13/bin/python3.14)
==PROF== Disconnected from process 2573093
==WARNING== No kernels were profiled.
==WARNING== Note that specified NVTX include expressions match only start/end ranges.
==WARNING== Refer https://docs.nvidia.com/nsight-compute/NsightComputeCli/index.html#nvtx-fil"
14,0.12962962962962962,108,,,1,1,7.142857142857142,1,92.85714285714286,No kernels captured in ncu output,,,"==WARNING== Note: Running with unmodified GPU clocks. If not controlled otherwise, profiling results may be inconsistent.
==PROF== Connected to process 2574298 (/apps/applications/Miniconda/25.11.1/envs/pytorch_2.9.1_cuda13/bin/python3.14)
==PROF== Disconnected from process 2574298
==WARNING== No kernels were profiled.
==WARNING== Note that specified NVTX include expressions match only start/end ranges.
==WARNING== Refer https://docs.nvidia.com/nsight-compute/NsightComputeCli/index.html#nvtx-fil"
14,0.12962962962962962,108,,,1,1,7.142857142857142,1,92.85714285714286,No kernels captured in ncu output,,,"==WARNING== Note: Running with unmodified GPU clocks. If not controlled otherwise, profiling results may be inconsistent.
==PROF== Connected to process 2574409 (/apps/applications/Miniconda/25.11.1/envs/pytorch_2.9.1_cuda13/bin/python3.14)
==PROF== Disconnected from process 2574409
==WARNING== No kernels were profiled.
==WARNING== Note that specified NVTX include expressions match only start/end ranges.
==WARNING== Refer https://docs.nvidia.com/nsight-compute/NsightComputeCli/index.html#nvtx-fil"
14,0.12962962962962962,108,,,1,1,7.142857142857142,1,92.85714285714286,No kernels captured in ncu output,,,"==WARNING== Note: Running with unmodified GPU clocks. If not controlled otherwise, profiling results may be inconsistent.
==PROF== Connected to process 2575195 (/apps/applications/Miniconda/25.11.1/envs/pytorch_2.9.1_cuda13/bin/python3.14)
==PROF== Disconnected from process 2575195
==WARNING== No kernels were profiled.
==WARNING== Note that specified NVTX include expressions match only start/end ranges.
==WARNING== Refer https://docs.nvidia.com/nsight-compute/NsightComputeCli/index.html#nvtx-fil"
14,0.12962962962962962,108,,,1,1,7.142857142857142,1,92.85714285714286,ncu timed out after 300s,,,
14,0.12962962962962962,108,32768,64,262144,18725,99.99771123402633,8,0.0022887659736792187,ncu exit code 1,"==WARNING== Note: Running with unmodified GPU clocks. If not controlled otherwise, profiling results may be inconsistent.
==PROF== Connected to process 2578953 (/apps/applications/Miniconda/25.11.1/envs/pytorch_2.9.1_cuda13/bin/python3.14)
==PROF== Disconnected from process 2578953
==ERROR== The application returned an error code (1).
","/apps/applications/Miniconda/25.11.1/envs/pytorch_2.9.1_cuda13/lib/python3.14/site-packages/torch/cuda/__init__.py:63: FutureWarning: The pynvml package is deprecated. Please install nvidia-ml-py instead. If you did not install pynvml directly, please report this to the maintainers of the package that installed pynvml for you.
  import pynvml  # type: ignore[import]
Traceback (most recent call last):
  File ""/scratch/ehmoon/whlee/prefill-layer-alloc/stage1_sm_scaling/../src/profiling/_ncu_target.py"", line 132, in <module>
    main()
    ~~~~^^
  File ""/scratch/ehmoon/whlee/prefill-layer-alloc/stage1_sm_scaling/../src/profiling/_ncu_target.py"", line 82, in main
    query = torch.randn(
        args.batch_size, args.seq_len, n_heads, head_dim,
        device=""cuda"", dtype=dtype
    )
torch.OutOfMemoryError: CUDA out of memory. Tried to allocate 28.00 GiB. GPU 0 has a total capacity of 79.25 GiB of which 22.00 GiB is free. Process 2576426 has 56.68 GiB memory in use. Including non-PyTorch",
27,0.25,108,,,1,1,3.7037037037037033,1,96.2962962962963,No kernels captured in ncu output,,,"==WARNING== Note: Running with unmodified GPU clocks. If not controlled otherwise, profiling results may be inconsistent.
==PROF== Connected to process 2579057 (/apps/applications/Miniconda/25.11.1/envs/pytorch_2.9.1_cuda13/bin/python3.14)
==PROF== Disconnected from process 2579057
==WARNING== No kernels were profiled.
==WARNING== Note that specified NVTX include expressions match only start/end ranges.
==WARNING== Refer https://docs.nvidia.com/nsight-compute/NsightComputeCli/index.html#nvtx-fil"
27,0.25,108,,,1,1,3.7037037037037033,1,96.2962962962963,No kernels captured in ncu output,,,"==WARNING== Note: Running with unmodified GPU clocks. If not controlled otherwise, profiling results may be inconsistent.
==PROF== Connected to process 2579163 (/apps/applications/Miniconda/25.11.1/envs/pytorch_2.9.1_cuda13/bin/python3.14)
==PROF== Disconnected from process 2579163
==WARNING== No kernels were profiled.
==WARNING== Note that specified NVTX include expressions match only start/end ranges.
==WARNING== Refer https://docs.nvidia.com/nsight-compute/NsightComputeCli/index.html#nvtx-fil"
27,0.25,108,,,1,1,3.7037037037037033,1,96.2962962962963,No kernels captured in ncu output,,,"==WARNING== Note: Running with unmodified GPU clocks. If not controlled otherwise, profiling results may be inconsistent.
==PROF== Connected to process 2579270 (/apps/applications/Miniconda/25.11.1/envs/pytorch_2.9.1_cuda13/bin/python3.14)
==PROF== Disconnected from process 2579270
==WARNING== No kernels were profiled.
==WARNING== Note that specified NVTX include expressions match only start/end ranges.
==WARNING== Refer https://docs.nvidia.com/nsight-compute/NsightComputeCli/index.html#nvtx-fil"
27,0.25,108,,,1,1,3.7037037037037033,1,96.2962962962963,No kernels captured in ncu output,,,"==WARNING== Note: Running with unmodified GPU clocks. If not controlled otherwise, profiling results may be inconsistent.
==PROF== Connected to process 2579378 (/apps/applications/Miniconda/25.11.1/envs/pytorch_2.9.1_cuda13/bin/python3.14)
==PROF== Disconnected from process 2579378
==WARNING== No kernels were profiled.
==WARNING== Note that specified NVTX include expressions match only start/end ranges.
==WARNING== Refer https://docs.nvidia.com/nsight-compute/NsightComputeCli/index.html#nvtx-fil"
27,0.25,108,,,1,1,3.7037037037037033,1,96.2962962962963,No kernels captured in ncu output,,,"==WARNING== Note: Running with unmodified GPU clocks. If not controlled otherwise, profiling results may be inconsistent.
==PROF== Connected to process 2579484 (/apps/applications/Miniconda/25.11.1/envs/pytorch_2.9.1_cuda13/bin/python3.14)
==PROF== Disconnected from process 2579484
==WARNING== No kernels were profiled.
==WARNING== Note that specified NVTX include expressions match only start/end ranges.
==WARNING== Refer https://docs.nvidia.com/nsight-compute/NsightComputeCli/index.html#nvtx-fil"
27,0.25,108,,,1,1,3.7037037037037033,1,96.2962962962963,No kernels captured in ncu output,,,"==WARNING== Note: Running with unmodified GPU clocks. If not controlled otherwise, profiling results may be inconsistent.
==PROF== Connected to process 2579591 (/apps/applications/Miniconda/25.11.1/envs/pytorch_2.9.1_cuda13/bin/python3.14)
==PROF== Disconnected from process 2579591
==WARNING== No kernels were profiled.
==WARNING== Note that specified NVTX include expressions match only start/end ranges.
==WARNING== Refer https://docs.nvidia.com/nsight-compute/NsightComputeCli/index.html#nvtx-fil"
27,0.25,108,,,1,1,3.7037037037037033,1,96.2962962962963,No kernels captured in ncu output,,,"==WARNING== Note: Running with unmodified GPU clocks. If not controlled otherwise, profiling results may be inconsistent.
==PROF== Connected to process 2579699 (/apps/applications/Miniconda/25.11.1/envs/pytorch_2.9.1_cuda13/bin/python3.14)
==PROF== Disconnected from process 2579699
==WARNING== No kernels were profiled.
==WARNING== Note that specified NVTX include expressions match only start/end ranges.
==WARNING== Refer https://docs.nvidia.com/nsight-compute/NsightComputeCli/index.html#nvtx-fil"
27,0.25,108,,,1,1,3.7037037037037033,1,96.2962962962963,No kernels captured in ncu output,,,"==WARNING== Note: Running with unmodified GPU clocks. If not controlled otherwise, profiling results may be inconsistent.
==PROF== Connected to process 2579804 (/apps/applications/Miniconda/25.11.1/envs/pytorch_2.9.1_cuda13/bin/python3.14)
==PROF== Disconnected from process 2579804
==WARNING== No kernels were profiled.
==WARNING== Note that specified NVTX include expressions match only start/end ranges.
==WARNING== Refer https://docs.nvidia.com/nsight-compute/NsightComputeCli/index.html#nvtx-fil"
27,0.25,108,,,1,1,3.7037037037037033,1,96.2962962962963,No kernels captured in ncu output,,,"==WARNING== Note: Running with unmodified GPU clocks. If not controlled otherwise, profiling results may be inconsistent.
==PROF== Connected to process 2579911 (/apps/applications/Miniconda/25.11.1/envs/pytorch_2.9.1_cuda13/bin/python3.14)
==PROF== Disconnected from process 2579911
==WARNING== No kernels were profiled.
==WARNING== Note that specified NVTX include expressions match only start/end ranges.
==WARNING== Refer https://docs.nvidia.com/nsight-compute/NsightComputeCli/index.html#nvtx-fil"
27,0.25,108,,,1,1,3.7037037037037033,1,96.2962962962963,No kernels captured in ncu output,,,"==WARNING== Note: Running with unmodified GPU clocks. If not controlled otherwise, profiling results may be inconsistent.
==PROF== Connected to process 2580017 (/apps/applications/Miniconda/25.11.1/envs/pytorch_2.9.1_cuda13/bin/python3.14)
==PROF== Disconnected from process 2580017
==WARNING== No kernels were profiled.
==WARNING== Note that specified NVTX include expressions match only start/end ranges.
==WARNING== Refer https://docs.nvidia.com/nsight-compute/NsightComputeCli/index.html#nvtx-fil"
27,0.25,108,,,1,1,3.7037037037037033,1,96.2962962962963,No kernels captured in ncu output,,,"==WARNING== Note: Running with unmodified GPU clocks. If not controlled otherwise, profiling results may be inconsistent.
==PROF== Connected to process 2580300 (/apps/applications/Miniconda/25.11.1/envs/pytorch_2.9.1_cuda13/bin/python3.14)
==PROF== Disconnected from process 2580300
==WARNING== No kernels were profiled.
==WARNING== Note that specified NVTX include expressions match only start/end ranges.
==WARNING== Refer https://docs.nvidia.com/nsight-compute/NsightComputeCli/index.html#nvtx-fil"
27,0.25,108,,,1,1,3.7037037037037033,1,96.2962962962963,No kernels captured in ncu output,,,"==WARNING== Note: Running with unmodified GPU clocks. If not controlled otherwise, profiling results may be inconsistent.
==PROF== Connected to process 2580603 (/apps/applications/Miniconda/25.11.1/envs/pytorch_2.9.1_cuda13/bin/python3.14)
==PROF== Disconnected from process 2580603
==WARNING== No kernels were profiled.
==WARNING== Note that specified NVTX include expressions match only start/end ranges.
==WARNING== Refer https://docs.nvidia.com/nsight-compute/NsightComputeCli/index.html#nvtx-fil"
27,0.25,108,,,1,1,3.7037037037037033,1,96.2962962962963,No kernels captured in ncu output,,,"==WARNING== Note: Running with unmodified GPU clocks. If not controlled otherwise, profiling results may be inconsistent.
==PROF== Connected to process 2580709 (/apps/applications/Miniconda/25.11.1/envs/pytorch_2.9.1_cuda13/bin/python3.14)
==PROF== Disconnected from process 2580709
==WARNING== No kernels were profiled.
==WARNING== Note that specified NVTX include expressions match only start/end ranges.
==WARNING== Refer https://docs.nvidia.com/nsight-compute/NsightComputeCli/index.html#nvtx-fil"
27,0.25,108,,,1,1,3.7037037037037033,1,96.2962962962963,No kernels captured in ncu output,,,"==WARNING== Note: Running with unmodified GPU clocks. If not controlled otherwise, profiling results may be inconsistent.
==PROF== Connected to process 2580820 (/apps/applications/Miniconda/25.11.1/envs/pytorch_2.9.1_cuda13/bin/python3.14)
==PROF== Disconnected from process 2580820
==WARNING== No kernels were profiled.
==WARNING== Note that specified NVTX include expressions match only start/end ranges.
==WARNING== Refer https://docs.nvidia.com/nsight-compute/NsightComputeCli/index.html#nvtx-fil"
27,0.25,108,,,1,1,3.7037037037037033,1,96.2962962962963,No kernels captured in ncu output,,,"==WARNING== Note: Running with unmodified GPU clocks. If not controlled otherwise, profiling results may be inconsistent.
==PROF== Connected to process 2580926 (/apps/applications/Miniconda/25.11.1/envs/pytorch_2.9.1_cuda13/bin/python3.14)
==PROF== Disconnected from process 2580926
==WARNING== No kernels were profiled.
==WARNING== Note that specified NVTX include expressions match only start/end ranges.
==WARNING== Refer https://docs.nvidia.com/nsight-compute/NsightComputeCli/index.html#nvtx-fil"
27,0.25,108,,,1,1,3.7037037037037033,1,96.2962962962963,No kernels captured in ncu output,,,"==WARNING== Note: Running with unmodified GPU clocks. If not controlled otherwise, profiling results may be inconsistent.
==PROF== Connected to process 2581034 (/apps/applications/Miniconda/25.11.1/envs/pytorch_2.9.1_cuda13/bin/python3.14)
==PROF== Disconnected from process 2581034
==WARNING== No kernels were profiled.
==WARNING== Note that specified NVTX include expressions match only start/end ranges.
==WARNING== Refer https://docs.nvidia.com/nsight-compute/NsightComputeCli/index.html#nvtx-fil"
27,0.25,108,,,1,1,3.7037037037037033,1,96.2962962962963,No kernels captured in ncu output,,,"==WARNING== Note: Running with unmodified GPU clocks. If not controlled otherwise, profiling results may be inconsistent.
==PROF== Connected to process 2581140 (/apps/applications/Miniconda/25.11.1/envs/pytorch_2.9.1_cuda13/bin/python3.14)
==PROF== Disconnected from process 2581140
==WARNING== No kernels were profiled.
==WARNING== Note that specified NVTX include expressions match only start/end ranges.
==WARNING== Refer https://docs.nvidia.com/nsight-compute/NsightComputeCli/index.html#nvtx-fil"
27,0.25,108,,,1,1,3.7037037037037033,1,96.2962962962963,No kernels captured in ncu output,,,"==WARNING== Note: Running with unmodified GPU clocks. If not controlled otherwise, profiling results may be inconsistent.
==PROF== Connected to process 2581245 (/apps/applications/Miniconda/25.11.1/envs/pytorch_2.9.1_cuda13/bin/python3.14)
==PROF== Disconnected from process 2581245
==WARNING== No kernels were profiled.
==WARNING== Note that specified NVTX include expressions match only start/end ranges.
==WARNING== Refer https://docs.nvidia.com/nsight-compute/NsightComputeCli/index.html#nvtx-fil"
27,0.25,108,,,1,1,3.7037037037037033,1,96.2962962962963,No kernels captured in ncu output,,,"==WARNING== Note: Running with unmodified GPU clocks. If not controlled otherwise, profiling results may be inconsistent.
==PROF== Connected to process 2581353 (/apps/applications/Miniconda/25.11.1/envs/pytorch_2.9.1_cuda13/bin/python3.14)
==PROF== Disconnected from process 2581353
==WARNING== No kernels were profiled.
==WARNING== Note that specified NVTX include expressions match only start/end ranges.
==WARNING== Refer https://docs.nvidia.com/nsight-compute/NsightComputeCli/index.html#nvtx-fil"
27,0.25,108,,,1,1,3.7037037037037033,1,96.2962962962963,No kernels captured in ncu output,,,"==WARNING== Note: Running with unmodified GPU clocks. If not controlled otherwise, profiling results may be inconsistent.
==PROF== Connected to process 2581459 (/apps/applications/Miniconda/25.11.1/envs/pytorch_2.9.1_cuda13/bin/python3.14)
==PROF== Disconnected from process 2581459
==WARNING== No kernels were profiled.
==WARNING== Note that specified NVTX include expressions match only start/end ranges.
==WARNING== Refer https://docs.nvidia.com/nsight-compute/NsightComputeCli/index.html#nvtx-fil"
27,0.25,108,,,1,1,3.7037037037037033,1,96.2962962962963,No kernels captured in ncu output,,,"==WARNING== Note: Running with unmodified GPU clocks. If not controlled otherwise, profiling results may be inconsistent.
==PROF== Connected to process 2581567 (/apps/applications/Miniconda/25.11.1/envs/pytorch_2.9.1_cuda13/bin/python3.14)
==PROF== Disconnected from process 2581567
==WARNING== No kernels were profiled.
==WARNING== Note that specified NVTX include expressions match only start/end ranges.
==WARNING== Refer https://docs.nvidia.com/nsight-compute/NsightComputeCli/index.html#nvtx-fil"
27,0.25,108,,,1,1,3.7037037037037033,1,96.2962962962963,No kernels captured in ncu output,,,"==WARNING== Note: Running with unmodified GPU clocks. If not controlled otherwise, profiling results may be inconsistent.
==PROF== Connected to process 2581674 (/apps/applications/Miniconda/25.11.1/envs/pytorch_2.9.1_cuda13/bin/python3.14)
==PROF== Disconnected from process 2581674
==WARNING== No kernels were profiled.
==WARNING== Note that specified NVTX include expressions match only start/end ranges.
==WARNING== Refer https://docs.nvidia.com/nsight-compute/NsightComputeCli/index.html#nvtx-fil"
27,0.25,108,,,1,1,3.7037037037037033,1,96.2962962962963,No kernels captured in ncu output,,,"==WARNING== Note: Running with unmodified GPU clocks. If not controlled otherwise, profiling results may be inconsistent.
==PROF== Connected to process 2582194 (/apps/applications/Miniconda/25.11.1/envs/pytorch_2.9.1_cuda13/bin/python3.14)
==PROF== Disconnected from process 2582194
==WARNING== No kernels were profiled.
==WARNING== Note that specified NVTX include expressions match only start/end ranges.
==WARNING== Refer https://docs.nvidia.com/nsight-compute/NsightComputeCli/index.html#nvtx-fil"
27,0.25,108,,,1,1,3.7037037037037033,1,96.2962962962963,No kernels captured in ncu output,,,"==WARNING== Note: Running with unmodified GPU clocks. If not controlled otherwise, profiling results may be inconsistent.
==PROF== Connected to process 2582542 (/apps/applications/Miniconda/25.11.1/envs/pytorch_2.9.1_cuda13/bin/python3.14)
==PROF== Disconnected from process 2582542
==WARNING== No kernels were profiled.
==WARNING== Note that specified NVTX include expressions match only start/end ranges.
==WARNING== Refer https://docs.nvidia.com/nsight-compute/NsightComputeCli/index.html#nvtx-fil"
27,0.25,108,,,1,1,3.7037037037037033,1,96.2962962962963,No kernels captured in ncu output,,,"==WARNING== Note: Running with unmodified GPU clocks. If not controlled otherwise, profiling results may be inconsistent.
==PROF== Connected to process 2582654 (/apps/applications/Miniconda/25.11.1/envs/pytorch_2.9.1_cuda13/bin/python3.14)
==PROF== Disconnected from process 2582654
==WARNING== No kernels were profiled.
==WARNING== Note that specified NVTX include expressions match only start/end ranges.
==WARNING== Refer https://docs.nvidia.com/nsight-compute/NsightComputeCli/index.html#nvtx-fil"
27,0.25,108,,,1,1,3.7037037037037033,1,96.2962962962963,No kernels captured in ncu output,,,"==WARNING== Note: Running with unmodified GPU clocks. If not controlled otherwise, profiling results may be inconsistent.
==PROF== Connected to process 2582762 (/apps/applications/Miniconda/25.11.1/envs/pytorch_2.9.1_cuda13/bin/python3.14)
==PROF== Disconnected from process 2582762
==WARNING== No kernels were profiled.
==WARNING== Note that specified NVTX include expressions match only start/end ranges.
==WARNING== Refer https://docs.nvidia.com/nsight-compute/NsightComputeCli/index.html#nvtx-fil"
27,0.25,108,,,1,1,3.7037037037037033,1,96.2962962962963,No kernels captured in ncu output,,,"==WARNING== Note: Running with unmodified GPU clocks. If not controlled otherwise, profiling results may be inconsistent.
==PROF== Connected to process 2582871 (/apps/applications/Miniconda/25.11.1/envs/pytorch_2.9.1_cuda13/bin/python3.14)
==PROF== Disconnected from process 2582871
==WARNING== No kernels were profiled.
==WARNING== Note that specified NVTX include expressions match only start/end ranges.
==WARNING== Refer https://docs.nvidia.com/nsight-compute/NsightComputeCli/index.html#nvtx-fil"
27,0.25,108,,,1,1,3.7037037037037033,1,96.2962962962963,No kernels captured in ncu output,,,"==WARNING== Note: Running with unmodified GPU clocks. If not controlled otherwise, profiling results may be inconsistent.
==PROF== Connected to process 2582978 (/apps/applications/Miniconda/25.11.1/envs/pytorch_2.9.1_cuda13/bin/python3.14)
==PROF== Disconnected from process 2582978
==WARNING== No kernels were profiled.
==WARNING== Note that specified NVTX include expressions match only start/end ranges.
==WARNING== Refer https://docs.nvidia.com/nsight-compute/NsightComputeCli/index.html#nvtx-fil"
27,0.25,108,,,1,1,3.7037037037037033,1,96.2962962962963,No kernels captured in ncu output,,,"==WARNING== Note: Running with unmodified GPU clocks. If not controlled otherwise, profiling results may be inconsistent.
==PROF== Connected to process 2583087 (/apps/applications/Miniconda/25.11.1/envs/pytorch_2.9.1_cuda13/bin/python3.14)
==PROF== Disconnected from process 2583087
==WARNING== No kernels were profiled.
==WARNING== Note that specified NVTX include expressions match only start/end ranges.
==WARNING== Refer https://docs.nvidia.com/nsight-compute/NsightComputeCli/index.html#nvtx-fil"
27,0.25,108,,,1,1,3.7037037037037033,1,96.2962962962963,No kernels captured in ncu output,,,"==WARNING== Note: Running with unmodified GPU clocks. If not controlled otherwise, profiling results may be inconsistent.
==PROF== Connected to process 2583196 (/apps/applications/Miniconda/25.11.1/envs/pytorch_2.9.1_cuda13/bin/python3.14)
==PROF== Disconnected from process 2583196
==WARNING== No kernels were profiled.
==WARNING== Note that specified NVTX include expressions match only start/end ranges.
==WARNING== Refer https://docs.nvidia.com/nsight-compute/NsightComputeCli/index.html#nvtx-fil"
27,0.25,108,,,1,1,3.7037037037037033,1,96.2962962962963,No kernels captured in ncu output,,,"==WARNING== Note: Running with unmodified GPU clocks. If not controlled otherwise, profiling results may be inconsistent.
==PROF== Connected to process 2583660 (/apps/applications/Miniconda/25.11.1/envs/pytorch_2.9.1_cuda13/bin/python3.14)
==PROF== Disconnected from process 2583660
==WARNING== No kernels were profiled.
==WARNING== Note that specified NVTX include expressions match only start/end ranges.
==WARNING== Refer https://docs.nvidia.com/nsight-compute/NsightComputeCli/index.html#nvtx-fil"
27,0.25,108,,,1,1,3.7037037037037033,1,96.2962962962963,No kernels captured in ncu output,,,"==WARNING== Note: Running with unmodified GPU clocks. If not controlled otherwise, profiling results may be inconsistent.
==PROF== Connected to process 2583768 (/apps/applications/Miniconda/25.11.1/envs/pytorch_2.9.1_cuda13/bin/python3.14)
==PROF== Disconnected from process 2583768
==WARNING== No kernels were profiled.
==WARNING== Note that specified NVTX include expressions match only start/end ranges.
==WARNING== Refer https://docs.nvidia.com/nsight-compute/NsightComputeCli/index.html#nvtx-fil"
27,0.25,108,,,1,1,3.7037037037037033,1,96.2962962962963,No kernels captured in ncu output,,,"==WARNING== Note: Running with unmodified GPU clocks. If not controlled otherwise, profiling results may be inconsistent.
==PROF== Connected to process 2583876 (/apps/applications/Miniconda/25.11.1/envs/pytorch_2.9.1_cuda13/bin/python3.14)
==PROF== Disconnected from process 2583876
==WARNING== No kernels were profiled.
==WARNING== Note that specified NVTX include expressions match only start/end ranges.
==WARNING== Refer https://docs.nvidia.com/nsight-compute/NsightComputeCli/index.html#nvtx-fil"
27,0.25,108,,,1,1,3.7037037037037033,1,96.2962962962963,No kernels captured in ncu output,,,"==WARNING== Note: Running with unmodified GPU clocks. If not controlled otherwise, profiling results may be inconsistent.
==PROF== Connected to process 2584363 (/apps/applications/Miniconda/25.11.1/envs/pytorch_2.9.1_cuda13/bin/python3.14)
==PROF== Disconnected from process 2584363
==WARNING== No kernels were profiled.
==WARNING== Note that specified NVTX include expressions match only start/end ranges.
==WARNING== Refer https://docs.nvidia.com/nsight-compute/NsightComputeCli/index.html#nvtx-fil"
27,0.25,108,,,1,1,3.7037037037037033,1,96.2962962962963,No kernels captured in ncu output,,,"==WARNING== Note: Running with unmodified GPU clocks. If not controlled otherwise, profiling results may be inconsistent.
==PROF== Connected to process 2584487 (/apps/applications/Miniconda/25.11.1/envs/pytorch_2.9.1_cuda13/bin/python3.14)
==PROF== Disconnected from process 2584487
==WARNING== No kernels were profiled.
==WARNING== Note that specified NVTX include expressions match only start/end ranges.
==WARNING== Refer https://docs.nvidia.com/nsight-compute/NsightComputeCli/index.html#nvtx-fil"
27,0.25,108,,,1,1,3.7037037037037033,1,96.2962962962963,No kernels captured in ncu output,,,"==WARNING== Note: Running with unmodified GPU clocks. If not controlled otherwise, profiling results may be inconsistent.
==PROF== Connected to process 2585369 (/apps/applications/Miniconda/25.11.1/envs/pytorch_2.9.1_cuda13/bin/python3.14)
==PROF== Disconnected from process 2585369
==WARNING== No kernels were profiled.
==WARNING== Note that specified NVTX include expressions match only start/end ranges.
==WARNING== Refer https://docs.nvidia.com/nsight-compute/NsightComputeCli/index.html#nvtx-fil"
27,0.25,108,,,1,1,3.7037037037037033,1,96.2962962962963,No kernels captured in ncu output,,,"==WARNING== Note: Running with unmodified GPU clocks. If not controlled otherwise, profiling results may be inconsistent.
==PROF== Connected to process 2585480 (/apps/applications/Miniconda/25.11.1/envs/pytorch_2.9.1_cuda13/bin/python3.14)
==PROF== Disconnected from process 2585480
==WARNING== No kernels were profiled.
==WARNING== Note that specified NVTX include expressions match only start/end ranges.
==WARNING== Refer https://docs.nvidia.com/nsight-compute/NsightComputeCli/index.html#nvtx-fil"
27,0.25,108,,,1,1,3.7037037037037033,1,96.2962962962963,No kernels captured in ncu output,,,"==WARNING== Note: Running with unmodified GPU clocks. If not controlled otherwise, profiling results may be inconsistent.
==PROF== Connected to process 2585595 (/apps/applications/Miniconda/25.11.1/envs/pytorch_2.9.1_cuda13/bin/python3.14)
==PROF== Disconnected from process 2585595
==WARNING== No kernels were profiled.
==WARNING== Note that specified NVTX include expressions match only start/end ranges.
==WARNING== Refer https://docs.nvidia.com/nsight-compute/NsightComputeCli/index.html#nvtx-fil"
27,0.25,108,,,1,1,3.7037037037037033,1,96.2962962962963,No kernels captured in ncu output,,,"==WARNING== Note: Running with unmodified GPU clocks. If not controlled otherwise, profiling results may be inconsistent.
==PROF== Connected to process 2586843 (/apps/applications/Miniconda/25.11.1/envs/pytorch_2.9.1_cuda13/bin/python3.14)
==PROF== Disconnected from process 2586843
==WARNING== No kernels were profiled.
==WARNING== Note that specified NVTX include expressions match only start/end ranges.
==WARNING== Refer https://docs.nvidia.com/nsight-compute/NsightComputeCli/index.html#nvtx-fil"
27,0.25,108,32768,64,262144,9710,99.99008277072129,1,0.00991722927871086,ncu exit code 1,"==WARNING== Note: Running with unmodified GPU clocks. If not controlled otherwise, profiling results may be inconsistent.
==PROF== Connected to process 2587879 (/apps/applications/Miniconda/25.11.1/envs/pytorch_2.9.1_cuda13/bin/python3.14)
==PROF== Disconnected from process 2587879
==ERROR== The application returned an error code (1).
","/apps/applications/Miniconda/25.11.1/envs/pytorch_2.9.1_cuda13/lib/python3.14/site-packages/torch/cuda/__init__.py:63: FutureWarning: The pynvml package is deprecated. Please install nvidia-ml-py instead. If you did not install pynvml directly, please report this to the maintainers of the package that installed pynvml for you.
  import pynvml  # type: ignore[import]
Traceback (most recent call last):
  File ""/scratch/ehmoon/whlee/prefill-layer-alloc/stage1_sm_scaling/../src/profiling/_ncu_target.py"", line 132, in <module>
    main()
    ~~~~^^
  File ""/scratch/ehmoon/whlee/prefill-layer-alloc/stage1_sm_scaling/../src/profiling/_ncu_target.py"", line 87, in main
    kv_cache = torch.randn(
        args.batch_size, total_kv_len, 2, n_kv_heads, head_dim,
        device=""cuda"", dtype=dtype
    )
torch.OutOfMemoryError: CUDA out of memory. Tried to allocate 56.00 GiB. GPU 0 has a total capacity of 79.25 GiB of which 50.69 GiB is free. Including non-PyTorch memory, this process has 28.55 GiB ",
40,0.37037037037037035,108,,,1,1,2.5,1,97.5,No kernels captured in ncu output,,,"==WARNING== Note: Running with unmodified GPU clocks. If not controlled otherwise, profiling results may be inconsistent.
==PROF== Connected to process 2587983 (/apps/applications/Miniconda/25.11.1/envs/pytorch_2.9.1_cuda13/bin/python3.14)
==PROF== Disconnected from process 2587983
==WARNING== No kernels were profiled.
==WARNING== Note that specified NVTX include expressions match only start/end ranges.
==WARNING== Refer https://docs.nvidia.com/nsight-compute/NsightComputeCli/index.html#nvtx-fil"
40,0.37037037037037035,108,,,1,1,2.5,1,97.5,No kernels captured in ncu output,,,"==WARNING== Note: Running with unmodified GPU clocks. If not controlled otherwise, profiling results may be inconsistent.
==PROF== Connected to process 2588091 (/apps/applications/Miniconda/25.11.1/envs/pytorch_2.9.1_cuda13/bin/python3.14)
==PROF== Disconnected from process 2588091
==WARNING== No kernels were profiled.
==WARNING== Note that specified NVTX include expressions match only start/end ranges.
==WARNING== Refer https://docs.nvidia.com/nsight-compute/NsightComputeCli/index.html#nvtx-fil"
40,0.37037037037037035,108,,,1,1,2.5,1,97.5,No kernels captured in ncu output,,,"==WARNING== Note: Running with unmodified GPU clocks. If not controlled otherwise, profiling results may be inconsistent.
==PROF== Connected to process 2588197 (/apps/applications/Miniconda/25.11.1/envs/pytorch_2.9.1_cuda13/bin/python3.14)
==PROF== Disconnected from process 2588197
==WARNING== No kernels were profiled.
==WARNING== Note that specified NVTX include expressions match only start/end ranges.
==WARNING== Refer https://docs.nvidia.com/nsight-compute/NsightComputeCli/index.html#nvtx-fil"
40,0.37037037037037035,108,,,1,1,2.5,1,97.5,No kernels captured in ncu output,,,"==WARNING== Note: Running with unmodified GPU clocks. If not controlled otherwise, profiling results may be inconsistent.
==PROF== Connected to process 2588302 (/apps/applications/Miniconda/25.11.1/envs/pytorch_2.9.1_cuda13/bin/python3.14)
==PROF== Disconnected from process 2588302
==WARNING== No kernels were profiled.
==WARNING== Note that specified NVTX include expressions match only start/end ranges.
==WARNING== Refer https://docs.nvidia.com/nsight-compute/NsightComputeCli/index.html#nvtx-fil"
40,0.37037037037037035,108,,,1,1,2.5,1,97.5,No kernels captured in ncu output,,,"==WARNING== Note: Running with unmodified GPU clocks. If not controlled otherwise, profiling results may be inconsistent.
==PROF== Connected to process 2588439 (/apps/applications/Miniconda/25.11.1/envs/pytorch_2.9.1_cuda13/bin/python3.14)
==PROF== Disconnected from process 2588439
==WARNING== No kernels were profiled.
==WARNING== Note that specified NVTX include expressions match only start/end ranges.
==WARNING== Refer https://docs.nvidia.com/nsight-compute/NsightComputeCli/index.html#nvtx-fil"
40,0.37037037037037035,108,,,1,1,2.5,1,97.5,No kernels captured in ncu output,,,"==WARNING== Note: Running with unmodified GPU clocks. If not controlled otherwise, profiling results may be inconsistent.
==PROF== Connected to process 2588858 (/apps/applications/Miniconda/25.11.1/envs/pytorch_2.9.1_cuda13/bin/python3.14)
==PROF== Disconnected from process 2588858
==WARNING== No kernels were profiled.
==WARNING== Note that specified NVTX include expressions match only start/end ranges.
==WARNING== Refer https://docs.nvidia.com/nsight-compute/NsightComputeCli/index.html#nvtx-fil"
40,0.37037037037037035,108,,,1,1,2.5,1,97.5,No kernels captured in ncu output,,,"==WARNING== Note: Running with unmodified GPU clocks. If not controlled otherwise, profiling results may be inconsistent.
==PROF== Connected to process 2588966 (/apps/applications/Miniconda/25.11.1/envs/pytorch_2.9.1_cuda13/bin/python3.14)
==PROF== Disconnected from process 2588966
==WARNING== No kernels were profiled.
==WARNING== Note that specified NVTX include expressions match only start/end ranges.
==WARNING== Refer https://docs.nvidia.com/nsight-compute/NsightComputeCli/index.html#nvtx-fil"
40,0.37037037037037035,108,,,1,1,2.5,1,97.5,No kernels captured in ncu output,,,"==WARNING== Note: Running with unmodified GPU clocks. If not controlled otherwise, profiling results may be inconsistent.
==PROF== Connected to process 2589074 (/apps/applications/Miniconda/25.11.1/envs/pytorch_2.9.1_cuda13/bin/python3.14)
==PROF== Disconnected from process 2589074
==WARNING== No kernels were profiled.
==WARNING== Note that specified NVTX include expressions match only start/end ranges.
==WARNING== Refer https://docs.nvidia.com/nsight-compute/NsightComputeCli/index.html#nvtx-fil"
40,0.37037037037037035,108,,,1,1,2.5,1,97.5,No kernels captured in ncu output,,,"==WARNING== Note: Running with unmodified GPU clocks. If not controlled otherwise, profiling results may be inconsistent.
==PROF== Connected to process 2589181 (/apps/applications/Miniconda/25.11.1/envs/pytorch_2.9.1_cuda13/bin/python3.14)
==PROF== Disconnected from process 2589181
==WARNING== No kernels were profiled.
==WARNING== Note that specified NVTX include expressions match only start/end ranges.
==WARNING== Refer https://docs.nvidia.com/nsight-compute/NsightComputeCli/index.html#nvtx-fil"
40,0.37037037037037035,108,,,1,1,2.5,1,97.5,No kernels captured in ncu output,,,"==WARNING== Note: Running with unmodified GPU clocks. If not controlled otherwise, profiling results may be inconsistent.
==PROF== Connected to process 2589287 (/apps/applications/Miniconda/25.11.1/envs/pytorch_2.9.1_cuda13/bin/python3.14)
==PROF== Disconnected from process 2589287
==WARNING== No kernels were profiled.
==WARNING== Note that specified NVTX include expressions match only start/end ranges.
==WARNING== Refer https://docs.nvidia.com/nsight-compute/NsightComputeCli/index.html#nvtx-fil"
40,0.37037037037037035,108,,,1,1,2.5,1,97.5,No kernels captured in ncu output,,,"==WARNING== Note: Running with unmodified GPU clocks. If not controlled otherwise, profiling results may be inconsistent.
==PROF== Connected to process 2589395 (/apps/applications/Miniconda/25.11.1/envs/pytorch_2.9.1_cuda13/bin/python3.14)
==PROF== Disconnected from process 2589395
==WARNING== No kernels were profiled.
==WARNING== Note that specified NVTX include expressions match only start/end ranges.
==WARNING== Refer https://docs.nvidia.com/nsight-compute/NsightComputeCli/index.html#nvtx-fil"
40,0.37037037037037035,108,,,1,1,2.5,1,97.5,No kernels captured in ncu output,,,"==WARNING== Note: Running with unmodified GPU clocks. If not controlled otherwise, profiling results may be inconsistent.
==PROF== Connected to process 2589501 (/apps/applications/Miniconda/25.11.1/envs/pytorch_2.9.1_cuda13/bin/python3.14)
==PROF== Disconnected from process 2589501
==WARNING== No kernels were profiled.
==WARNING== Note that specified NVTX include expressions match only start/end ranges.
==WARNING== Refer https://docs.nvidia.com/nsight-compute/NsightComputeCli/index.html#nvtx-fil"
40,0.37037037037037035,108,,,1,1,2.5,1,97.5,No kernels captured in ncu output,,,"==WARNING== Note: Running with unmodified GPU clocks. If not controlled otherwise, profiling results may be inconsistent.
==PROF== Connected to process 2589608 (/apps/applications/Miniconda/25.11.1/envs/pytorch_2.9.1_cuda13/bin/python3.14)
==PROF== Disconnected from process 2589608
==WARNING== No kernels were profiled.
==WARNING== Note that specified NVTX include expressions match only start/end ranges.
==WARNING== Refer https://docs.nvidia.com/nsight-compute/NsightComputeCli/index.html#nvtx-fil"
40,0.37037037037037035,108,,,1,1,2.5,1,97.5,No kernels captured in ncu output,,,"==WARNING== Note: Running with unmodified GPU clocks. If not controlled otherwise, profiling results may be inconsistent.
==PROF== Connected to process 2589716 (/apps/applications/Miniconda/25.11.1/envs/pytorch_2.9.1_cuda13/bin/python3.14)
==PROF== Disconnected from process 2589716
==WARNING== No kernels were profiled.
==WARNING== Note that specified NVTX include expressions match only start/end ranges.
==WARNING== Refer https://docs.nvidia.com/nsight-compute/NsightComputeCli/index.html#nvtx-fil"
40,0.37037037037037035,108,,,1,1,2.5,1,97.5,No kernels captured in ncu output,,,"==WARNING== Note: Running with unmodified GPU clocks. If not controlled otherwise, profiling results may be inconsistent.
==PROF== Connected to process 2589823 (/apps/applications/Miniconda/25.11.1/envs/pytorch_2.9.1_cuda13/bin/python3.14)
==PROF== Disconnected from process 2589823
==WARNING== No kernels were profiled.
==WARNING== Note that specified NVTX include expressions match only start/end ranges.
==WARNING== Refer https://docs.nvidia.com/nsight-compute/NsightComputeCli/index.html#nvtx-fil"
40,0.37037037037037035,108,,,1,1,2.5,1,97.5,No kernels captured in ncu output,,,"==WARNING== Note: Running with unmodified GPU clocks. If not controlled otherwise, profiling results may be inconsistent.
==PROF== Connected to process 2589930 (/apps/applications/Miniconda/25.11.1/envs/pytorch_2.9.1_cuda13/bin/python3.14)
==PROF== Disconnected from process 2589930
==WARNING== No kernels were profiled.
==WARNING== Note that specified NVTX include expressions match only start/end ranges.
==WARNING== Refer https://docs.nvidia.com/nsight-compute/NsightComputeCli/index.html#nvtx-fil"
40,0.37037037037037035,108,,,1,1,2.5,1,97.5,No kernels captured in ncu output,,,"==WARNING== Note: Running with unmodified GPU clocks. If not controlled otherwise, profiling results may be inconsistent.
==PROF== Connected to process 2590036 (/apps/applications/Miniconda/25.11.1/envs/pytorch_2.9.1_cuda13/bin/python3.14)
==PROF== Disconnected from process 2590036
==WARNING== No kernels were profiled.
==WARNING== Note that specified NVTX include expressions match only start/end ranges.
==WARNING== Refer https://docs.nvidia.com/nsight-compute/NsightComputeCli/index.html#nvtx-fil"
40,0.37037037037037035,108,,,1,1,2.5,1,97.5,No kernels captured in ncu output,,,"==WARNING== Note: Running with unmodified GPU clocks. If not controlled otherwise, profiling results may be inconsistent.
==PROF== Connected to process 2590556 (/apps/applications/Miniconda/25.11.1/envs/pytorch_2.9.1_cuda13/bin/python3.14)
==PROF== Disconnected from process 2590556
==WARNING== No kernels were profiled.
==WARNING== Note that specified NVTX include expressions match only start/end ranges.
==WARNING== Refer https://docs.nvidia.com/nsight-compute/NsightComputeCli/index.html#nvtx-fil"
40,0.37037037037037035,108,,,1,1,2.5,1,97.5,No kernels captured in ncu output,,,"==WARNING== Note: Running with unmodified GPU clocks. If not controlled otherwise, profiling results may be inconsistent.
==PROF== Connected to process 2590903 (/apps/applications/Miniconda/25.11.1/envs/pytorch_2.9.1_cuda13/bin/python3.14)
==PROF== Disconnected from process 2590903
==WARNING== No kernels were profiled.
==WARNING== Note that specified NVTX include expressions match only start/end ranges.
==WARNING== Refer https://docs.nvidia.com/nsight-compute/NsightComputeCli/index.html#nvtx-fil"
40,0.37037037037037035,108,,,1,1,2.5,1,97.5,No kernels captured in ncu output,,,"==WARNING== Note: Running with unmodified GPU clocks. If not controlled otherwise, profiling results may be inconsistent.
==PROF== Connected to process 2591011 (/apps/applications/Miniconda/25.11.1/envs/pytorch_2.9.1_cuda13/bin/python3.14)
==PROF== Disconnected from process 2591011
==WARNING== No kernels were profiled.
==WARNING== Note that specified NVTX include expressions match only start/end ranges.
==WARNING== Refer https://docs.nvidia.com/nsight-compute/NsightComputeCli/index.html#nvtx-fil"
40,0.37037037037037035,108,,,1,1,2.5,1,97.5,No kernels captured in ncu output,,,"==WARNING== Note: Running with unmodified GPU clocks. If not controlled otherwise, profiling results may be inconsistent.
==PROF== Connected to process 2591123 (/apps/applications/Miniconda/25.11.1/envs/pytorch_2.9.1_cuda13/bin/python3.14)
==PROF== Disconnected from process 2591123
==WARNING== No kernels were profiled.
==WARNING== Note that specified NVTX include expressions match only start/end ranges.
==WARNING== Refer https://docs.nvidia.com/nsight-compute/NsightComputeCli/index.html#nvtx-fil"
40,0.37037037037037035,108,,,1,1,2.5,1,97.5,No kernels captured in ncu output,,,"==WARNING== Note: Running with unmodified GPU clocks. If not controlled otherwise, profiling results may be inconsistent.
==PROF== Connected to process 2591230 (/apps/applications/Miniconda/25.11.1/envs/pytorch_2.9.1_cuda13/bin/python3.14)
==PROF== Disconnected from process 2591230
==WARNING== No kernels were profiled.
==WARNING== Note that specified NVTX include expressions match only start/end ranges.
==WARNING== Refer https://docs.nvidia.com/nsight-compute/NsightComputeCli/index.html#nvtx-fil"
40,0.37037037037037035,108,,,1,1,2.5,1,97.5,No kernels captured in ncu output,,,"==WARNING== Note: Running with unmodified GPU clocks. If not controlled otherwise, profiling results may be inconsistent.
==PROF== Connected to process 2591337 (/apps/applications/Miniconda/25.11.1/envs/pytorch_2.9.1_cuda13/bin/python3.14)
==PROF== Disconnected from process 2591337
==WARNING== No kernels were profiled.
==WARNING== Note that specified NVTX include expressions match only start/end ranges.
==WARNING== Refer https://docs.nvidia.com/nsight-compute/NsightComputeCli/index.html#nvtx-fil"
40,0.37037037037037035,108,,,1,1,2.5,1,97.5,No kernels captured in ncu output,,,"==WARNING== Note: Running with unmodified GPU clocks. If not controlled otherwise, profiling results may be inconsistent.
==PROF== Connected to process 2591444 (/apps/applications/Miniconda/25.11.1/envs/pytorch_2.9.1_cuda13/bin/python3.14)
==PROF== Disconnected from process 2591444
==WARNING== No kernels were profiled.
==WARNING== Note that specified NVTX include expressions match only start/end ranges.
==WARNING== Refer https://docs.nvidia.com/nsight-compute/NsightComputeCli/index.html#nvtx-fil"
40,0.37037037037037035,108,,,1,1,2.5,1,97.5,No kernels captured in ncu output,,,"==WARNING== Note: Running with unmodified GPU clocks. If not controlled otherwise, profiling results may be inconsistent.
==PROF== Connected to process 2591551 (/apps/applications/Miniconda/25.11.1/envs/pytorch_2.9.1_cuda13/bin/python3.14)
==PROF== Disconnected from process 2591551
==WARNING== No kernels were profiled.
==WARNING== Note that specified NVTX include expressions match only start/end ranges.
==WARNING== Refer https://docs.nvidia.com/nsight-compute/NsightComputeCli/index.html#nvtx-fil"
40,0.37037037037037035,108,,,1,1,2.5,1,97.5,No kernels captured in ncu output,,,"==WARNING== Note: Running with unmodified GPU clocks. If not controlled otherwise, profiling results may be inconsistent.
==PROF== Connected to process 2591664 (/apps/applications/Miniconda/25.11.1/envs/pytorch_2.9.1_cuda13/bin/python3.14)
==PROF== Disconnected from process 2591664
==WARNING== No kernels were profiled.
==WARNING== Note that specified NVTX include expressions match only start/end ranges.
==WARNING== Refer https://docs.nvidia.com/nsight-compute/NsightComputeCli/index.html#nvtx-fil"
40,0.37037037037037035,108,,,1,1,2.5,1,97.5,No kernels captured in ncu output,,,"==WARNING== Note: Running with unmodified GPU clocks. If not controlled otherwise, profiling results may be inconsistent.
==PROF== Connected to process 2591770 (/apps/applications/Miniconda/25.11.1/envs/pytorch_2.9.1_cuda13/bin/python3.14)
==PROF== Disconnected from process 2591770
==WARNING== No kernels were profiled.
==WARNING== Note that specified NVTX include expressions match only start/end ranges.
==WARNING== Refer https://docs.nvidia.com/nsight-compute/NsightComputeCli/index.html#nvtx-fil"
40,0.37037037037037035,108,,,1,1,2.5,1,97.5,No kernels captured in ncu output,,,"==WARNING== Note: Running with unmodified GPU clocks. If not controlled otherwise, profiling results may be inconsistent.
==PROF== Connected to process 2591877 (/apps/applications/Miniconda/25.11.1/envs/pytorch_2.9.1_cuda13/bin/python3.14)
==PROF== Disconnected from process 2591877
==WARNING== No kernels were profiled.
==WARNING== Note that specified NVTX include expressions match only start/end ranges.
==WARNING== Refer https://docs.nvidia.com/nsight-compute/NsightComputeCli/index.html#nvtx-fil"
40,0.37037037037037035,108,,,1,1,2.5,1,97.5,No kernels captured in ncu output,,,"==WARNING== Note: Running with unmodified GPU clocks. If not controlled otherwise, profiling results may be inconsistent.
==PROF== Connected to process 2592357 (/apps/applications/Miniconda/25.11.1/envs/pytorch_2.9.1_cuda13/bin/python3.14)
==PROF== Disconnected from process 2592357
==WARNING== No kernels were profiled.
==WARNING== Note that specified NVTX include expressions match only start/end ranges.
==WARNING== Refer https://docs.nvidia.com/nsight-compute/NsightComputeCli/index.html#nvtx-fil"
40,0.37037037037037035,108,,,1,1,2.5,1,97.5,No kernels captured in ncu output,,,"==WARNING== Note: Running with unmodified GPU clocks. If not controlled otherwise, profiling results may be inconsistent.
==PROF== Connected to process 2592470 (/apps/applications/Miniconda/25.11.1/envs/pytorch_2.9.1_cuda13/bin/python3.14)
==PROF== Disconnected from process 2592470
==WARNING== No kernels were profiled.
==WARNING== Note that specified NVTX include expressions match only start/end ranges.
==WARNING== Refer https://docs.nvidia.com/nsight-compute/NsightComputeCli/index.html#nvtx-fil"
40,0.37037037037037035,108,,,1,1,2.5,1,97.5,No kernels captured in ncu output,,,"==WARNING== Note: Running with unmodified GPU clocks. If not controlled otherwise, profiling results may be inconsistent.
==PROF== Connected to process 2592583 (/apps/applications/Miniconda/25.11.1/envs/pytorch_2.9.1_cuda13/bin/python3.14)
==PROF== Disconnected from process 2592583
==WARNING== No kernels were profiled.
==WARNING== Note that specified NVTX include expressions match only start/end ranges.
==WARNING== Refer https://docs.nvidia.com/nsight-compute/NsightComputeCli/index.html#nvtx-fil"
40,0.37037037037037035,108,,,1,1,2.5,1,97.5,No kernels captured in ncu output,,,"==WARNING== Note: Running with unmodified GPU clocks. If not controlled otherwise, profiling results may be inconsistent.
==PROF== Connected to process 2592691 (/apps/applications/Miniconda/25.11.1/envs/pytorch_2.9.1_cuda13/bin/python3.14)
==PROF== Disconnected from process 2592691
==WARNING== No kernels were profiled.
==WARNING== Note that specified NVTX include expressions match only start/end ranges.
==WARNING== Refer https://docs.nvidia.com/nsight-compute/NsightComputeCli/index.html#nvtx-fil"
40,0.37037037037037035,108,,,1,1,2.5,1,97.5,No kernels captured in ncu output,,,"==WARNING== Note: Running with unmodified GPU clocks. If not controlled otherwise, profiling results may be inconsistent.
==PROF== Connected to process 2592800 (/apps/applications/Miniconda/25.11.1/envs/pytorch_2.9.1_cuda13/bin/python3.14)
==PROF== Disconnected from process 2592800
==WARNING== No kernels were profiled.
==WARNING== Note that specified NVTX include expressions match only start/end ranges.
==WARNING== Refer https://docs.nvidia.com/nsight-compute/NsightComputeCli/index.html#nvtx-fil"
40,0.37037037037037035,108,,,1,1,2.5,1,97.5,No kernels captured in ncu output,,,"==WARNING== Note: Running with unmodified GPU clocks. If not controlled otherwise, profiling results may be inconsistent.
==PROF== Connected to process 2593284 (/apps/applications/Miniconda/25.11.1/envs/pytorch_2.9.1_cuda13/bin/python3.14)
==PROF== Disconnected from process 2593284
==WARNING== No kernels were profiled.
==WARNING== Note that specified NVTX include expressions match only start/end ranges.
==WARNING== Refer https://docs.nvidia.com/nsight-compute/NsightComputeCli/index.html#nvtx-fil"
40,0.37037037037037035,108,,,1,1,2.5,1,97.5,No kernels captured in ncu output,,,"==WARNING== Note: Running with unmodified GPU clocks. If not controlled otherwise, profiling results may be inconsistent.
==PROF== Connected to process 2593405 (/apps/applications/Miniconda/25.11.1/envs/pytorch_2.9.1_cuda13/bin/python3.14)
==PROF== Disconnected from process 2593405
==WARNING== No kernels were profiled.
==WARNING== Note that specified NVTX include expressions match only start/end ranges.
==WARNING== Refer https://docs.nvidia.com/nsight-compute/NsightComputeCli/index.html#nvtx-fil"
40,0.37037037037037035,108,,,1,1,2.5,1,97.5,No kernels captured in ncu output,,,"==WARNING== Note: Running with unmodified GPU clocks. If not controlled otherwise, profiling results may be inconsistent.
==PROF== Connected to process 2593909 (/apps/applications/Miniconda/25.11.1/envs/pytorch_2.9.1_cuda13/bin/python3.14)
==PROF== Disconnected from process 2593909
==WARNING== No kernels were profiled.
==WARNING== Note that specified NVTX include expressions match only start/end ranges.
==WARNING== Refer https://docs.nvidia.com/nsight-compute/NsightComputeCli/index.html#nvtx-fil"
40,0.37037037037037035,108,,,1,1,2.5,1,97.5,No kernels captured in ncu output,,,"==WARNING== Note: Running with unmodified GPU clocks. If not controlled otherwise, profiling results may be inconsistent.
==PROF== Connected to process 2594018 (/apps/applications/Miniconda/25.11.1/envs/pytorch_2.9.1_cuda13/bin/python3.14)
==PROF== Disconnected from process 2594018
==WARNING== No kernels were profiled.
==WARNING== Note that specified NVTX include expressions match only start/end ranges.
==WARNING== Refer https://docs.nvidia.com/nsight-compute/NsightComputeCli/index.html#nvtx-fil"
40,0.37037037037037035,108,,,1,1,2.5,1,97.5,No kernels captured in ncu output,,,"==WARNING== Note: Running with unmodified GPU clocks. If not controlled otherwise, profiling results may be inconsistent.
==PROF== Connected to process 2594516 (/apps/applications/Miniconda/25.11.1/envs/pytorch_2.9.1_cuda13/bin/python3.14)
==PROF== Disconnected from process 2594516
==WARNING== No kernels were profiled.
==WARNING== Note that specified NVTX include expressions match only start/end ranges.
==WARNING== Refer https://docs.nvidia.com/nsight-compute/NsightComputeCli/index.html#nvtx-fil"
40,0.37037037037037035,108,,,1,1,2.5,1,97.5,No kernels captured in ncu output,,,"==WARNING== Note: Running with unmodified GPU clocks. If not controlled otherwise, profiling results may be inconsistent.
==PROF== Connected to process 2595354 (/apps/applications/Miniconda/25.11.1/envs/pytorch_2.9.1_cuda13/bin/python3.14)
==PROF== Disconnected from process 2595354
==WARNING== No kernels were profiled.
==WARNING== Note that specified NVTX include expressions match only start/end ranges.
==WARNING== Refer https://docs.nvidia.com/nsight-compute/NsightComputeCli/index.html#nvtx-fil"
40,0.37037037037037035,108,32768,64,262144,6554,99.99389685688129,24,0.006103143118707521,ncu exit code 1,"==WARNING== Note: Running with unmodified GPU clocks. If not controlled otherwise, profiling results may be inconsistent.
==PROF== Connected to process 2596404 (/apps/applications/Miniconda/25.11.1/envs/pytorch_2.9.1_cuda13/bin/python3.14)
==PROF== Disconnected from process 2596404
==ERROR== The application returned an error code (1).
","/apps/applications/Miniconda/25.11.1/envs/pytorch_2.9.1_cuda13/lib/python3.14/site-packages/torch/cuda/__init__.py:63: FutureWarning: The pynvml package is deprecated. Please install nvidia-ml-py instead. If you did not install pynvml directly, please report this to the maintainers of the package that installed pynvml for you.
  import pynvml  # type: ignore[import]
Traceback (most recent call last):
  File ""/scratch/ehmoon/whlee/prefill-layer-alloc/stage1_sm_scaling/../src/profiling/_ncu_target.py"", line 132, in <module>
    main()
    ~~~~^^
  File ""/scratch/ehmoon/whlee/prefill-layer-alloc/stage1_sm_scaling/../src/profiling/_ncu_target.py"", line 87, in main
    kv_cache = torch.randn(
        args.batch_size, total_kv_len, 2, n_kv_heads, head_dim,
        device=""cuda"", dtype=dtype
    )
torch.OutOfMemoryError: CUDA out of memory. Tried to allocate 56.00 GiB. GPU 0 has a total capacity of 79.25 GiB of which 50.69 GiB is free. Including non-PyTorch memory, this process has 28.55 GiB ",
54,0.5,108,,,1,1,1.8518518518518516,1,98.14814814814815,No kernels captured in ncu output,,,"==WARNING== Note: Running with unmodified GPU clocks. If not controlled otherwise, profiling results may be inconsistent.
==PROF== Connected to process 2596520 (/apps/applications/Miniconda/25.11.1/envs/pytorch_2.9.1_cuda13/bin/python3.14)
==PROF== Disconnected from process 2596520
==WARNING== No kernels were profiled.
==WARNING== Note that specified NVTX include expressions match only start/end ranges.
==WARNING== Refer https://docs.nvidia.com/nsight-compute/NsightComputeCli/index.html#nvtx-fil"
54,0.5,108,,,1,1,1.8518518518518516,1,98.14814814814815,No kernels captured in ncu output,,,"==WARNING== Note: Running with unmodified GPU clocks. If not controlled otherwise, profiling results may be inconsistent.
==PROF== Connected to process 2596941 (/apps/applications/Miniconda/25.11.1/envs/pytorch_2.9.1_cuda13/bin/python3.14)
==PROF== Disconnected from process 2596941
==WARNING== No kernels were profiled.
==WARNING== Note that specified NVTX include expressions match only start/end ranges.
==WARNING== Refer https://docs.nvidia.com/nsight-compute/NsightComputeCli/index.html#nvtx-fil"
54,0.5,108,,,1,1,1.8518518518518516,1,98.14814814814815,No kernels captured in ncu output,,,"==WARNING== Note: Running with unmodified GPU clocks. If not controlled otherwise, profiling results may be inconsistent.
==PROF== Connected to process 2597048 (/apps/applications/Miniconda/25.11.1/envs/pytorch_2.9.1_cuda13/bin/python3.14)
==PROF== Disconnected from process 2597048
==WARNING== No kernels were profiled.
==WARNING== Note that specified NVTX include expressions match only start/end ranges.
==WARNING== Refer https://docs.nvidia.com/nsight-compute/NsightComputeCli/index.html#nvtx-fil"
54,0.5,108,,,1,1,1.8518518518518516,1,98.14814814814815,No kernels captured in ncu output,,,"==WARNING== Note: Running with unmodified GPU clocks. If not controlled otherwise, profiling results may be inconsistent.
==PROF== Connected to process 2597156 (/apps/applications/Miniconda/25.11.1/envs/pytorch_2.9.1_cuda13/bin/python3.14)
==PROF== Disconnected from process 2597156
==WARNING== No kernels were profiled.
==WARNING== Note that specified NVTX include expressions match only start/end ranges.
==WARNING== Refer https://docs.nvidia.com/nsight-compute/NsightComputeCli/index.html#nvtx-fil"
54,0.5,108,,,1,1,1.8518518518518516,1,98.14814814814815,No kernels captured in ncu output,,,"==WARNING== Note: Running with unmodified GPU clocks. If not controlled otherwise, profiling results may be inconsistent.
==PROF== Connected to process 2597262 (/apps/applications/Miniconda/25.11.1/envs/pytorch_2.9.1_cuda13/bin/python3.14)
==PROF== Disconnected from process 2597262
==WARNING== No kernels were profiled.
==WARNING== Note that specified NVTX include expressions match only start/end ranges.
==WARNING== Refer https://docs.nvidia.com/nsight-compute/NsightComputeCli/index.html#nvtx-fil"
54,0.5,108,,,1,1,1.8518518518518516,1,98.14814814814815,No kernels captured in ncu output,,,"==WARNING== Note: Running with unmodified GPU clocks. If not controlled otherwise, profiling results may be inconsistent.
==PROF== Connected to process 2597369 (/apps/applications/Miniconda/25.11.1/envs/pytorch_2.9.1_cuda13/bin/python3.14)
==PROF== Disconnected from process 2597369
==WARNING== No kernels were profiled.
==WARNING== Note that specified NVTX include expressions match only start/end ranges.
==WARNING== Refer https://docs.nvidia.com/nsight-compute/NsightComputeCli/index.html#nvtx-fil"
54,0.5,108,,,1,1,1.8518518518518516,1,98.14814814814815,No kernels captured in ncu output,,,"==WARNING== Note: Running with unmodified GPU clocks. If not controlled otherwise, profiling results may be inconsistent.
==PROF== Connected to process 2597476 (/apps/applications/Miniconda/25.11.1/envs/pytorch_2.9.1_cuda13/bin/python3.14)
==PROF== Disconnected from process 2597476
==WARNING== No kernels were profiled.
==WARNING== Note that specified NVTX include expressions match only start/end ranges.
==WARNING== Refer https://docs.nvidia.com/nsight-compute/NsightComputeCli/index.html#nvtx-fil"
54,0.5,108,,,1,1,1.8518518518518516,1,98.14814814814815,No kernels captured in ncu output,,,"==WARNING== Note: Running with unmodified GPU clocks. If not controlled otherwise, profiling results may be inconsistent.
==PROF== Connected to process 2597583 (/apps/applications/Miniconda/25.11.1/envs/pytorch_2.9.1_cuda13/bin/python3.14)
==PROF== Disconnected from process 2597583
==WARNING== No kernels were profiled.
==WARNING== Note that specified NVTX include expressions match only start/end ranges.
==WARNING== Refer https://docs.nvidia.com/nsight-compute/NsightComputeCli/index.html#nvtx-fil"
54,0.5,108,,,1,1,1.8518518518518516,1,98.14814814814815,No kernels captured in ncu output,,,"==WARNING== Note: Running with unmodified GPU clocks. If not controlled otherwise, profiling results may be inconsistent.
==PROF== Connected to process 2597690 (/apps/applications/Miniconda/25.11.1/envs/pytorch_2.9.1_cuda13/bin/python3.14)
==PROF== Disconnected from process 2597690
==WARNING== No kernels were profiled.
==WARNING== Note that specified NVTX include expressions match only start/end ranges.
==WARNING== Refer https://docs.nvidia.com/nsight-compute/NsightComputeCli/index.html#nvtx-fil"
54,0.5,108,,,1,1,1.8518518518518516,1,98.14814814814815,No kernels captured in ncu output,,,"==WARNING== Note: Running with unmodified GPU clocks. If not controlled otherwise, profiling results may be inconsistent.
==PROF== Connected to process 2597798 (/apps/applications/Miniconda/25.11.1/envs/pytorch_2.9.1_cuda13/bin/python3.14)
==PROF== Disconnected from process 2597798
==WARNING== No kernels were profiled.
==WARNING== Note that specified NVTX include expressions match only start/end ranges.
==WARNING== Refer https://docs.nvidia.com/nsight-compute/NsightComputeCli/index.html#nvtx-fil"
54,0.5,108,,,1,1,1.8518518518518516,1,98.14814814814815,No kernels captured in ncu output,,,"==WARNING== Note: Running with unmodified GPU clocks. If not controlled otherwise, profiling results may be inconsistent.
==PROF== Connected to process 2597906 (/apps/applications/Miniconda/25.11.1/envs/pytorch_2.9.1_cuda13/bin/python3.14)
==PROF== Disconnected from process 2597906
==WARNING== No kernels were profiled.
==WARNING== Note that specified NVTX include expressions match only start/end ranges.
==WARNING== Refer https://docs.nvidia.com/nsight-compute/NsightComputeCli/index.html#nvtx-fil"
54,0.5,108,,,1,1,1.8518518518518516,1,98.14814814814815,No kernels captured in ncu output,,,"==WARNING== Note: Running with unmodified GPU clocks. If not controlled otherwise, profiling results may be inconsistent.
==PROF== Connected to process 2598012 (/apps/applications/Miniconda/25.11.1/envs/pytorch_2.9.1_cuda13/bin/python3.14)
==PROF== Disconnected from process 2598012
==WARNING== No kernels were profiled.
==WARNING== Note that specified NVTX include expressions match only start/end ranges.
==WARNING== Refer https://docs.nvidia.com/nsight-compute/NsightComputeCli/index.html#nvtx-fil"
54,0.5,108,,,1,1,1.8518518518518516,1,98.14814814814815,No kernels captured in ncu output,,,"==WARNING== Note: Running with unmodified GPU clocks. If not controlled otherwise, profiling results may be inconsistent.
==PROF== Connected to process 2598118 (/apps/applications/Miniconda/25.11.1/envs/pytorch_2.9.1_cuda13/bin/python3.14)
==PROF== Disconnected from process 2598118
==WARNING== No kernels were profiled.
==WARNING== Note that specified NVTX include expressions match only start/end ranges.
==WARNING== Refer https://docs.nvidia.com/nsight-compute/NsightComputeCli/index.html#nvtx-fil"
54,0.5,108,,,1,1,1.8518518518518516,1,98.14814814814815,No kernels captured in ncu output,,,"==WARNING== Note: Running with unmodified GPU clocks. If not controlled otherwise, profiling results may be inconsistent.
==PROF== Connected to process 2598223 (/apps/applications/Miniconda/25.11.1/envs/pytorch_2.9.1_cuda13/bin/python3.14)
==PROF== Disconnected from process 2598223
==WARNING== No kernels were profiled.
==WARNING== Note that specified NVTX include expressions match only start/end ranges.
==WARNING== Refer https://docs.nvidia.com/nsight-compute/NsightComputeCli/index.html#nvtx-fil"
54,0.5,108,,,1,1,1.8518518518518516,1,98.14814814814815,No kernels captured in ncu output,,,"==WARNING== Note: Running with unmodified GPU clocks. If not controlled otherwise, profiling results may be inconsistent.
==PROF== Connected to process 2598656 (/apps/applications/Miniconda/25.11.1/envs/pytorch_2.9.1_cuda13/bin/python3.14)
==PROF== Disconnected from process 2598656
==WARNING== No kernels were profiled.
==WARNING== Note that specified NVTX include expressions match only start/end ranges.
==WARNING== Refer https://docs.nvidia.com/nsight-compute/NsightComputeCli/index.html#nvtx-fil"
54,0.5,108,,,1,1,1.8518518518518516,1,98.14814814814815,No kernels captured in ncu output,,,"==WARNING== Note: Running with unmodified GPU clocks. If not controlled otherwise, profiling results may be inconsistent.
==PROF== Connected to process 2598764 (/apps/applications/Miniconda/25.11.1/envs/pytorch_2.9.1_cuda13/bin/python3.14)
==PROF== Disconnected from process 2598764
==WARNING== No kernels were profiled.
==WARNING== Note that specified NVTX include expressions match only start/end ranges.
==WARNING== Refer https://docs.nvidia.com/nsight-compute/NsightComputeCli/index.html#nvtx-fil"
54,0.5,108,,,1,1,1.8518518518518516,1,98.14814814814815,No kernels captured in ncu output,,,"==WARNING== Note: Running with unmodified GPU clocks. If not controlled otherwise, profiling results may be inconsistent.
==PROF== Connected to process 2598872 (/apps/applications/Miniconda/25.11.1/envs/pytorch_2.9.1_cuda13/bin/python3.14)
==PROF== Disconnected from process 2598872
==WARNING== No kernels were profiled.
==WARNING== Note that specified NVTX include expressions match only start/end ranges.
==WARNING== Refer https://docs.nvidia.com/nsight-compute/NsightComputeCli/index.html#nvtx-fil"
54,0.5,108,,,1,1,1.8518518518518516,1,98.14814814814815,No kernels captured in ncu output,,,"==WARNING== Note: Running with unmodified GPU clocks. If not controlled otherwise, profiling results may be inconsistent.
==PROF== Connected to process 2598978 (/apps/applications/Miniconda/25.11.1/envs/pytorch_2.9.1_cuda13/bin/python3.14)
==PROF== Disconnected from process 2598978
==WARNING== No kernels were profiled.
==WARNING== Note that specified NVTX include expressions match only start/end ranges.
==WARNING== Refer https://docs.nvidia.com/nsight-compute/NsightComputeCli/index.html#nvtx-fil"
54,0.5,108,,,1,1,1.8518518518518516,1,98.14814814814815,No kernels captured in ncu output,,,"==WARNING== Note: Running with unmodified GPU clocks. If not controlled otherwise, profiling results may be inconsistent.
==PROF== Connected to process 2599085 (/apps/applications/Miniconda/25.11.1/envs/pytorch_2.9.1_cuda13/bin/python3.14)
==PROF== Disconnected from process 2599085
==WARNING== No kernels were profiled.
==WARNING== Note that specified NVTX include expressions match only start/end ranges.
==WARNING== Refer https://docs.nvidia.com/nsight-compute/NsightComputeCli/index.html#nvtx-fil"
54,0.5,108,,,1,1,1.8518518518518516,1,98.14814814814815,No kernels captured in ncu output,,,"==WARNING== Note: Running with unmodified GPU clocks. If not controlled otherwise, profiling results may be inconsistent.
==PROF== Connected to process 2599192 (/apps/applications/Miniconda/25.11.1/envs/pytorch_2.9.1_cuda13/bin/python3.14)
==PROF== Disconnected from process 2599192
==WARNING== No kernels were profiled.
==WARNING== Note that specified NVTX include expressions match only start/end ranges.
==WARNING== Refer https://docs.nvidia.com/nsight-compute/NsightComputeCli/index.html#nvtx-fil"
54,0.5,108,,,1,1,1.8518518518518516,1,98.14814814814815,No kernels captured in ncu output,,,"==WARNING== Note: Running with unmodified GPU clocks. If not controlled otherwise, profiling results may be inconsistent.
==PROF== Connected to process 2599299 (/apps/applications/Miniconda/25.11.1/envs/pytorch_2.9.1_cuda13/bin/python3.14)
==PROF== Disconnected from process 2599299
==WARNING== No kernels were profiled.
==WARNING== Note that specified NVTX include expressions match only start/end ranges.
==WARNING== Refer https://docs.nvidia.com/nsight-compute/NsightComputeCli/index.html#nvtx-fil"
54,0.5,108,,,1,1,1.8518518518518516,1,98.14814814814815,No kernels captured in ncu output,,,"==WARNING== Note: Running with unmodified GPU clocks. If not controlled otherwise, profiling results may be inconsistent.
==PROF== Connected to process 2599405 (/apps/applications/Miniconda/25.11.1/envs/pytorch_2.9.1_cuda13/bin/python3.14)
==PROF== Disconnected from process 2599405
==WARNING== No kernels were profiled.
==WARNING== Note that specified NVTX include expressions match only start/end ranges.
==WARNING== Refer https://docs.nvidia.com/nsight-compute/NsightComputeCli/index.html#nvtx-fil"
54,0.5,108,,,1,1,1.8518518518518516,1,98.14814814814815,No kernels captured in ncu output,,,"==WARNING== Note: Running with unmodified GPU clocks. If not controlled otherwise, profiling results may be inconsistent.
==PROF== Connected to process 2599514 (/apps/applications/Miniconda/25.11.1/envs/pytorch_2.9.1_cuda13/bin/python3.14)
==PROF== Disconnected from process 2599514
==WARNING== No kernels were profiled.
==WARNING== Note that specified NVTX include expressions match only start/end ranges.
==WARNING== Refer https://docs.nvidia.com/nsight-compute/NsightComputeCli/index.html#nvtx-fil"
54,0.5,108,,,1,1,1.8518518518518516,1,98.14814814814815,No kernels captured in ncu output,,,"==WARNING== Note: Running with unmodified GPU clocks. If not controlled otherwise, profiling results may be inconsistent.
==PROF== Connected to process 2599621 (/apps/applications/Miniconda/25.11.1/envs/pytorch_2.9.1_cuda13/bin/python3.14)
==PROF== Disconnected from process 2599621
==WARNING== No kernels were profiled.
==WARNING== Note that specified NVTX include expressions match only start/end ranges.
==WARNING== Refer https://docs.nvidia.com/nsight-compute/NsightComputeCli/index.html#nvtx-fil"
54,0.5,108,,,1,1,1.8518518518518516,1,98.14814814814815,No kernels captured in ncu output,,,"==WARNING== Note: Running with unmodified GPU clocks. If not controlled otherwise, profiling results may be inconsistent.
==PROF== Connected to process 2599728 (/apps/applications/Miniconda/25.11.1/envs/pytorch_2.9.1_cuda13/bin/python3.14)
==PROF== Disconnected from process 2599728
==WARNING== No kernels were profiled.
==WARNING== Note that specified NVTX include expressions match only start/end ranges.
==WARNING== Refer https://docs.nvidia.com/nsight-compute/NsightComputeCli/index.html#nvtx-fil"
54,0.5,108,,,1,1,1.8518518518518516,1,98.14814814814815,No kernels captured in ncu output,,,"==WARNING== Note: Running with unmodified GPU clocks. If not controlled otherwise, profiling results may be inconsistent.
==PROF== Connected to process 2600033 (/apps/applications/Miniconda/25.11.1/envs/pytorch_2.9.1_cuda13/bin/python3.14)
==PROF== Disconnected from process 2600033
==WARNING== No kernels were profiled.
==WARNING== Note that specified NVTX include expressions match only start/end ranges.
==WARNING== Refer https://docs.nvidia.com/nsight-compute/NsightComputeCli/index.html#nvtx-fil"
54,0.5,108,,,1,1,1.8518518518518516,1,98.14814814814815,No kernels captured in ncu output,,,"==WARNING== Note: Running with unmodified GPU clocks. If not controlled otherwise, profiling results may be inconsistent.
==PROF== Connected to process 2600296 (/apps/applications/Miniconda/25.11.1/envs/pytorch_2.9.1_cuda13/bin/python3.14)
==PROF== Disconnected from process 2600296
==WARNING== No kernels were profiled.
==WARNING== Note that specified NVTX include expressions match only start/end ranges.
==WARNING== Refer https://docs.nvidia.com/nsight-compute/NsightComputeCli/index.html#nvtx-fil"
54,0.5,108,,,1,1,1.8518518518518516,1,98.14814814814815,No kernels captured in ncu output,,,"==WARNING== Note: Running with unmodified GPU clocks. If not controlled otherwise, profiling results may be inconsistent.
==PROF== Connected to process 2600404 (/apps/applications/Miniconda/25.11.1/envs/pytorch_2.9.1_cuda13/bin/python3.14)
==PROF== Disconnected from process 2600404
==WARNING== No kernels were profiled.
==WARNING== Note that specified NVTX include expressions match only start/end ranges.
==WARNING== Refer https://docs.nvidia.com/nsight-compute/NsightComputeCli/index.html#nvtx-fil"
54,0.5,108,,,1,1,1.8518518518518516,1,98.14814814814815,No kernels captured in ncu output,,,"==WARNING== Note: Running with unmodified GPU clocks. If not controlled otherwise, profiling results may be inconsistent.
==PROF== Connected to process 2600512 (/apps/applications/Miniconda/25.11.1/envs/pytorch_2.9.1_cuda13/bin/python3.14)
==PROF== Disconnected from process 2600512
==WARNING== No kernels were profiled.
==WARNING== Note that specified NVTX include expressions match only start/end ranges.
==WARNING== Refer https://docs.nvidia.com/nsight-compute/NsightComputeCli/index.html#nvtx-fil"
54,0.5,108,,,1,1,1.8518518518518516,1,98.14814814814815,No kernels captured in ncu output,,,"==WARNING== Note: Running with unmodified GPU clocks. If not controlled otherwise, profiling results may be inconsistent.
==PROF== Connected to process 2600622 (/apps/applications/Miniconda/25.11.1/envs/pytorch_2.9.1_cuda13/bin/python3.14)
==PROF== Disconnected from process 2600622
==WARNING== No kernels were profiled.
==WARNING== Note that specified NVTX include expressions match only start/end ranges.
==WARNING== Refer https://docs.nvidia.com/nsight-compute/NsightComputeCli/index.html#nvtx-fil"
54,0.5,108,,,1,1,1.8518518518518516,1,98.14814814814815,No kernels captured in ncu output,,,"==WARNING== Note: Running with unmodified GPU clocks. If not controlled otherwise, profiling results may be inconsistent.
==PROF== Connected to process 2600733 (/apps/applications/Miniconda/25.11.1/envs/pytorch_2.9.1_cuda13/bin/python3.14)
==PROF== Disconnected from process 2600733
==WARNING== No kernels were profiled.
==WARNING== Note that specified NVTX include expressions match only start/end ranges.
==WARNING== Refer https://docs.nvidia.com/nsight-compute/NsightComputeCli/index.html#nvtx-fil"
54,0.5,108,,,1,1,1.8518518518518516,1,98.14814814814815,No kernels captured in ncu output,,,"==WARNING== Note: Running with unmodified GPU clocks. If not controlled otherwise, profiling results may be inconsistent.
==PROF== Connected to process 2600841 (/apps/applications/Miniconda/25.11.1/envs/pytorch_2.9.1_cuda13/bin/python3.14)
==PROF== Disconnected from process 2600841
==WARNING== No kernels were profiled.
==WARNING== Note that specified NVTX include expressions match only start/end ranges.
==WARNING== Refer https://docs.nvidia.com/nsight-compute/NsightComputeCli/index.html#nvtx-fil"
54,0.5,108,,,1,1,1.8518518518518516,1,98.14814814814815,No kernels captured in ncu output,,,"==WARNING== Note: Running with unmodified GPU clocks. If not controlled otherwise, profiling results may be inconsistent.
==PROF== Connected to process 2600948 (/apps/applications/Miniconda/25.11.1/envs/pytorch_2.9.1_cuda13/bin/python3.14)
==PROF== Disconnected from process 2600948
==WARNING== No kernels were profiled.
==WARNING== Note that specified NVTX include expressions match only start/end ranges.
==WARNING== Refer https://docs.nvidia.com/nsight-compute/NsightComputeCli/index.html#nvtx-fil"
54,0.5,108,,,1,1,1.8518518518518516,1,98.14814814814815,No kernels captured in ncu output,,,"==WARNING== Note: Running with unmodified GPU clocks. If not controlled otherwise, profiling results may be inconsistent.
==PROF== Connected to process 2601725 (/apps/applications/Miniconda/25.11.1/envs/pytorch_2.9.1_cuda13/bin/python3.14)
==PROF== Disconnected from process 2601725
==WARNING== No kernels were profiled.
==WARNING== Note that specified NVTX include expressions match only start/end ranges.
==WARNING== Refer https://docs.nvidia.com/nsight-compute/NsightComputeCli/index.html#nvtx-fil"
54,0.5,108,,,1,1,1.8518518518518516,1,98.14814814814815,No kernels captured in ncu output,,,"==WARNING== Note: Running with unmodified GPU clocks. If not controlled otherwise, profiling results may be inconsistent.
==PROF== Connected to process 2601840 (/apps/applications/Miniconda/25.11.1/envs/pytorch_2.9.1_cuda13/bin/python3.14)
==PROF== Disconnected from process 2601840
==WARNING== No kernels were profiled.
==WARNING== Note that specified NVTX include expressions match only start/end ranges.
==WARNING== Refer https://docs.nvidia.com/nsight-compute/NsightComputeCli/index.html#nvtx-fil"
54,0.5,108,,,1,1,1.8518518518518516,1,98.14814814814815,No kernels captured in ncu output,,,"==WARNING== Note: Running with unmodified GPU clocks. If not controlled otherwise, profiling results may be inconsistent.
==PROF== Connected to process 2602319 (/apps/applications/Miniconda/25.11.1/envs/pytorch_2.9.1_cuda13/bin/python3.14)
==PROF== Disconnected from process 2602319
==WARNING== No kernels were profiled.
==WARNING== Note that specified NVTX include expressions match only start/end ranges.
==WARNING== Refer https://docs.nvidia.com/nsight-compute/NsightComputeCli/index.html#nvtx-fil"
54,0.5,108,,,1,1,1.8518518518518516,1,98.14814814814815,No kernels captured in ncu output,,,"==WARNING== Note: Running with unmodified GPU clocks. If not controlled otherwise, profiling results may be inconsistent.
==PROF== Connected to process 2602427 (/apps/applications/Miniconda/25.11.1/envs/pytorch_2.9.1_cuda13/bin/python3.14)
==PROF== Disconnected from process 2602427
==WARNING== No kernels were profiled.
==WARNING== Note that specified NVTX include expressions match only start/end ranges.
==WARNING== Refer https://docs.nvidia.com/nsight-compute/NsightComputeCli/index.html#nvtx-fil"
54,0.5,108,,,1,1,1.8518518518518516,1,98.14814814814815,No kernels captured in ncu output,,,"==WARNING== Note: Running with unmodified GPU clocks. If not controlled otherwise, profiling results may be inconsistent.
==PROF== Connected to process 2602538 (/apps/applications/Miniconda/25.11.1/envs/pytorch_2.9.1_cuda13/bin/python3.14)
==PROF== Disconnected from process 2602538
==WARNING== No kernels were profiled.
==WARNING== Note that specified NVTX include expressions match only start/end ranges.
==WARNING== Refer https://docs.nvidia.com/nsight-compute/NsightComputeCli/index.html#nvtx-fil"
54,0.5,108,,,1,1,1.8518518518518516,1,98.14814814814815,No kernels captured in ncu output,,,"==WARNING== Note: Running with unmodified GPU clocks. If not controlled otherwise, profiling results may be inconsistent.
==PROF== Connected to process 2603014 (/apps/applications/Miniconda/25.11.1/envs/pytorch_2.9.1_cuda13/bin/python3.14)
==PROF== Disconnected from process 2603014
==WARNING== No kernels were profiled.
==WARNING== Note that specified NVTX include expressions match only start/end ranges.
==WARNING== Refer https://docs.nvidia.com/nsight-compute/NsightComputeCli/index.html#nvtx-fil"
54,0.5,108,32768,64,262144,4855,99.99008277072129,28,0.00991722927871086,ncu exit code 1,"==WARNING== Note: Running with unmodified GPU clocks. If not controlled otherwise, profiling results may be inconsistent.
==PROF== Connected to process 2603506 (/apps/applications/Miniconda/25.11.1/envs/pytorch_2.9.1_cuda13/bin/python3.14)
==PROF== Disconnected from process 2603506
==ERROR== The application returned an error code (1).
","/apps/applications/Miniconda/25.11.1/envs/pytorch_2.9.1_cuda13/lib/python3.14/site-packages/torch/cuda/__init__.py:63: FutureWarning: The pynvml package is deprecated. Please install nvidia-ml-py instead. If you did not install pynvml directly, please report this to the maintainers of the package that installed pynvml for you.
  import pynvml  # type: ignore[import]
Traceback (most recent call last):
  File ""/scratch/ehmoon/whlee/prefill-layer-alloc/stage1_sm_scaling/../src/profiling/_ncu_target.py"", line 132, in <module>
    main()
    ~~~~^^
  File ""/scratch/ehmoon/whlee/prefill-layer-alloc/stage1_sm_scaling/../src/profiling/_ncu_target.py"", line 87, in main
    kv_cache = torch.randn(
        args.batch_size, total_kv_len, 2, n_kv_heads, head_dim,
        device=""cuda"", dtype=dtype
    )
torch.OutOfMemoryError: CUDA out of memory. Tried to allocate 56.00 GiB. GPU 0 has a total capacity of 79.25 GiB of which 50.69 GiB is free. Including non-PyTorch memory, this process has 28.55 GiB ",
68,0.6296296296296297,108,,,1,1,1.4705882352941175,1,98.52941176470588,No kernels captured in ncu output,,,"==WARNING== Note: Running with unmodified GPU clocks. If not controlled otherwise, profiling results may be inconsistent.
==PROF== Connected to process 2603609 (/apps/applications/Miniconda/25.11.1/envs/pytorch_2.9.1_cuda13/bin/python3.14)
==PROF== Disconnected from process 2603609
==WARNING== No kernels were profiled.
==WARNING== Note that specified NVTX include expressions match only start/end ranges.
==WARNING== Refer https://docs.nvidia.com/nsight-compute/NsightComputeCli/index.html#nvtx-fil"
68,0.6296296296296297,108,,,1,1,1.4705882352941175,1,98.52941176470588,No kernels captured in ncu output,,,"==WARNING== Note: Running with unmodified GPU clocks. If not controlled otherwise, profiling results may be inconsistent.
==PROF== Connected to process 2603716 (/apps/applications/Miniconda/25.11.1/envs/pytorch_2.9.1_cuda13/bin/python3.14)
==PROF== Disconnected from process 2603716
==WARNING== No kernels were profiled.
==WARNING== Note that specified NVTX include expressions match only start/end ranges.
==WARNING== Refer https://docs.nvidia.com/nsight-compute/NsightComputeCli/index.html#nvtx-fil"
68,0.6296296296296297,108,,,1,1,1.4705882352941175,1,98.52941176470588,No kernels captured in ncu output,,,"==WARNING== Note: Running with unmodified GPU clocks. If not controlled otherwise, profiling results may be inconsistent.
==PROF== Connected to process 2604147 (/apps/applications/Miniconda/25.11.1/envs/pytorch_2.9.1_cuda13/bin/python3.14)
==PROF== Disconnected from process 2604147
==WARNING== No kernels were profiled.
==WARNING== Note that specified NVTX include expressions match only start/end ranges.
==WARNING== Refer https://docs.nvidia.com/nsight-compute/NsightComputeCli/index.html#nvtx-fil"
68,0.6296296296296297,108,,,1,1,1.4705882352941175,1,98.52941176470588,No kernels captured in ncu output,,,"==WARNING== Note: Running with unmodified GPU clocks. If not controlled otherwise, profiling results may be inconsistent.
==PROF== Connected to process 2604255 (/apps/applications/Miniconda/25.11.1/envs/pytorch_2.9.1_cuda13/bin/python3.14)
==PROF== Disconnected from process 2604255
==WARNING== No kernels were profiled.
==WARNING== Note that specified NVTX include expressions match only start/end ranges.
==WARNING== Refer https://docs.nvidia.com/nsight-compute/NsightComputeCli/index.html#nvtx-fil"
68,0.6296296296296297,108,,,1,1,1.4705882352941175,1,98.52941176470588,No kernels captured in ncu output,,,"==WARNING== Note: Running with unmodified GPU clocks. If not controlled otherwise, profiling results may be inconsistent.
==PROF== Connected to process 2604362 (/apps/applications/Miniconda/25.11.1/envs/pytorch_2.9.1_cuda13/bin/python3.14)
==PROF== Disconnected from process 2604362
==WARNING== No kernels were profiled.
==WARNING== Note that specified NVTX include expressions match only start/end ranges.
==WARNING== Refer https://docs.nvidia.com/nsight-compute/NsightComputeCli/index.html#nvtx-fil"
68,0.6296296296296297,108,,,1,1,1.4705882352941175,1,98.52941176470588,No kernels captured in ncu output,,,"==WARNING== Note: Running with unmodified GPU clocks. If not controlled otherwise, profiling results may be inconsistent.
==PROF== Connected to process 2604469 (/apps/applications/Miniconda/25.11.1/envs/pytorch_2.9.1_cuda13/bin/python3.14)
==PROF== Disconnected from process 2604469
==WARNING== No kernels were profiled.
==WARNING== Note that specified NVTX include expressions match only start/end ranges.
==WARNING== Refer https://docs.nvidia.com/nsight-compute/NsightComputeCli/index.html#nvtx-fil"
68,0.6296296296296297,108,,,1,1,1.4705882352941175,1,98.52941176470588,No kernels captured in ncu output,,,"==WARNING== Note: Running with unmodified GPU clocks. If not controlled otherwise, profiling results may be inconsistent.
==PROF== Connected to process 2604576 (/apps/applications/Miniconda/25.11.1/envs/pytorch_2.9.1_cuda13/bin/python3.14)
==PROF== Disconnected from process 2604576
==WARNING== No kernels were profiled.
==WARNING== Note that specified NVTX include expressions match only start/end ranges.
==WARNING== Refer https://docs.nvidia.com/nsight-compute/NsightComputeCli/index.html#nvtx-fil"
68,0.6296296296296297,108,,,1,1,1.4705882352941175,1,98.52941176470588,No kernels captured in ncu output,,,"==WARNING== Note: Running with unmodified GPU clocks. If not controlled otherwise, profiling results may be inconsistent.
==PROF== Connected to process 2604683 (/apps/applications/Miniconda/25.11.1/envs/pytorch_2.9.1_cuda13/bin/python3.14)
==PROF== Disconnected from process 2604683
==WARNING== No kernels were profiled.
==WARNING== Note that specified NVTX include expressions match only start/end ranges.
==WARNING== Refer https://docs.nvidia.com/nsight-compute/NsightComputeCli/index.html#nvtx-fil"
68,0.6296296296296297,108,,,1,1,1.4705882352941175,1,98.52941176470588,No kernels captured in ncu output,,,"==WARNING== Note: Running with unmodified GPU clocks. If not controlled otherwise, profiling results may be inconsistent.
==PROF== Connected to process 2604790 (/apps/applications/Miniconda/25.11.1/envs/pytorch_2.9.1_cuda13/bin/python3.14)
==PROF== Disconnected from process 2604790
==WARNING== No kernels were profiled.
==WARNING== Note that specified NVTX include expressions match only start/end ranges.
==WARNING== Refer https://docs.nvidia.com/nsight-compute/NsightComputeCli/index.html#nvtx-fil"
68,0.6296296296296297,108,,,1,1,1.4705882352941175,1,98.52941176470588,No kernels captured in ncu output,,,"==WARNING== Note: Running with unmodified GPU clocks. If not controlled otherwise, profiling results may be inconsistent.
==PROF== Connected to process 2604896 (/apps/applications/Miniconda/25.11.1/envs/pytorch_2.9.1_cuda13/bin/python3.14)
==PROF== Disconnected from process 2604896
==WARNING== No kernels were profiled.
==WARNING== Note that specified NVTX include expressions match only start/end ranges.
==WARNING== Refer https://docs.nvidia.com/nsight-compute/NsightComputeCli/index.html#nvtx-fil"
68,0.6296296296296297,108,,,1,1,1.4705882352941175,1,98.52941176470588,No kernels captured in ncu output,,,"==WARNING== Note: Running with unmodified GPU clocks. If not controlled otherwise, profiling results may be inconsistent.
==PROF== Connected to process 2605004 (/apps/applications/Miniconda/25.11.1/envs/pytorch_2.9.1_cuda13/bin/python3.14)
==PROF== Disconnected from process 2605004
==WARNING== No kernels were profiled.
==WARNING== Note that specified NVTX include expressions match only start/end ranges.
==WARNING== Refer https://docs.nvidia.com/nsight-compute/NsightComputeCli/index.html#nvtx-fil"
68,0.6296296296296297,108,,,1,1,1.4705882352941175,1,98.52941176470588,No kernels captured in ncu output,,,"==WARNING== Note: Running with unmodified GPU clocks. If not controlled otherwise, profiling results may be inconsistent.
==PROF== Connected to process 2605112 (/apps/applications/Miniconda/25.11.1/envs/pytorch_2.9.1_cuda13/bin/python3.14)
==PROF== Disconnected from process 2605112
==WARNING== No kernels were profiled.
==WARNING== Note that specified NVTX include expressions match only start/end ranges.
==WARNING== Refer https://docs.nvidia.com/nsight-compute/NsightComputeCli/index.html#nvtx-fil"
68,0.6296296296296297,108,,,1,1,1.4705882352941175,1,98.52941176470588,No kernels captured in ncu output,,,"==WARNING== Note: Running with unmodified GPU clocks. If not controlled otherwise, profiling results may be inconsistent.
==PROF== Connected to process 2605218 (/apps/applications/Miniconda/25.11.1/envs/pytorch_2.9.1_cuda13/bin/python3.14)
==PROF== Disconnected from process 2605218
==WARNING== No kernels were profiled.
==WARNING== Note that specified NVTX include expressions match only start/end ranges.
==WARNING== Refer https://docs.nvidia.com/nsight-compute/NsightComputeCli/index.html#nvtx-fil"
68,0.6296296296296297,108,,,1,1,1.4705882352941175,1,98.52941176470588,No kernels captured in ncu output,,,"==WARNING== Note: Running with unmodified GPU clocks. If not controlled otherwise, profiling results may be inconsistent.
==PROF== Connected to process 2605325 (/apps/applications/Miniconda/25.11.1/envs/pytorch_2.9.1_cuda13/bin/python3.14)
==PROF== Disconnected from process 2605325
==WARNING== No kernels were profiled.
==WARNING== Note that specified NVTX include expressions match only start/end ranges.
==WARNING== Refer https://docs.nvidia.com/nsight-compute/NsightComputeCli/index.html#nvtx-fil"
68,0.6296296296296297,108,,,1,1,1.4705882352941175,1,98.52941176470588,No kernels captured in ncu output,,,"==WARNING== Note: Running with unmodified GPU clocks. If not controlled otherwise, profiling results may be inconsistent.
==PROF== Connected to process 2605429 (/apps/applications/Miniconda/25.11.1/envs/pytorch_2.9.1_cuda13/bin/python3.14)
==PROF== Disconnected from process 2605429
==WARNING== No kernels were profiled.
==WARNING== Note that specified NVTX include expressions match only start/end ranges.
==WARNING== Refer https://docs.nvidia.com/nsight-compute/NsightComputeCli/index.html#nvtx-fil"
68,0.6296296296296297,108,,,1,1,1.4705882352941175,1,98.52941176470588,No kernels captured in ncu output,,,"==WARNING== Note: Running with unmodified GPU clocks. If not controlled otherwise, profiling results may be inconsistent.
==PROF== Connected to process 2606174 (/apps/applications/Miniconda/25.11.1/envs/pytorch_2.9.1_cuda13/bin/python3.14)
==PROF== Disconnected from process 2606174
==WARNING== No kernels were profiled.
==WARNING== Note that specified NVTX include expressions match only start/end ranges.
==WARNING== Refer https://docs.nvidia.com/nsight-compute/NsightComputeCli/index.html#nvtx-fil"
68,0.6296296296296297,108,,,1,1,1.4705882352941175,1,98.52941176470588,No kernels captured in ncu output,,,"==WARNING== Note: Running with unmodified GPU clocks. If not controlled otherwise, profiling results may be inconsistent.
==PROF== Connected to process 2606281 (/apps/applications/Miniconda/25.11.1/envs/pytorch_2.9.1_cuda13/bin/python3.14)
==PROF== Disconnected from process 2606281
==WARNING== No kernels were profiled.
==WARNING== Note that specified NVTX include expressions match only start/end ranges.
==WARNING== Refer https://docs.nvidia.com/nsight-compute/NsightComputeCli/index.html#nvtx-fil"
68,0.6296296296296297,108,,,1,1,1.4705882352941175,1,98.52941176470588,No kernels captured in ncu output,,,"==WARNING== Note: Running with unmodified GPU clocks. If not controlled otherwise, profiling results may be inconsistent.
==PROF== Connected to process 2606388 (/apps/applications/Miniconda/25.11.1/envs/pytorch_2.9.1_cuda13/bin/python3.14)
==PROF== Disconnected from process 2606388
==WARNING== No kernels were profiled.
==WARNING== Note that specified NVTX include expressions match only start/end ranges.
==WARNING== Refer https://docs.nvidia.com/nsight-compute/NsightComputeCli/index.html#nvtx-fil"
68,0.6296296296296297,108,,,1,1,1.4705882352941175,1,98.52941176470588,No kernels captured in ncu output,,,"==WARNING== Note: Running with unmodified GPU clocks. If not controlled otherwise, profiling results may be inconsistent.
==PROF== Connected to process 2606494 (/apps/applications/Miniconda/25.11.1/envs/pytorch_2.9.1_cuda13/bin/python3.14)
==PROF== Disconnected from process 2606494
==WARNING== No kernels were profiled.
==WARNING== Note that specified NVTX include expressions match only start/end ranges.
==WARNING== Refer https://docs.nvidia.com/nsight-compute/NsightComputeCli/index.html#nvtx-fil"
68,0.6296296296296297,108,,,1,1,1.4705882352941175,1,98.52941176470588,No kernels captured in ncu output,,,"==WARNING== Note: Running with unmodified GPU clocks. If not controlled otherwise, profiling results may be inconsistent.
==PROF== Connected to process 2606599 (/apps/applications/Miniconda/25.11.1/envs/pytorch_2.9.1_cuda13/bin/python3.14)
==PROF== Disconnected from process 2606599
==WARNING== No kernels were profiled.
==WARNING== Note that specified NVTX include expressions match only start/end ranges.
==WARNING== Refer https://docs.nvidia.com/nsight-compute/NsightComputeCli/index.html#nvtx-fil"
68,0.6296296296296297,108,,,1,1,1.4705882352941175,1,98.52941176470588,No kernels captured in ncu output,,,"==WARNING== Note: Running with unmodified GPU clocks. If not controlled otherwise, profiling results may be inconsistent.
==PROF== Connected to process 2606707 (/apps/applications/Miniconda/25.11.1/envs/pytorch_2.9.1_cuda13/bin/python3.14)
==PROF== Disconnected from process 2606707
==WARNING== No kernels were profiled.
==WARNING== Note that specified NVTX include expressions match only start/end ranges.
==WARNING== Refer https://docs.nvidia.com/nsight-compute/NsightComputeCli/index.html#nvtx-fil"
68,0.6296296296296297,108,,,1,1,1.4705882352941175,1,98.52941176470588,No kernels captured in ncu output,,,"==WARNING== Note: Running with unmodified GPU clocks. If not controlled otherwise, profiling results may be inconsistent.
==PROF== Connected to process 2606813 (/apps/applications/Miniconda/25.11.1/envs/pytorch_2.9.1_cuda13/bin/python3.14)
==PROF== Disconnected from process 2606813
==WARNING== No kernels were profiled.
==WARNING== Note that specified NVTX include expressions match only start/end ranges.
==WARNING== Refer https://docs.nvidia.com/nsight-compute/NsightComputeCli/index.html#nvtx-fil"
68,0.6296296296296297,108,,,1,1,1.4705882352941175,1,98.52941176470588,No kernels captured in ncu output,,,"==WARNING== Note: Running with unmodified GPU clocks. If not controlled otherwise, profiling results may be inconsistent.
==PROF== Connected to process 2606920 (/apps/applications/Miniconda/25.11.1/envs/pytorch_2.9.1_cuda13/bin/python3.14)
==PROF== Disconnected from process 2606920
==WARNING== No kernels were profiled.
==WARNING== Note that specified NVTX include expressions match only start/end ranges.
==WARNING== Refer https://docs.nvidia.com/nsight-compute/NsightComputeCli/index.html#nvtx-fil"
68,0.6296296296296297,108,,,1,1,1.4705882352941175,1,98.52941176470588,No kernels captured in ncu output,,,"==WARNING== Note: Running with unmodified GPU clocks. If not controlled otherwise, profiling results may be inconsistent.
==PROF== Connected to process 2607028 (/apps/applications/Miniconda/25.11.1/envs/pytorch_2.9.1_cuda13/bin/python3.14)
==PROF== Disconnected from process 2607028
==WARNING== No kernels were profiled.
==WARNING== Note that specified NVTX include expressions match only start/end ranges.
==WARNING== Refer https://docs.nvidia.com/nsight-compute/NsightComputeCli/index.html#nvtx-fil"
68,0.6296296296296297,108,,,1,1,1.4705882352941175,1,98.52941176470588,No kernels captured in ncu output,,,"==WARNING== Note: Running with unmodified GPU clocks. If not controlled otherwise, profiling results may be inconsistent.
==PROF== Connected to process 2607242 (/apps/applications/Miniconda/25.11.1/envs/pytorch_2.9.1_cuda13/bin/python3.14)
==PROF== Disconnected from process 2607242
==WARNING== No kernels were profiled.
==WARNING== Note that specified NVTX include expressions match only start/end ranges.
==WARNING== Refer https://docs.nvidia.com/nsight-compute/NsightComputeCli/index.html#nvtx-fil"
68,0.6296296296296297,108,,,1,1,1.4705882352941175,1,98.52941176470588,No kernels captured in ncu output,,,"==WARNING== Note: Running with unmodified GPU clocks. If not controlled otherwise, profiling results may be inconsistent.
==PROF== Connected to process 2607412 (/apps/applications/Miniconda/25.11.1/envs/pytorch_2.9.1_cuda13/bin/python3.14)
==PROF== Disconnected from process 2607412
==WARNING== No kernels were profiled.
==WARNING== Note that specified NVTX include expressions match only start/end ranges.
==WARNING== Refer https://docs.nvidia.com/nsight-compute/NsightComputeCli/index.html#nvtx-fil"
68,0.6296296296296297,108,,,1,1,1.4705882352941175,1,98.52941176470588,No kernels captured in ncu output,,,"==WARNING== Note: Running with unmodified GPU clocks. If not controlled otherwise, profiling results may be inconsistent.
==PROF== Connected to process 2607695 (/apps/applications/Miniconda/25.11.1/envs/pytorch_2.9.1_cuda13/bin/python3.14)
==PROF== Disconnected from process 2607695
==WARNING== No kernels were profiled.
==WARNING== Note that specified NVTX include expressions match only start/end ranges.
==WARNING== Refer https://docs.nvidia.com/nsight-compute/NsightComputeCli/index.html#nvtx-fil"
68,0.6296296296296297,108,,,1,1,1.4705882352941175,1,98.52941176470588,No kernels captured in ncu output,,,"==WARNING== Note: Running with unmodified GPU clocks. If not controlled otherwise, profiling results may be inconsistent.
==PROF== Connected to process 2607983 (/apps/applications/Miniconda/25.11.1/envs/pytorch_2.9.1_cuda13/bin/python3.14)
==PROF== Disconnected from process 2607983
==WARNING== No kernels were profiled.
==WARNING== Note that specified NVTX include expressions match only start/end ranges.
==WARNING== Refer https://docs.nvidia.com/nsight-compute/NsightComputeCli/index.html#nvtx-fil"
68,0.6296296296296297,108,,,1,1,1.4705882352941175,1,98.52941176470588,No kernels captured in ncu output,,,"==WARNING== Note: Running with unmodified GPU clocks. If not controlled otherwise, profiling results may be inconsistent.
==PROF== Connected to process 2608092 (/apps/applications/Miniconda/25.11.1/envs/pytorch_2.9.1_cuda13/bin/python3.14)
==PROF== Disconnected from process 2608092
==WARNING== No kernels were profiled.
==WARNING== Note that specified NVTX include expressions match only start/end ranges.
==WARNING== Refer https://docs.nvidia.com/nsight-compute/NsightComputeCli/index.html#nvtx-fil"
68,0.6296296296296297,108,,,1,1,1.4705882352941175,1,98.52941176470588,No kernels captured in ncu output,,,"==WARNING== Note: Running with unmodified GPU clocks. If not controlled otherwise, profiling results may be inconsistent.
==PROF== Connected to process 2608199 (/apps/applications/Miniconda/25.11.1/envs/pytorch_2.9.1_cuda13/bin/python3.14)
==PROF== Disconnected from process 2608199
==WARNING== No kernels were profiled.
==WARNING== Note that specified NVTX include expressions match only start/end ranges.
==WARNING== Refer https://docs.nvidia.com/nsight-compute/NsightComputeCli/index.html#nvtx-fil"
68,0.6296296296296297,108,,,1,1,1.4705882352941175,1,98.52941176470588,No kernels captured in ncu output,,,"==WARNING== Note: Running with unmodified GPU clocks. If not controlled otherwise, profiling results may be inconsistent.
==PROF== Connected to process 2608310 (/apps/applications/Miniconda/25.11.1/envs/pytorch_2.9.1_cuda13/bin/python3.14)
==PROF== Disconnected from process 2608310
==WARNING== No kernels were profiled.
==WARNING== Note that specified NVTX include expressions match only start/end ranges.
==WARNING== Refer https://docs.nvidia.com/nsight-compute/NsightComputeCli/index.html#nvtx-fil"
68,0.6296296296296297,108,,,1,1,1.4705882352941175,1,98.52941176470588,No kernels captured in ncu output,,,"==WARNING== Note: Running with unmodified GPU clocks. If not controlled otherwise, profiling results may be inconsistent.
==PROF== Connected to process 2608417 (/apps/applications/Miniconda/25.11.1/envs/pytorch_2.9.1_cuda13/bin/python3.14)
==PROF== Disconnected from process 2608417
==WARNING== No kernels were profiled.
==WARNING== Note that specified NVTX include expressions match only start/end ranges.
==WARNING== Refer https://docs.nvidia.com/nsight-compute/NsightComputeCli/index.html#nvtx-fil"
68,0.6296296296296297,108,,,1,1,1.4705882352941175,1,98.52941176470588,No kernels captured in ncu output,,,"==WARNING== Note: Running with unmodified GPU clocks. If not controlled otherwise, profiling results may be inconsistent.
==PROF== Connected to process 2608526 (/apps/applications/Miniconda/25.11.1/envs/pytorch_2.9.1_cuda13/bin/python3.14)
==PROF== Disconnected from process 2608526
==WARNING== No kernels were profiled.
==WARNING== Note that specified NVTX include expressions match only start/end ranges.
==WARNING== Refer https://docs.nvidia.com/nsight-compute/NsightComputeCli/index.html#nvtx-fil"
68,0.6296296296296297,108,,,1,1,1.4705882352941175,1,98.52941176470588,No kernels captured in ncu output,,,"==WARNING== Note: Running with unmodified GPU clocks. If not controlled otherwise, profiling results may be inconsistent.
==PROF== Connected to process 2608688 (/apps/applications/Miniconda/25.11.1/envs/pytorch_2.9.1_cuda13/bin/python3.14)
==PROF== Disconnected from process 2608688
==WARNING== No kernels were profiled.
==WARNING== Note that specified NVTX include expressions match only start/end ranges.
==WARNING== Refer https://docs.nvidia.com/nsight-compute/NsightComputeCli/index.html#nvtx-fil"
68,0.6296296296296297,108,,,1,1,1.4705882352941175,1,98.52941176470588,No kernels captured in ncu output,,,"==WARNING== Note: Running with unmodified GPU clocks. If not controlled otherwise, profiling results may be inconsistent.
==PROF== Connected to process 2609076 (/apps/applications/Miniconda/25.11.1/envs/pytorch_2.9.1_cuda13/bin/python3.14)
==PROF== Disconnected from process 2609076
==WARNING== No kernels were profiled.
==WARNING== Note that specified NVTX include expressions match only start/end ranges.
==WARNING== Refer https://docs.nvidia.com/nsight-compute/NsightComputeCli/index.html#nvtx-fil"
68,0.6296296296296297,108,,,1,1,1.4705882352941175,1,98.52941176470588,No kernels captured in ncu output,,,"==WARNING== Note: Running with unmodified GPU clocks. If not controlled otherwise, profiling results may be inconsistent.
==PROF== Connected to process 2609196 (/apps/applications/Miniconda/25.11.1/envs/pytorch_2.9.1_cuda13/bin/python3.14)
==PROF== Disconnected from process 2609196
==WARNING== No kernels were profiled.
==WARNING== Note that specified NVTX include expressions match only start/end ranges.
==WARNING== Refer https://docs.nvidia.com/nsight-compute/NsightComputeCli/index.html#nvtx-fil"
68,0.6296296296296297,108,,,1,1,1.4705882352941175,1,98.52941176470588,No kernels captured in ncu output,,,"==WARNING== Note: Running with unmodified GPU clocks. If not controlled otherwise, profiling results may be inconsistent.
==PROF== Connected to process 2609693 (/apps/applications/Miniconda/25.11.1/envs/pytorch_2.9.1_cuda13/bin/python3.14)
==PROF== Disconnected from process 2609693
==WARNING== No kernels were profiled.
==WARNING== Note that specified NVTX include expressions match only start/end ranges.
==WARNING== Refer https://docs.nvidia.com/nsight-compute/NsightComputeCli/index.html#nvtx-fil"
68,0.6296296296296297,108,,,1,1,1.4705882352941175,1,98.52941176470588,No kernels captured in ncu output,,,"==WARNING== Note: Running with unmodified GPU clocks. If not controlled otherwise, profiling results may be inconsistent.
==PROF== Connected to process 2609809 (/apps/applications/Miniconda/25.11.1/envs/pytorch_2.9.1_cuda13/bin/python3.14)
==PROF== Disconnected from process 2609809
==WARNING== No kernels were profiled.
==WARNING== Note that specified NVTX include expressions match only start/end ranges.
==WARNING== Refer https://docs.nvidia.com/nsight-compute/NsightComputeCli/index.html#nvtx-fil"
68,0.6296296296296297,108,,,1,1,1.4705882352941175,1,98.52941176470588,No kernels captured in ncu output,,,"==WARNING== Note: Running with unmodified GPU clocks. If not controlled otherwise, profiling results may be inconsistent.
==PROF== Connected to process 2609929 (/apps/applications/Miniconda/25.11.1/envs/pytorch_2.9.1_cuda13/bin/python3.14)
==PROF== Disconnected from process 2609929
==WARNING== No kernels were profiled.
==WARNING== Note that specified NVTX include expressions match only start/end ranges.
==WARNING== Refer https://docs.nvidia.com/nsight-compute/NsightComputeCli/index.html#nvtx-fil"
68,0.6296296296296297,108,32768,64,262144,3856,99.97559189650964,4,0.024408103490358712,ncu exit code 1,"==WARNING== Note: Running with unmodified GPU clocks. If not controlled otherwise, profiling results may be inconsistent.
==PROF== Connected to process 2610436 (/apps/applications/Miniconda/25.11.1/envs/pytorch_2.9.1_cuda13/bin/python3.14)
==PROF== Disconnected from process 2610436
==ERROR== The application returned an error code (1).
","/apps/applications/Miniconda/25.11.1/envs/pytorch_2.9.1_cuda13/lib/python3.14/site-packages/torch/cuda/__init__.py:63: FutureWarning: The pynvml package is deprecated. Please install nvidia-ml-py instead. If you did not install pynvml directly, please report this to the maintainers of the package that installed pynvml for you.
  import pynvml  # type: ignore[import]
Traceback (most recent call last):
  File ""/scratch/ehmoon/whlee/prefill-layer-alloc/stage1_sm_scaling/../src/profiling/_ncu_target.py"", line 132, in <module>
    main()
    ~~~~^^
  File ""/scratch/ehmoon/whlee/prefill-layer-alloc/stage1_sm_scaling/../src/profiling/_ncu_target.py"", line 87, in main
    kv_cache = torch.randn(
        args.batch_size, total_kv_len, 2, n_kv_heads, head_dim,
        device=""cuda"", dtype=dtype
    )
torch.OutOfMemoryError: CUDA out of memory. Tried to allocate 56.00 GiB. GPU 0 has a total capacity of 79.25 GiB of which 50.69 GiB is free. Including non-PyTorch memory, this process has 28.55 GiB ",
81,0.75,108,,,1,1,1.2345679012345678,1,98.76543209876543,No kernels captured in ncu output,,,"==WARNING== Note: Running with unmodified GPU clocks. If not controlled otherwise, profiling results may be inconsistent.
==PROF== Connected to process 2611178 (/apps/applications/Miniconda/25.11.1/envs/pytorch_2.9.1_cuda13/bin/python3.14)
==PROF== Disconnected from process 2611178
==WARNING== No kernels were profiled.
==WARNING== Note that specified NVTX include expressions match only start/end ranges.
==WARNING== Refer https://docs.nvidia.com/nsight-compute/NsightComputeCli/index.html#nvtx-fil"
81,0.75,108,,,1,1,1.2345679012345678,1,98.76543209876543,No kernels captured in ncu output,,,"==WARNING== Note: Running with unmodified GPU clocks. If not controlled otherwise, profiling results may be inconsistent.
==PROF== Connected to process 2611300 (/apps/applications/Miniconda/25.11.1/envs/pytorch_2.9.1_cuda13/bin/python3.14)
==PROF== Disconnected from process 2611300
==WARNING== No kernels were profiled.
==WARNING== Note that specified NVTX include expressions match only start/end ranges.
==WARNING== Refer https://docs.nvidia.com/nsight-compute/NsightComputeCli/index.html#nvtx-fil"
81,0.75,108,,,1,1,1.2345679012345678,1,98.76543209876543,No kernels captured in ncu output,,,"==WARNING== Note: Running with unmodified GPU clocks. If not controlled otherwise, profiling results may be inconsistent.
==PROF== Connected to process 2611409 (/apps/applications/Miniconda/25.11.1/envs/pytorch_2.9.1_cuda13/bin/python3.14)
==PROF== Disconnected from process 2611409
==WARNING== No kernels were profiled.
==WARNING== Note that specified NVTX include expressions match only start/end ranges.
==WARNING== Refer https://docs.nvidia.com/nsight-compute/NsightComputeCli/index.html#nvtx-fil"
81,0.75,108,,,1,1,1.2345679012345678,1,98.76543209876543,No kernels captured in ncu output,,,"==WARNING== Note: Running with unmodified GPU clocks. If not controlled otherwise, profiling results may be inconsistent.
==PROF== Connected to process 2611516 (/apps/applications/Miniconda/25.11.1/envs/pytorch_2.9.1_cuda13/bin/python3.14)
==PROF== Disconnected from process 2611516
==WARNING== No kernels were profiled.
==WARNING== Note that specified NVTX include expressions match only start/end ranges.
==WARNING== Refer https://docs.nvidia.com/nsight-compute/NsightComputeCli/index.html#nvtx-fil"
81,0.75,108,,,1,1,1.2345679012345678,1,98.76543209876543,No kernels captured in ncu output,,,"==WARNING== Note: Running with unmodified GPU clocks. If not controlled otherwise, profiling results may be inconsistent.
==PROF== Connected to process 2611622 (/apps/applications/Miniconda/25.11.1/envs/pytorch_2.9.1_cuda13/bin/python3.14)
==PROF== Disconnected from process 2611622
==WARNING== No kernels were profiled.
==WARNING== Note that specified NVTX include expressions match only start/end ranges.
==WARNING== Refer https://docs.nvidia.com/nsight-compute/NsightComputeCli/index.html#nvtx-fil"
81,0.75,108,,,1,1,1.2345679012345678,1,98.76543209876543,No kernels captured in ncu output,,,"==WARNING== Note: Running with unmodified GPU clocks. If not controlled otherwise, profiling results may be inconsistent.
==PROF== Connected to process 2611727 (/apps/applications/Miniconda/25.11.1/envs/pytorch_2.9.1_cuda13/bin/python3.14)
==PROF== Disconnected from process 2611727
==WARNING== No kernels were profiled.
==WARNING== Note that specified NVTX include expressions match only start/end ranges.
==WARNING== Refer https://docs.nvidia.com/nsight-compute/NsightComputeCli/index.html#nvtx-fil"
81,0.75,108,,,1,1,1.2345679012345678,1,98.76543209876543,No kernels captured in ncu output,,,"==WARNING== Note: Running with unmodified GPU clocks. If not controlled otherwise, profiling results may be inconsistent.
==PROF== Connected to process 2611835 (/apps/applications/Miniconda/25.11.1/envs/pytorch_2.9.1_cuda13/bin/python3.14)
==PROF== Disconnected from process 2611835
==WARNING== No kernels were profiled.
==WARNING== Note that specified NVTX include expressions match only start/end ranges.
==WARNING== Refer https://docs.nvidia.com/nsight-compute/NsightComputeCli/index.html#nvtx-fil"
81,0.75,108,,,1,1,1.2345679012345678,1,98.76543209876543,No kernels captured in ncu output,,,"==WARNING== Note: Running with unmodified GPU clocks. If not controlled otherwise, profiling results may be inconsistent.
==PROF== Connected to process 2611942 (/apps/applications/Miniconda/25.11.1/envs/pytorch_2.9.1_cuda13/bin/python3.14)
==PROF== Disconnected from process 2611942
==WARNING== No kernels were profiled.
==WARNING== Note that specified NVTX include expressions match only start/end ranges.
==WARNING== Refer https://docs.nvidia.com/nsight-compute/NsightComputeCli/index.html#nvtx-fil"
81,0.75,108,,,1,1,1.2345679012345678,1,98.76543209876543,No kernels captured in ncu output,,,"==WARNING== Note: Running with unmodified GPU clocks. If not controlled otherwise, profiling results may be inconsistent.
==PROF== Connected to process 2612047 (/apps/applications/Miniconda/25.11.1/envs/pytorch_2.9.1_cuda13/bin/python3.14)
==PROF== Disconnected from process 2612047
==WARNING== No kernels were profiled.
==WARNING== Note that specified NVTX include expressions match only start/end ranges.
==WARNING== Refer https://docs.nvidia.com/nsight-compute/NsightComputeCli/index.html#nvtx-fil"
81,0.75,108,,,1,1,1.2345679012345678,1,98.76543209876543,No kernels captured in ncu output,,,"==WARNING== Note: Running with unmodified GPU clocks. If not controlled otherwise, profiling results may be inconsistent.
==PROF== Connected to process 2612154 (/apps/applications/Miniconda/25.11.1/envs/pytorch_2.9.1_cuda13/bin/python3.14)
==PROF== Disconnected from process 2612154
==WARNING== No kernels were profiled.
==WARNING== Note that specified NVTX include expressions match only start/end ranges.
==WARNING== Refer https://docs.nvidia.com/nsight-compute/NsightComputeCli/index.html#nvtx-fil"
81,0.75,108,,,1,1,1.2345679012345678,1,98.76543209876543,No kernels captured in ncu output,,,"==WARNING== Note: Running with unmodified GPU clocks. If not controlled otherwise, profiling results may be inconsistent.
==PROF== Connected to process 2612261 (/apps/applications/Miniconda/25.11.1/envs/pytorch_2.9.1_cuda13/bin/python3.14)
==PROF== Disconnected from process 2612261
==WARNING== No kernels were profiled.
==WARNING== Note that specified NVTX include expressions match only start/end ranges.
==WARNING== Refer https://docs.nvidia.com/nsight-compute/NsightComputeCli/index.html#nvtx-fil"
81,0.75,108,,,1,1,1.2345679012345678,1,98.76543209876543,No kernels captured in ncu output,,,"==WARNING== Note: Running with unmodified GPU clocks. If not controlled otherwise, profiling results may be inconsistent.
==PROF== Connected to process 2612368 (/apps/applications/Miniconda/25.11.1/envs/pytorch_2.9.1_cuda13/bin/python3.14)
==PROF== Disconnected from process 2612368
==WARNING== No kernels were profiled.
==WARNING== Note that specified NVTX include expressions match only start/end ranges.
==WARNING== Refer https://docs.nvidia.com/nsight-compute/NsightComputeCli/index.html#nvtx-fil"
81,0.75,108,,,1,1,1.2345679012345678,1,98.76543209876543,No kernels captured in ncu output,,,"==WARNING== Note: Running with unmodified GPU clocks. If not controlled otherwise, profiling results may be inconsistent.
==PROF== Connected to process 2612474 (/apps/applications/Miniconda/25.11.1/envs/pytorch_2.9.1_cuda13/bin/python3.14)
==PROF== Disconnected from process 2612474
==WARNING== No kernels were profiled.
==WARNING== Note that specified NVTX include expressions match only start/end ranges.
==WARNING== Refer https://docs.nvidia.com/nsight-compute/NsightComputeCli/index.html#nvtx-fil"
81,0.75,108,,,1,1,1.2345679012345678,1,98.76543209876543,No kernels captured in ncu output,,,"==WARNING== Note: Running with unmodified GPU clocks. If not controlled otherwise, profiling results may be inconsistent.
==PROF== Connected to process 2612873 (/apps/applications/Miniconda/25.11.1/envs/pytorch_2.9.1_cuda13/bin/python3.14)
==PROF== Disconnected from process 2612873
==WARNING== No kernels were profiled.
==WARNING== Note that specified NVTX include expressions match only start/end ranges.
==WARNING== Refer https://docs.nvidia.com/nsight-compute/NsightComputeCli/index.html#nvtx-fil"
81,0.75,108,,,1,1,1.2345679012345678,1,98.76543209876543,No kernels captured in ncu output,,,"==WARNING== Note: Running with unmodified GPU clocks. If not controlled otherwise, profiling results may be inconsistent.
==PROF== Connected to process 2613059 (/apps/applications/Miniconda/25.11.1/envs/pytorch_2.9.1_cuda13/bin/python3.14)
==PROF== Disconnected from process 2613059
==WARNING== No kernels were profiled.
==WARNING== Note that specified NVTX include expressions match only start/end ranges.
==WARNING== Refer https://docs.nvidia.com/nsight-compute/NsightComputeCli/index.html#nvtx-fil"
81,0.75,108,,,1,1,1.2345679012345678,1,98.76543209876543,No kernels captured in ncu output,,,"==WARNING== Note: Running with unmodified GPU clocks. If not controlled otherwise, profiling results may be inconsistent.
==PROF== Connected to process 2613170 (/apps/applications/Miniconda/25.11.1/envs/pytorch_2.9.1_cuda13/bin/python3.14)
==PROF== Disconnected from process 2613170
==WARNING== No kernels were profiled.
==WARNING== Note that specified NVTX include expressions match only start/end ranges.
==WARNING== Refer https://docs.nvidia.com/nsight-compute/NsightComputeCli/index.html#nvtx-fil"
81,0.75,108,,,1,1,1.2345679012345678,1,98.76543209876543,No kernels captured in ncu output,,,"==WARNING== Note: Running with unmodified GPU clocks. If not controlled otherwise, profiling results may be inconsistent.
==PROF== Connected to process 2613277 (/apps/applications/Miniconda/25.11.1/envs/pytorch_2.9.1_cuda13/bin/python3.14)
==PROF== Disconnected from process 2613277
==WARNING== No kernels were profiled.
==WARNING== Note that specified NVTX include expressions match only start/end ranges.
==WARNING== Refer https://docs.nvidia.com/nsight-compute/NsightComputeCli/index.html#nvtx-fil"
81,0.75,108,,,1,1,1.2345679012345678,1,98.76543209876543,No kernels captured in ncu output,,,"==WARNING== Note: Running with unmodified GPU clocks. If not controlled otherwise, profiling results may be inconsistent.
==PROF== Connected to process 2613383 (/apps/applications/Miniconda/25.11.1/envs/pytorch_2.9.1_cuda13/bin/python3.14)
==PROF== Disconnected from process 2613383
==WARNING== No kernels were profiled.
==WARNING== Note that specified NVTX include expressions match only start/end ranges.
==WARNING== Refer https://docs.nvidia.com/nsight-compute/NsightComputeCli/index.html#nvtx-fil"
81,0.75,108,,,1,1,1.2345679012345678,1,98.76543209876543,No kernels captured in ncu output,,,"==WARNING== Note: Running with unmodified GPU clocks. If not controlled otherwise, profiling results may be inconsistent.
==PROF== Connected to process 2613490 (/apps/applications/Miniconda/25.11.1/envs/pytorch_2.9.1_cuda13/bin/python3.14)
==PROF== Disconnected from process 2613490
==WARNING== No kernels were profiled.
==WARNING== Note that specified NVTX include expressions match only start/end ranges.
==WARNING== Refer https://docs.nvidia.com/nsight-compute/NsightComputeCli/index.html#nvtx-fil"
81,0.75,108,,,1,1,1.2345679012345678,1,98.76543209876543,No kernels captured in ncu output,,,"==WARNING== Note: Running with unmodified GPU clocks. If not controlled otherwise, profiling results may be inconsistent.
==PROF== Connected to process 2613595 (/apps/applications/Miniconda/25.11.1/envs/pytorch_2.9.1_cuda13/bin/python3.14)
==PROF== Disconnected from process 2613595
==WARNING== No kernels were profiled.
==WARNING== Note that specified NVTX include expressions match only start/end ranges.
==WARNING== Refer https://docs.nvidia.com/nsight-compute/NsightComputeCli/index.html#nvtx-fil"
81,0.75,108,,,1,1,1.2345679012345678,1,98.76543209876543,No kernels captured in ncu output,,,"==WARNING== Note: Running with unmodified GPU clocks. If not controlled otherwise, profiling results may be inconsistent.
==PROF== Connected to process 2613702 (/apps/applications/Miniconda/25.11.1/envs/pytorch_2.9.1_cuda13/bin/python3.14)
==PROF== Disconnected from process 2613702
==WARNING== No kernels were profiled.
==WARNING== Note that specified NVTX include expressions match only start/end ranges.
==WARNING== Refer https://docs.nvidia.com/nsight-compute/NsightComputeCli/index.html#nvtx-fil"
81,0.75,108,,,1,1,1.2345679012345678,1,98.76543209876543,No kernels captured in ncu output,,,"==WARNING== Note: Running with unmodified GPU clocks. If not controlled otherwise, profiling results may be inconsistent.
==PROF== Connected to process 2613811 (/apps/applications/Miniconda/25.11.1/envs/pytorch_2.9.1_cuda13/bin/python3.14)
==PROF== Disconnected from process 2613811
==WARNING== No kernels were profiled.
==WARNING== Note that specified NVTX include expressions match only start/end ranges.
==WARNING== Refer https://docs.nvidia.com/nsight-compute/NsightComputeCli/index.html#nvtx-fil"
81,0.75,108,,,1,1,1.2345679012345678,1,98.76543209876543,No kernels captured in ncu output,,,"==WARNING== Note: Running with unmodified GPU clocks. If not controlled otherwise, profiling results may be inconsistent.
==PROF== Connected to process 2613917 (/apps/applications/Miniconda/25.11.1/envs/pytorch_2.9.1_cuda13/bin/python3.14)
==PROF== Disconnected from process 2613917
==WARNING== No kernels were profiled.
==WARNING== Note that specified NVTX include expressions match only start/end ranges.
==WARNING== Refer https://docs.nvidia.com/nsight-compute/NsightComputeCli/index.html#nvtx-fil"
81,0.75,108,,,1,1,1.2345679012345678,1,98.76543209876543,No kernels captured in ncu output,,,"==WARNING== Note: Running with unmodified GPU clocks. If not controlled otherwise, profiling results may be inconsistent.
==PROF== Connected to process 2614025 (/apps/applications/Miniconda/25.11.1/envs/pytorch_2.9.1_cuda13/bin/python3.14)
==PROF== Disconnected from process 2614025
==WARNING== No kernels were profiled.
==WARNING== Note that specified NVTX include expressions match only start/end ranges.
==WARNING== Refer https://docs.nvidia.com/nsight-compute/NsightComputeCli/index.html#nvtx-fil"
81,0.75,108,,,1,1,1.2345679012345678,1,98.76543209876543,No kernels captured in ncu output,,,"==WARNING== Note: Running with unmodified GPU clocks. If not controlled otherwise, profiling results may be inconsistent.
==PROF== Connected to process 2614132 (/apps/applications/Miniconda/25.11.1/envs/pytorch_2.9.1_cuda13/bin/python3.14)
==PROF== Disconnected from process 2614132
==WARNING== No kernels were profiled.
==WARNING== Note that specified NVTX include expressions match only start/end ranges.
==WARNING== Refer https://docs.nvidia.com/nsight-compute/NsightComputeCli/index.html#nvtx-fil"
81,0.75,108,,,1,1,1.2345679012345678,1,98.76543209876543,No kernels captured in ncu output,,,"==WARNING== Note: Running with unmodified GPU clocks. If not controlled otherwise, profiling results may be inconsistent.
==PROF== Connected to process 2614570 (/apps/applications/Miniconda/25.11.1/envs/pytorch_2.9.1_cuda13/bin/python3.14)
==PROF== Disconnected from process 2614570
==WARNING== No kernels were profiled.
==WARNING== Note that specified NVTX include expressions match only start/end ranges.
==WARNING== Refer https://docs.nvidia.com/nsight-compute/NsightComputeCli/index.html#nvtx-fil"
81,0.75,108,,,1,1,1.2345679012345678,1,98.76543209876543,No kernels captured in ncu output,,,"==WARNING== Note: Running with unmodified GPU clocks. If not controlled otherwise, profiling results may be inconsistent.
==PROF== Connected to process 2614717 (/apps/applications/Miniconda/25.11.1/envs/pytorch_2.9.1_cuda13/bin/python3.14)
==PROF== Disconnected from process 2614717
==WARNING== No kernels were profiled.
==WARNING== Note that specified NVTX include expressions match only start/end ranges.
==WARNING== Refer https://docs.nvidia.com/nsight-compute/NsightComputeCli/index.html#nvtx-fil"
81,0.75,108,,,1,1,1.2345679012345678,1,98.76543209876543,No kernels captured in ncu output,,,"==WARNING== Note: Running with unmodified GPU clocks. If not controlled otherwise, profiling results may be inconsistent.
==PROF== Connected to process 2614826 (/apps/applications/Miniconda/25.11.1/envs/pytorch_2.9.1_cuda13/bin/python3.14)
==PROF== Disconnected from process 2614826
==WARNING== No kernels were profiled.
==WARNING== Note that specified NVTX include expressions match only start/end ranges.
==WARNING== Refer https://docs.nvidia.com/nsight-compute/NsightComputeCli/index.html#nvtx-fil"
81,0.75,108,,,1,1,1.2345679012345678,1,98.76543209876543,No kernels captured in ncu output,,,"==WARNING== Note: Running with unmodified GPU clocks. If not controlled otherwise, profiling results may be inconsistent.
==PROF== Connected to process 2614933 (/apps/applications/Miniconda/25.11.1/envs/pytorch_2.9.1_cuda13/bin/python3.14)
==PROF== Disconnected from process 2614933
==WARNING== No kernels were profiled.
==WARNING== Note that specified NVTX include expressions match only start/end ranges.
==WARNING== Refer https://docs.nvidia.com/nsight-compute/NsightComputeCli/index.html#nvtx-fil"
81,0.75,108,,,1,1,1.2345679012345678,1,98.76543209876543,No kernels captured in ncu output,,,"==WARNING== Note: Running with unmodified GPU clocks. If not controlled otherwise, profiling results may be inconsistent.
==PROF== Connected to process 2615045 (/apps/applications/Miniconda/25.11.1/envs/pytorch_2.9.1_cuda13/bin/python3.14)
==PROF== Disconnected from process 2615045
==WARNING== No kernels were profiled.
==WARNING== Note that specified NVTX include expressions match only start/end ranges.
==WARNING== Refer https://docs.nvidia.com/nsight-compute/NsightComputeCli/index.html#nvtx-fil"
81,0.75,108,,,1,1,1.2345679012345678,1,98.76543209876543,No kernels captured in ncu output,,,"==WARNING== Note: Running with unmodified GPU clocks. If not controlled otherwise, profiling results may be inconsistent.
==PROF== Connected to process 2615154 (/apps/applications/Miniconda/25.11.1/envs/pytorch_2.9.1_cuda13/bin/python3.14)
==PROF== Disconnected from process 2615154
==WARNING== No kernels were profiled.
==WARNING== Note that specified NVTX include expressions match only start/end ranges.
==WARNING== Refer https://docs.nvidia.com/nsight-compute/NsightComputeCli/index.html#nvtx-fil"
81,0.75,108,,,1,1,1.2345679012345678,1,98.76543209876543,No kernels captured in ncu output,,,"==WARNING== Note: Running with unmodified GPU clocks. If not controlled otherwise, profiling results may be inconsistent.
==PROF== Connected to process 2615262 (/apps/applications/Miniconda/25.11.1/envs/pytorch_2.9.1_cuda13/bin/python3.14)
==PROF== Disconnected from process 2615262
==WARNING== No kernels were profiled.
==WARNING== Note that specified NVTX include expressions match only start/end ranges.
==WARNING== Refer https://docs.nvidia.com/nsight-compute/NsightComputeCli/index.html#nvtx-fil"
81,0.75,108,,,1,1,1.2345679012345678,1,98.76543209876543,No kernels captured in ncu output,,,"==WARNING== Note: Running with unmodified GPU clocks. If not controlled otherwise, profiling results may be inconsistent.
==PROF== Connected to process 2615370 (/apps/applications/Miniconda/25.11.1/envs/pytorch_2.9.1_cuda13/bin/python3.14)
==PROF== Disconnected from process 2615370
==WARNING== No kernels were profiled.
==WARNING== Note that specified NVTX include expressions match only start/end ranges.
==WARNING== Refer https://docs.nvidia.com/nsight-compute/NsightComputeCli/index.html#nvtx-fil"
81,0.75,108,,,1,1,1.2345679012345678,1,98.76543209876543,No kernels captured in ncu output,,,"==WARNING== Note: Running with unmodified GPU clocks. If not controlled otherwise, profiling results may be inconsistent.
==PROF== Connected to process 2615851 (/apps/applications/Miniconda/25.11.1/envs/pytorch_2.9.1_cuda13/bin/python3.14)
==PROF== Disconnected from process 2615851
==WARNING== No kernels were profiled.
==WARNING== Note that specified NVTX include expressions match only start/end ranges.
==WARNING== Refer https://docs.nvidia.com/nsight-compute/NsightComputeCli/index.html#nvtx-fil"
81,0.75,108,,,1,1,1.2345679012345678,1,98.76543209876543,No kernels captured in ncu output,,,"==WARNING== Note: Running with unmodified GPU clocks. If not controlled otherwise, profiling results may be inconsistent.
==PROF== Connected to process 2615965 (/apps/applications/Miniconda/25.11.1/envs/pytorch_2.9.1_cuda13/bin/python3.14)
==PROF== Disconnected from process 2615965
==WARNING== No kernels were profiled.
==WARNING== Note that specified NVTX include expressions match only start/end ranges.
==WARNING== Refer https://docs.nvidia.com/nsight-compute/NsightComputeCli/index.html#nvtx-fil"
81,0.75,108,,,1,1,1.2345679012345678,1,98.76543209876543,No kernels captured in ncu output,,,"==WARNING== Note: Running with unmodified GPU clocks. If not controlled otherwise, profiling results may be inconsistent.
==PROF== Connected to process 2616081 (/apps/applications/Miniconda/25.11.1/envs/pytorch_2.9.1_cuda13/bin/python3.14)
==PROF== Disconnected from process 2616081
==WARNING== No kernels were profiled.
==WARNING== Note that specified NVTX include expressions match only start/end ranges.
==WARNING== Refer https://docs.nvidia.com/nsight-compute/NsightComputeCli/index.html#nvtx-fil"
81,0.75,108,,,1,1,1.2345679012345678,1,98.76543209876543,No kernels captured in ncu output,,,"==WARNING== Note: Running with unmodified GPU clocks. If not controlled otherwise, profiling results may be inconsistent.
==PROF== Connected to process 2616205 (/apps/applications/Miniconda/25.11.1/envs/pytorch_2.9.1_cuda13/bin/python3.14)
==PROF== Disconnected from process 2616205
==WARNING== No kernels were profiled.
==WARNING== Note that specified NVTX include expressions match only start/end ranges.
==WARNING== Refer https://docs.nvidia.com/nsight-compute/NsightComputeCli/index.html#nvtx-fil"
81,0.75,108,,,1,1,1.2345679012345678,1,98.76543209876543,No kernels captured in ncu output,,,"==WARNING== Note: Running with unmodified GPU clocks. If not controlled otherwise, profiling results may be inconsistent.
==PROF== Connected to process 2616686 (/apps/applications/Miniconda/25.11.1/envs/pytorch_2.9.1_cuda13/bin/python3.14)
==PROF== Disconnected from process 2616686
==WARNING== No kernels were profiled.
==WARNING== Note that specified NVTX include expressions match only start/end ranges.
==WARNING== Refer https://docs.nvidia.com/nsight-compute/NsightComputeCli/index.html#nvtx-fil"
81,0.75,108,,,1,1,1.2345679012345678,1,98.76543209876543,No kernels captured in ncu output,,,"==WARNING== Note: Running with unmodified GPU clocks. If not controlled otherwise, profiling results may be inconsistent.
==PROF== Connected to process 2616808 (/apps/applications/Miniconda/25.11.1/envs/pytorch_2.9.1_cuda13/bin/python3.14)
==PROF== Disconnected from process 2616808
==WARNING== No kernels were profiled.
==WARNING== Note that specified NVTX include expressions match only start/end ranges.
==WARNING== Refer https://docs.nvidia.com/nsight-compute/NsightComputeCli/index.html#nvtx-fil"
81,0.75,108,32768,64,262144,3237,99.97978619129891,28,0.020213808701086133,ncu exit code 1,"==WARNING== Note: Running with unmodified GPU clocks. If not controlled otherwise, profiling results may be inconsistent.
==PROF== Connected to process 2617619 (/apps/applications/Miniconda/25.11.1/envs/pytorch_2.9.1_cuda13/bin/python3.14)
==PROF== Disconnected from process 2617619
==ERROR== The application returned an error code (1).
","/apps/applications/Miniconda/25.11.1/envs/pytorch_2.9.1_cuda13/lib/python3.14/site-packages/torch/cuda/__init__.py:63: FutureWarning: The pynvml package is deprecated. Please install nvidia-ml-py instead. If you did not install pynvml directly, please report this to the maintainers of the package that installed pynvml for you.
  import pynvml  # type: ignore[import]
Traceback (most recent call last):
  File ""/scratch/ehmoon/whlee/prefill-layer-alloc/stage1_sm_scaling/../src/profiling/_ncu_target.py"", line 132, in <module>
    main()
    ~~~~^^
  File ""/scratch/ehmoon/whlee/prefill-layer-alloc/stage1_sm_scaling/../src/profiling/_ncu_target.py"", line 87, in main
    kv_cache = torch.randn(
        args.batch_size, total_kv_len, 2, n_kv_heads, head_dim,
        device=""cuda"", dtype=dtype
    )
torch.OutOfMemoryError: CUDA out of memory. Tried to allocate 56.00 GiB. GPU 0 has a total capacity of 79.25 GiB of which 50.69 GiB is free. Including non-PyTorch memory, this process has 28.55 GiB ",
94,0.8703703703703703,108,,,1,1,1.0638297872340425,1,98.93617021276596,No kernels captured in ncu output,,,"==WARNING== Note: Running with unmodified GPU clocks. If not controlled otherwise, profiling results may be inconsistent.
==PROF== Connected to process 2617723 (/apps/applications/Miniconda/25.11.1/envs/pytorch_2.9.1_cuda13/bin/python3.14)
==PROF== Disconnected from process 2617723
==WARNING== No kernels were profiled.
==WARNING== Note that specified NVTX include expressions match only start/end ranges.
==WARNING== Refer https://docs.nvidia.com/nsight-compute/NsightComputeCli/index.html#nvtx-fil"
94,0.8703703703703703,108,,,1,1,1.0638297872340425,1,98.93617021276596,No kernels captured in ncu output,,,"==WARNING== Note: Running with unmodified GPU clocks. If not controlled otherwise, profiling results may be inconsistent.
==PROF== Connected to process 2617829 (/apps/applications/Miniconda/25.11.1/envs/pytorch_2.9.1_cuda13/bin/python3.14)
==PROF== Disconnected from process 2617829
==WARNING== No kernels were profiled.
==WARNING== Note that specified NVTX include expressions match only start/end ranges.
==WARNING== Refer https://docs.nvidia.com/nsight-compute/NsightComputeCli/index.html#nvtx-fil"
94,0.8703703703703703,108,,,1,1,1.0638297872340425,1,98.93617021276596,No kernels captured in ncu output,,,"==WARNING== Note: Running with unmodified GPU clocks. If not controlled otherwise, profiling results may be inconsistent.
==PROF== Connected to process 2618106 (/apps/applications/Miniconda/25.11.1/envs/pytorch_2.9.1_cuda13/bin/python3.14)
==PROF== Disconnected from process 2618106
==WARNING== No kernels were profiled.
==WARNING== Note that specified NVTX include expressions match only start/end ranges.
==WARNING== Refer https://docs.nvidia.com/nsight-compute/NsightComputeCli/index.html#nvtx-fil"
94,0.8703703703703703,108,,,1,1,1.0638297872340425,1,98.93617021276596,No kernels captured in ncu output,,,"==WARNING== Note: Running with unmodified GPU clocks. If not controlled otherwise, profiling results may be inconsistent.
==PROF== Connected to process 2618211 (/apps/applications/Miniconda/25.11.1/envs/pytorch_2.9.1_cuda13/bin/python3.14)
==PROF== Disconnected from process 2618211
==WARNING== No kernels were profiled.
==WARNING== Note that specified NVTX include expressions match only start/end ranges.
==WARNING== Refer https://docs.nvidia.com/nsight-compute/NsightComputeCli/index.html#nvtx-fil"
94,0.8703703703703703,108,,,1,1,1.0638297872340425,1,98.93617021276596,No kernels captured in ncu output,,,"==WARNING== Note: Running with unmodified GPU clocks. If not controlled otherwise, profiling results may be inconsistent.
==PROF== Connected to process 2618387 (/apps/applications/Miniconda/25.11.1/envs/pytorch_2.9.1_cuda13/bin/python3.14)
==PROF== Disconnected from process 2618387
==WARNING== No kernels were profiled.
==WARNING== Note that specified NVTX include expressions match only start/end ranges.
==WARNING== Refer https://docs.nvidia.com/nsight-compute/NsightComputeCli/index.html#nvtx-fil"
94,0.8703703703703703,108,,,1,1,1.0638297872340425,1,98.93617021276596,No kernels captured in ncu output,,,"==WARNING== Note: Running with unmodified GPU clocks. If not controlled otherwise, profiling results may be inconsistent.
==PROF== Connected to process 2618772 (/apps/applications/Miniconda/25.11.1/envs/pytorch_2.9.1_cuda13/bin/python3.14)
==PROF== Disconnected from process 2618772
==WARNING== No kernels were profiled.
==WARNING== Note that specified NVTX include expressions match only start/end ranges.
==WARNING== Refer https://docs.nvidia.com/nsight-compute/NsightComputeCli/index.html#nvtx-fil"
94,0.8703703703703703,108,,,1,1,1.0638297872340425,1,98.93617021276596,No kernels captured in ncu output,,,"==WARNING== Note: Running with unmodified GPU clocks. If not controlled otherwise, profiling results may be inconsistent.
==PROF== Connected to process 2618877 (/apps/applications/Miniconda/25.11.1/envs/pytorch_2.9.1_cuda13/bin/python3.14)
==PROF== Disconnected from process 2618877
==WARNING== No kernels were profiled.
==WARNING== Note that specified NVTX include expressions match only start/end ranges.
==WARNING== Refer https://docs.nvidia.com/nsight-compute/NsightComputeCli/index.html#nvtx-fil"
94,0.8703703703703703,108,,,1,1,1.0638297872340425,1,98.93617021276596,No kernels captured in ncu output,,,"==WARNING== Note: Running with unmodified GPU clocks. If not controlled otherwise, profiling results may be inconsistent.
==PROF== Connected to process 2618988 (/apps/applications/Miniconda/25.11.1/envs/pytorch_2.9.1_cuda13/bin/python3.14)
==PROF== Disconnected from process 2618988
==WARNING== No kernels were profiled.
==WARNING== Note that specified NVTX include expressions match only start/end ranges.
==WARNING== Refer https://docs.nvidia.com/nsight-compute/NsightComputeCli/index.html#nvtx-fil"
94,0.8703703703703703,108,,,1,1,1.0638297872340425,1,98.93617021276596,No kernels captured in ncu output,,,"==WARNING== Note: Running with unmodified GPU clocks. If not controlled otherwise, profiling results may be inconsistent.
==PROF== Connected to process 2619092 (/apps/applications/Miniconda/25.11.1/envs/pytorch_2.9.1_cuda13/bin/python3.14)
==PROF== Disconnected from process 2619092
==WARNING== No kernels were profiled.
==WARNING== Note that specified NVTX include expressions match only start/end ranges.
==WARNING== Refer https://docs.nvidia.com/nsight-compute/NsightComputeCli/index.html#nvtx-fil"
94,0.8703703703703703,108,,,1,1,1.0638297872340425,1,98.93617021276596,No kernels captured in ncu output,,,"==WARNING== Note: Running with unmodified GPU clocks. If not controlled otherwise, profiling results may be inconsistent.
==PROF== Connected to process 2619197 (/apps/applications/Miniconda/25.11.1/envs/pytorch_2.9.1_cuda13/bin/python3.14)
==PROF== Disconnected from process 2619197
==WARNING== No kernels were profiled.
==WARNING== Note that specified NVTX include expressions match only start/end ranges.
==WARNING== Refer https://docs.nvidia.com/nsight-compute/NsightComputeCli/index.html#nvtx-fil"
94,0.8703703703703703,108,,,1,1,1.0638297872340425,1,98.93617021276596,No kernels captured in ncu output,,,"==WARNING== Note: Running with unmodified GPU clocks. If not controlled otherwise, profiling results may be inconsistent.
==PROF== Connected to process 2619304 (/apps/applications/Miniconda/25.11.1/envs/pytorch_2.9.1_cuda13/bin/python3.14)
==PROF== Disconnected from process 2619304
==WARNING== No kernels were profiled.
==WARNING== Note that specified NVTX include expressions match only start/end ranges.
==WARNING== Refer https://docs.nvidia.com/nsight-compute/NsightComputeCli/index.html#nvtx-fil"
94,0.8703703703703703,108,,,1,1,1.0638297872340425,1,98.93617021276596,No kernels captured in ncu output,,,"==WARNING== Note: Running with unmodified GPU clocks. If not controlled otherwise, profiling results may be inconsistent.
==PROF== Connected to process 2619411 (/apps/applications/Miniconda/25.11.1/envs/pytorch_2.9.1_cuda13/bin/python3.14)
==PROF== Disconnected from process 2619411
==WARNING== No kernels were profiled.
==WARNING== Note that specified NVTX include expressions match only start/end ranges.
==WARNING== Refer https://docs.nvidia.com/nsight-compute/NsightComputeCli/index.html#nvtx-fil"
94,0.8703703703703703,108,,,1,1,1.0638297872340425,1,98.93617021276596,No kernels captured in ncu output,,,"==WARNING== Note: Running with unmodified GPU clocks. If not controlled otherwise, profiling results may be inconsistent.
==PROF== Connected to process 2619515 (/apps/applications/Miniconda/25.11.1/envs/pytorch_2.9.1_cuda13/bin/python3.14)
==PROF== Disconnected from process 2619515
==WARNING== No kernels were profiled.
==WARNING== Note that specified NVTX include expressions match only start/end ranges.
==WARNING== Refer https://docs.nvidia.com/nsight-compute/NsightComputeCli/index.html#nvtx-fil"
94,0.8703703703703703,108,,,1,1,1.0638297872340425,1,98.93617021276596,No kernels captured in ncu output,,,"==WARNING== Note: Running with unmodified GPU clocks. If not controlled otherwise, profiling results may be inconsistent.
==PROF== Connected to process 2619621 (/apps/applications/Miniconda/25.11.1/envs/pytorch_2.9.1_cuda13/bin/python3.14)
==PROF== Disconnected from process 2619621
==WARNING== No kernels were profiled.
==WARNING== Note that specified NVTX include expressions match only start/end ranges.
==WARNING== Refer https://docs.nvidia.com/nsight-compute/NsightComputeCli/index.html#nvtx-fil"
94,0.8703703703703703,108,,,1,1,1.0638297872340425,1,98.93617021276596,No kernels captured in ncu output,,,"==WARNING== Note: Running with unmodified GPU clocks. If not controlled otherwise, profiling results may be inconsistent.
==PROF== Connected to process 2619729 (/apps/applications/Miniconda/25.11.1/envs/pytorch_2.9.1_cuda13/bin/python3.14)
==PROF== Disconnected from process 2619729
==WARNING== No kernels were profiled.
==WARNING== Note that specified NVTX include expressions match only start/end ranges.
==WARNING== Refer https://docs.nvidia.com/nsight-compute/NsightComputeCli/index.html#nvtx-fil"
94,0.8703703703703703,108,,,1,1,1.0638297872340425,1,98.93617021276596,No kernels captured in ncu output,,,"==WARNING== Note: Running with unmodified GPU clocks. If not controlled otherwise, profiling results may be inconsistent.
==PROF== Connected to process 2619836 (/apps/applications/Miniconda/25.11.1/envs/pytorch_2.9.1_cuda13/bin/python3.14)
==PROF== Disconnected from process 2619836
==WARNING== No kernels were profiled.
==WARNING== Note that specified NVTX include expressions match only start/end ranges.
==WARNING== Refer https://docs.nvidia.com/nsight-compute/NsightComputeCli/index.html#nvtx-fil"
94,0.8703703703703703,108,,,1,1,1.0638297872340425,1,98.93617021276596,No kernels captured in ncu output,,,"==WARNING== Note: Running with unmodified GPU clocks. If not controlled otherwise, profiling results may be inconsistent.
==PROF== Connected to process 2619941 (/apps/applications/Miniconda/25.11.1/envs/pytorch_2.9.1_cuda13/bin/python3.14)
==PROF== Disconnected from process 2619941
==WARNING== No kernels were profiled.
==WARNING== Note that specified NVTX include expressions match only start/end ranges.
==WARNING== Refer https://docs.nvidia.com/nsight-compute/NsightComputeCli/index.html#nvtx-fil"
94,0.8703703703703703,108,,,1,1,1.0638297872340425,1,98.93617021276596,No kernels captured in ncu output,,,"==WARNING== Note: Running with unmodified GPU clocks. If not controlled otherwise, profiling results may be inconsistent.
==PROF== Connected to process 2620064 (/apps/applications/Miniconda/25.11.1/envs/pytorch_2.9.1_cuda13/bin/python3.14)
==PROF== Disconnected from process 2620064
==WARNING== No kernels were profiled.
==WARNING== Note that specified NVTX include expressions match only start/end ranges.
==WARNING== Refer https://docs.nvidia.com/nsight-compute/NsightComputeCli/index.html#nvtx-fil"
94,0.8703703703703703,108,,,1,1,1.0638297872340425,1,98.93617021276596,No kernels captured in ncu output,,,"==WARNING== Note: Running with unmodified GPU clocks. If not controlled otherwise, profiling results may be inconsistent.
==PROF== Connected to process 2620499 (/apps/applications/Miniconda/25.11.1/envs/pytorch_2.9.1_cuda13/bin/python3.14)
==PROF== Disconnected from process 2620499
==WARNING== No kernels were profiled.
==WARNING== Note that specified NVTX include expressions match only start/end ranges.
==WARNING== Refer https://docs.nvidia.com/nsight-compute/NsightComputeCli/index.html#nvtx-fil"
94,0.8703703703703703,108,,,1,1,1.0638297872340425,1,98.93617021276596,No kernels captured in ncu output,,,"==WARNING== Note: Running with unmodified GPU clocks. If not controlled otherwise, profiling results may be inconsistent.
==PROF== Connected to process 2620606 (/apps/applications/Miniconda/25.11.1/envs/pytorch_2.9.1_cuda13/bin/python3.14)
==PROF== Disconnected from process 2620606
==WARNING== No kernels were profiled.
==WARNING== Note that specified NVTX include expressions match only start/end ranges.
==WARNING== Refer https://docs.nvidia.com/nsight-compute/NsightComputeCli/index.html#nvtx-fil"
94,0.8703703703703703,108,,,1,1,1.0638297872340425,1,98.93617021276596,No kernels captured in ncu output,,,"==WARNING== Note: Running with unmodified GPU clocks. If not controlled otherwise, profiling results may be inconsistent.
==PROF== Connected to process 2620717 (/apps/applications/Miniconda/25.11.1/envs/pytorch_2.9.1_cuda13/bin/python3.14)
==PROF== Disconnected from process 2620717
==WARNING== No kernels were profiled.
==WARNING== Note that specified NVTX include expressions match only start/end ranges.
==WARNING== Refer https://docs.nvidia.com/nsight-compute/NsightComputeCli/index.html#nvtx-fil"
94,0.8703703703703703,108,,,1,1,1.0638297872340425,1,98.93617021276596,No kernels captured in ncu output,,,"==WARNING== Note: Running with unmodified GPU clocks. If not controlled otherwise, profiling results may be inconsistent.
==PROF== Connected to process 2620824 (/apps/applications/Miniconda/25.11.1/envs/pytorch_2.9.1_cuda13/bin/python3.14)
==PROF== Disconnected from process 2620824
==WARNING== No kernels were profiled.
==WARNING== Note that specified NVTX include expressions match only start/end ranges.
==WARNING== Refer https://docs.nvidia.com/nsight-compute/NsightComputeCli/index.html#nvtx-fil"
94,0.8703703703703703,108,,,1,1,1.0638297872340425,1,98.93617021276596,No kernels captured in ncu output,,,"==WARNING== Note: Running with unmodified GPU clocks. If not controlled otherwise, profiling results may be inconsistent.
==PROF== Connected to process 2620930 (/apps/applications/Miniconda/25.11.1/envs/pytorch_2.9.1_cuda13/bin/python3.14)
==PROF== Disconnected from process 2620930
==WARNING== No kernels were profiled.
==WARNING== Note that specified NVTX include expressions match only start/end ranges.
==WARNING== Refer https://docs.nvidia.com/nsight-compute/NsightComputeCli/index.html#nvtx-fil"
94,0.8703703703703703,108,,,1,1,1.0638297872340425,1,98.93617021276596,No kernels captured in ncu output,,,"==WARNING== Note: Running with unmodified GPU clocks. If not controlled otherwise, profiling results may be inconsistent.
==PROF== Connected to process 2621038 (/apps/applications/Miniconda/25.11.1/envs/pytorch_2.9.1_cuda13/bin/python3.14)
==PROF== Disconnected from process 2621038
==WARNING== No kernels were profiled.
==WARNING== Note that specified NVTX include expressions match only start/end ranges.
==WARNING== Refer https://docs.nvidia.com/nsight-compute/NsightComputeCli/index.html#nvtx-fil"
94,0.8703703703703703,108,,,1,1,1.0638297872340425,1,98.93617021276596,No kernels captured in ncu output,,,"==WARNING== Note: Running with unmodified GPU clocks. If not controlled otherwise, profiling results may be inconsistent.
==PROF== Connected to process 2621144 (/apps/applications/Miniconda/25.11.1/envs/pytorch_2.9.1_cuda13/bin/python3.14)
==PROF== Disconnected from process 2621144
==WARNING== No kernels were profiled.
==WARNING== Note that specified NVTX include expressions match only start/end ranges.
==WARNING== Refer https://docs.nvidia.com/nsight-compute/NsightComputeCli/index.html#nvtx-fil"
94,0.8703703703703703,108,,,1,1,1.0638297872340425,1,98.93617021276596,No kernels captured in ncu output,,,"==WARNING== Note: Running with unmodified GPU clocks. If not controlled otherwise, profiling results may be inconsistent.
==PROF== Connected to process 2621253 (/apps/applications/Miniconda/25.11.1/envs/pytorch_2.9.1_cuda13/bin/python3.14)
==PROF== Disconnected from process 2621253
==WARNING== No kernels were profiled.
==WARNING== Note that specified NVTX include expressions match only start/end ranges.
==WARNING== Refer https://docs.nvidia.com/nsight-compute/NsightComputeCli/index.html#nvtx-fil"
94,0.8703703703703703,108,,,1,1,1.0638297872340425,1,98.93617021276596,No kernels captured in ncu output,,,"==WARNING== Note: Running with unmodified GPU clocks. If not controlled otherwise, profiling results may be inconsistent.
==PROF== Connected to process 2621359 (/apps/applications/Miniconda/25.11.1/envs/pytorch_2.9.1_cuda13/bin/python3.14)
==PROF== Disconnected from process 2621359
==WARNING== No kernels were profiled.
==WARNING== Note that specified NVTX include expressions match only start/end ranges.
==WARNING== Refer https://docs.nvidia.com/nsight-compute/NsightComputeCli/index.html#nvtx-fil"
94,0.8703703703703703,108,,,1,1,1.0638297872340425,1,98.93617021276596,No kernels captured in ncu output,,,"==WARNING== Note: Running with unmodified GPU clocks. If not controlled otherwise, profiling results may be inconsistent.
==PROF== Connected to process 2621467 (/apps/applications/Miniconda/25.11.1/envs/pytorch_2.9.1_cuda13/bin/python3.14)
==PROF== Disconnected from process 2621467
==WARNING== No kernels were profiled.
==WARNING== Note that specified NVTX include expressions match only start/end ranges.
==WARNING== Refer https://docs.nvidia.com/nsight-compute/NsightComputeCli/index.html#nvtx-fil"
94,0.8703703703703703,108,,,1,1,1.0638297872340425,1,98.93617021276596,No kernels captured in ncu output,,,"==WARNING== Note: Running with unmodified GPU clocks. If not controlled otherwise, profiling results may be inconsistent.
==PROF== Connected to process 2621574 (/apps/applications/Miniconda/25.11.1/envs/pytorch_2.9.1_cuda13/bin/python3.14)
==PROF== Disconnected from process 2621574
==WARNING== No kernels were profiled.
==WARNING== Note that specified NVTX include expressions match only start/end ranges.
==WARNING== Refer https://docs.nvidia.com/nsight-compute/NsightComputeCli/index.html#nvtx-fil"
94,0.8703703703703703,108,,,1,1,1.0638297872340425,1,98.93617021276596,No kernels captured in ncu output,,,"==WARNING== Note: Running with unmodified GPU clocks. If not controlled otherwise, profiling results may be inconsistent.
==PROF== Connected to process 2622052 (/apps/applications/Miniconda/25.11.1/envs/pytorch_2.9.1_cuda13/bin/python3.14)
==PROF== Disconnected from process 2622052
==WARNING== No kernels were profiled.
==WARNING== Note that specified NVTX include expressions match only start/end ranges.
==WARNING== Refer https://docs.nvidia.com/nsight-compute/NsightComputeCli/index.html#nvtx-fil"
94,0.8703703703703703,108,,,1,1,1.0638297872340425,1,98.93617021276596,No kernels captured in ncu output,,,"==WARNING== Note: Running with unmodified GPU clocks. If not controlled otherwise, profiling results may be inconsistent.
==PROF== Connected to process 2622165 (/apps/applications/Miniconda/25.11.1/envs/pytorch_2.9.1_cuda13/bin/python3.14)
==PROF== Disconnected from process 2622165
==WARNING== No kernels were profiled.
==WARNING== Note that specified NVTX include expressions match only start/end ranges.
==WARNING== Refer https://docs.nvidia.com/nsight-compute/NsightComputeCli/index.html#nvtx-fil"
94,0.8703703703703703,108,,,1,1,1.0638297872340425,1,98.93617021276596,No kernels captured in ncu output,,,"==WARNING== Note: Running with unmodified GPU clocks. If not controlled otherwise, profiling results may be inconsistent.
==PROF== Connected to process 2622271 (/apps/applications/Miniconda/25.11.1/envs/pytorch_2.9.1_cuda13/bin/python3.14)
==PROF== Disconnected from process 2622271
==WARNING== No kernels were profiled.
==WARNING== Note that specified NVTX include expressions match only start/end ranges.
==WARNING== Refer https://docs.nvidia.com/nsight-compute/NsightComputeCli/index.html#nvtx-fil"
94,0.8703703703703703,108,,,1,1,1.0638297872340425,1,98.93617021276596,No kernels captured in ncu output,,,"==WARNING== Note: Running with unmodified GPU clocks. If not controlled otherwise, profiling results may be inconsistent.
==PROF== Connected to process 2622378 (/apps/applications/Miniconda/25.11.1/envs/pytorch_2.9.1_cuda13/bin/python3.14)
==PROF== Disconnected from process 2622378
==WARNING== No kernels were profiled.
==WARNING== Note that specified NVTX include expressions match only start/end ranges.
==WARNING== Refer https://docs.nvidia.com/nsight-compute/NsightComputeCli/index.html#nvtx-fil"
94,0.8703703703703703,108,,,1,1,1.0638297872340425,1,98.93617021276596,No kernels captured in ncu output,,,"==WARNING== Note: Running with unmodified GPU clocks. If not controlled otherwise, profiling results may be inconsistent.
==PROF== Connected to process 2622488 (/apps/applications/Miniconda/25.11.1/envs/pytorch_2.9.1_cuda13/bin/python3.14)
==PROF== Disconnected from process 2622488
==WARNING== No kernels were profiled.
==WARNING== Note that specified NVTX include expressions match only start/end ranges.
==WARNING== Refer https://docs.nvidia.com/nsight-compute/NsightComputeCli/index.html#nvtx-fil"
94,0.8703703703703703,108,,,1,1,1.0638297872340425,1,98.93617021276596,No kernels captured in ncu output,,,"==WARNING== Note: Running with unmodified GPU clocks. If not controlled otherwise, profiling results may be inconsistent.
==PROF== Connected to process 2622600 (/apps/applications/Miniconda/25.11.1/envs/pytorch_2.9.1_cuda13/bin/python3.14)
==PROF== Disconnected from process 2622600
==WARNING== No kernels were profiled.
==WARNING== Note that specified NVTX include expressions match only start/end ranges.
==WARNING== Refer https://docs.nvidia.com/nsight-compute/NsightComputeCli/index.html#nvtx-fil"
94,0.8703703703703703,108,,,1,1,1.0638297872340425,1,98.93617021276596,No kernels captured in ncu output,,,"==WARNING== Note: Running with unmodified GPU clocks. If not controlled otherwise, profiling results may be inconsistent.
==PROF== Connected to process 2623088 (/apps/applications/Miniconda/25.11.1/envs/pytorch_2.9.1_cuda13/bin/python3.14)
==PROF== Disconnected from process 2623088
==WARNING== No kernels were profiled.
==WARNING== Note that specified NVTX include expressions match only start/end ranges.
==WARNING== Refer https://docs.nvidia.com/nsight-compute/NsightComputeCli/index.html#nvtx-fil"
94,0.8703703703703703,108,,,1,1,1.0638297872340425,1,98.93617021276596,No kernels captured in ncu output,,,"==WARNING== Note: Running with unmodified GPU clocks. If not controlled otherwise, profiling results may be inconsistent.
==PROF== Connected to process 2623195 (/apps/applications/Miniconda/25.11.1/envs/pytorch_2.9.1_cuda13/bin/python3.14)
==PROF== Disconnected from process 2623195
==WARNING== No kernels were profiled.
==WARNING== Note that specified NVTX include expressions match only start/end ranges.
==WARNING== Refer https://docs.nvidia.com/nsight-compute/NsightComputeCli/index.html#nvtx-fil"
94,0.8703703703703703,108,,,1,1,1.0638297872340425,1,98.93617021276596,No kernels captured in ncu output,,,"==WARNING== Note: Running with unmodified GPU clocks. If not controlled otherwise, profiling results may be inconsistent.
==PROF== Connected to process 2623304 (/apps/applications/Miniconda/25.11.1/envs/pytorch_2.9.1_cuda13/bin/python3.14)
==PROF== Disconnected from process 2623304
==WARNING== No kernels were profiled.
==WARNING== Note that specified NVTX include expressions match only start/end ranges.
==WARNING== Refer https://docs.nvidia.com/nsight-compute/NsightComputeCli/index.html#nvtx-fil"
94,0.8703703703703703,108,,,1,1,1.0638297872340425,1,98.93617021276596,No kernels captured in ncu output,,,"==WARNING== Note: Running with unmodified GPU clocks. If not controlled otherwise, profiling results may be inconsistent.
==PROF== Connected to process 2624102 (/apps/applications/Miniconda/25.11.1/envs/pytorch_2.9.1_cuda13/bin/python3.14)
==PROF== Disconnected from process 2624102
==WARNING== No kernels were profiled.
==WARNING== Note that specified NVTX include expressions match only start/end ranges.
==WARNING== Refer https://docs.nvidia.com/nsight-compute/NsightComputeCli/index.html#nvtx-fil"
94,0.8703703703703703,108,32768,64,262144,2789,99.99160837026922,72,0.008391629730786221,ncu exit code 1,"==WARNING== Note: Running with unmodified GPU clocks. If not controlled otherwise, profiling results may be inconsistent.
==PROF== Connected to process 2624248 (/apps/applications/Miniconda/25.11.1/envs/pytorch_2.9.1_cuda13/bin/python3.14)
==PROF== Disconnected from process 2624248
==ERROR== The application returned an error code (1).
","/apps/applications/Miniconda/25.11.1/envs/pytorch_2.9.1_cuda13/lib/python3.14/site-packages/torch/cuda/__init__.py:63: FutureWarning: The pynvml package is deprecated. Please install nvidia-ml-py instead. If you did not install pynvml directly, please report this to the maintainers of the package that installed pynvml for you.
  import pynvml  # type: ignore[import]
Traceback (most recent call last):
  File ""/scratch/ehmoon/whlee/prefill-layer-alloc/stage1_sm_scaling/../src/profiling/_ncu_target.py"", line 132, in <module>
    main()
    ~~~~^^
  File ""/scratch/ehmoon/whlee/prefill-layer-alloc/stage1_sm_scaling/../src/profiling/_ncu_target.py"", line 87, in main
    kv_cache = torch.randn(
        args.batch_size, total_kv_len, 2, n_kv_heads, head_dim,
        device=""cuda"", dtype=dtype
    )
torch.OutOfMemoryError: CUDA out of memory. Tried to allocate 56.00 GiB. GPU 0 has a total capacity of 79.25 GiB of which 50.69 GiB is free. Including non-PyTorch memory, this process has 28.55 GiB ",
108,1.0,108,,,1,1,0.9259259259259258,1,99.07407407407408,No kernels captured in ncu output,,,"==WARNING== Note: Running with unmodified GPU clocks. If not controlled otherwise, profiling results may be inconsistent.
==PROF== Connected to process 2624527 (/apps/applications/Miniconda/25.11.1/envs/pytorch_2.9.1_cuda13/bin/python3.14)
==PROF== Disconnected from process 2624527
==WARNING== No kernels were profiled.
==WARNING== Note that specified NVTX include expressions match only start/end ranges.
==WARNING== Refer https://docs.nvidia.com/nsight-compute/NsightComputeCli/index.html#nvtx-fil"
108,1.0,108,,,1,1,0.9259259259259258,1,99.07407407407408,No kernels captured in ncu output,,,"==WARNING== Note: Running with unmodified GPU clocks. If not controlled otherwise, profiling results may be inconsistent.
==PROF== Connected to process 2624829 (/apps/applications/Miniconda/25.11.1/envs/pytorch_2.9.1_cuda13/bin/python3.14)
==PROF== Disconnected from process 2624829
==WARNING== No kernels were profiled.
==WARNING== Note that specified NVTX include expressions match only start/end ranges.
==WARNING== Refer https://docs.nvidia.com/nsight-compute/NsightComputeCli/index.html#nvtx-fil"
108,1.0,108,,,1,1,0.9259259259259258,1,99.07407407407408,No kernels captured in ncu output,,,"==WARNING== Note: Running with unmodified GPU clocks. If not controlled otherwise, profiling results may be inconsistent.
==PROF== Connected to process 2624937 (/apps/applications/Miniconda/25.11.1/envs/pytorch_2.9.1_cuda13/bin/python3.14)
==PROF== Disconnected from process 2624937
==WARNING== No kernels were profiled.
==WARNING== Note that specified NVTX include expressions match only start/end ranges.
==WARNING== Refer https://docs.nvidia.com/nsight-compute/NsightComputeCli/index.html#nvtx-fil"
108,1.0,108,,,1,1,0.9259259259259258,1,99.07407407407408,No kernels captured in ncu output,,,"==WARNING== Note: Running with unmodified GPU clocks. If not controlled otherwise, profiling results may be inconsistent.
==PROF== Connected to process 2625047 (/apps/applications/Miniconda/25.11.1/envs/pytorch_2.9.1_cuda13/bin/python3.14)
==PROF== Disconnected from process 2625047
==WARNING== No kernels were profiled.
==WARNING== Note that specified NVTX include expressions match only start/end ranges.
==WARNING== Refer https://docs.nvidia.com/nsight-compute/NsightComputeCli/index.html#nvtx-fil"
108,1.0,108,,,1,1,0.9259259259259258,1,99.07407407407408,No kernels captured in ncu output,,,"==WARNING== Note: Running with unmodified GPU clocks. If not controlled otherwise, profiling results may be inconsistent.
==PROF== Connected to process 2625153 (/apps/applications/Miniconda/25.11.1/envs/pytorch_2.9.1_cuda13/bin/python3.14)
==PROF== Disconnected from process 2625153
==WARNING== No kernels were profiled.
==WARNING== Note that specified NVTX include expressions match only start/end ranges.
==WARNING== Refer https://docs.nvidia.com/nsight-compute/NsightComputeCli/index.html#nvtx-fil"
108,1.0,108,,,1,1,0.9259259259259258,1,99.07407407407408,No kernels captured in ncu output,,,"==WARNING== Note: Running with unmodified GPU clocks. If not controlled otherwise, profiling results may be inconsistent.
==PROF== Connected to process 2625260 (/apps/applications/Miniconda/25.11.1/envs/pytorch_2.9.1_cuda13/bin/python3.14)
==PROF== Disconnected from process 2625260
==WARNING== No kernels were profiled.
==WARNING== Note that specified NVTX include expressions match only start/end ranges.
==WARNING== Refer https://docs.nvidia.com/nsight-compute/NsightComputeCli/index.html#nvtx-fil"
108,1.0,108,,,1,1,0.9259259259259258,1,99.07407407407408,No kernels captured in ncu output,,,"==WARNING== Note: Running with unmodified GPU clocks. If not controlled otherwise, profiling results may be inconsistent.
==PROF== Connected to process 2625367 (/apps/applications/Miniconda/25.11.1/envs/pytorch_2.9.1_cuda13/bin/python3.14)
==PROF== Disconnected from process 2625367
==WARNING== No kernels were profiled.
==WARNING== Note that specified NVTX include expressions match only start/end ranges.
==WARNING== Refer https://docs.nvidia.com/nsight-compute/NsightComputeCli/index.html#nvtx-fil"
108,1.0,108,,,1,1,0.9259259259259258,1,99.07407407407408,No kernels captured in ncu output,,,"==WARNING== Note: Running with unmodified GPU clocks. If not controlled otherwise, profiling results may be inconsistent.
==PROF== Connected to process 2625474 (/apps/applications/Miniconda/25.11.1/envs/pytorch_2.9.1_cuda13/bin/python3.14)
==PROF== Disconnected from process 2625474
==WARNING== No kernels were profiled.
==WARNING== Note that specified NVTX include expressions match only start/end ranges.
==WARNING== Refer https://docs.nvidia.com/nsight-compute/NsightComputeCli/index.html#nvtx-fil"
108,1.0,108,,,1,1,0.9259259259259258,1,99.07407407407408,No kernels captured in ncu output,,,"==WARNING== Note: Running with unmodified GPU clocks. If not controlled otherwise, profiling results may be inconsistent.
==PROF== Connected to process 2625581 (/apps/applications/Miniconda/25.11.1/envs/pytorch_2.9.1_cuda13/bin/python3.14)
==PROF== Disconnected from process 2625581
==WARNING== No kernels were profiled.
==WARNING== Note that specified NVTX include expressions match only start/end ranges.
==WARNING== Refer https://docs.nvidia.com/nsight-compute/NsightComputeCli/index.html#nvtx-fil"
108,1.0,108,,,1,1,0.9259259259259258,1,99.07407407407408,No kernels captured in ncu output,,,"==WARNING== Note: Running with unmodified GPU clocks. If not controlled otherwise, profiling results may be inconsistent.
==PROF== Connected to process 2625688 (/apps/applications/Miniconda/25.11.1/envs/pytorch_2.9.1_cuda13/bin/python3.14)
==PROF== Disconnected from process 2625688
==WARNING== No kernels were profiled.
==WARNING== Note that specified NVTX include expressions match only start/end ranges.
==WARNING== Refer https://docs.nvidia.com/nsight-compute/NsightComputeCli/index.html#nvtx-fil"
108,1.0,108,,,1,1,0.9259259259259258,1,99.07407407407408,No kernels captured in ncu output,,,"==WARNING== Note: Running with unmodified GPU clocks. If not controlled otherwise, profiling results may be inconsistent.
==PROF== Connected to process 2625795 (/apps/applications/Miniconda/25.11.1/envs/pytorch_2.9.1_cuda13/bin/python3.14)
==PROF== Disconnected from process 2625795
==WARNING== No kernels were profiled.
==WARNING== Note that specified NVTX include expressions match only start/end ranges.
==WARNING== Refer https://docs.nvidia.com/nsight-compute/NsightComputeCli/index.html#nvtx-fil"
108,1.0,108,,,1,1,0.9259259259259258,1,99.07407407407408,No kernels captured in ncu output,,,"==WARNING== Note: Running with unmodified GPU clocks. If not controlled otherwise, profiling results may be inconsistent.
==PROF== Connected to process 2625902 (/apps/applications/Miniconda/25.11.1/envs/pytorch_2.9.1_cuda13/bin/python3.14)
==PROF== Disconnected from process 2625902
==WARNING== No kernels were profiled.
==WARNING== Note that specified NVTX include expressions match only start/end ranges.
==WARNING== Refer https://docs.nvidia.com/nsight-compute/NsightComputeCli/index.html#nvtx-fil"
108,1.0,108,,,1,1,0.9259259259259258,1,99.07407407407408,No kernels captured in ncu output,,,"==WARNING== Note: Running with unmodified GPU clocks. If not controlled otherwise, profiling results may be inconsistent.
==PROF== Connected to process 2626006 (/apps/applications/Miniconda/25.11.1/envs/pytorch_2.9.1_cuda13/bin/python3.14)
==PROF== Disconnected from process 2626006
==WARNING== No kernels were profiled.
==WARNING== Note that specified NVTX include expressions match only start/end ranges.
==WARNING== Refer https://docs.nvidia.com/nsight-compute/NsightComputeCli/index.html#nvtx-fil"
108,1.0,108,,,1,1,0.9259259259259258,1,99.07407407407408,No kernels captured in ncu output,,,"==WARNING== Note: Running with unmodified GPU clocks. If not controlled otherwise, profiling results may be inconsistent.
==PROF== Connected to process 2626484 (/apps/applications/Miniconda/25.11.1/envs/pytorch_2.9.1_cuda13/bin/python3.14)
==PROF== Disconnected from process 2626484
==WARNING== No kernels were profiled.
==WARNING== Note that specified NVTX include expressions match only start/end ranges.
==WARNING== Refer https://docs.nvidia.com/nsight-compute/NsightComputeCli/index.html#nvtx-fil"
108,1.0,108,,,1,1,0.9259259259259258,1,99.07407407407408,No kernels captured in ncu output,,,"==WARNING== Note: Running with unmodified GPU clocks. If not controlled otherwise, profiling results may be inconsistent.
==PROF== Connected to process 2626591 (/apps/applications/Miniconda/25.11.1/envs/pytorch_2.9.1_cuda13/bin/python3.14)
==PROF== Disconnected from process 2626591
==WARNING== No kernels were profiled.
==WARNING== Note that specified NVTX include expressions match only start/end ranges.
==WARNING== Refer https://docs.nvidia.com/nsight-compute/NsightComputeCli/index.html#nvtx-fil"
108,1.0,108,,,1,1,0.9259259259259258,1,99.07407407407408,No kernels captured in ncu output,,,"==WARNING== Note: Running with unmodified GPU clocks. If not controlled otherwise, profiling results may be inconsistent.
==PROF== Connected to process 2626702 (/apps/applications/Miniconda/25.11.1/envs/pytorch_2.9.1_cuda13/bin/python3.14)
==PROF== Disconnected from process 2626702
==WARNING== No kernels were profiled.
==WARNING== Note that specified NVTX include expressions match only start/end ranges.
==WARNING== Refer https://docs.nvidia.com/nsight-compute/NsightComputeCli/index.html#nvtx-fil"
108,1.0,108,,,1,1,0.9259259259259258,1,99.07407407407408,No kernels captured in ncu output,,,"==WARNING== Note: Running with unmodified GPU clocks. If not controlled otherwise, profiling results may be inconsistent.
==PROF== Connected to process 2626809 (/apps/applications/Miniconda/25.11.1/envs/pytorch_2.9.1_cuda13/bin/python3.14)
==PROF== Disconnected from process 2626809
==WARNING== No kernels were profiled.
==WARNING== Note that specified NVTX include expressions match only start/end ranges.
==WARNING== Refer https://docs.nvidia.com/nsight-compute/NsightComputeCli/index.html#nvtx-fil"
108,1.0,108,,,1,1,0.9259259259259258,1,99.07407407407408,No kernels captured in ncu output,,,"==WARNING== Note: Running with unmodified GPU clocks. If not controlled otherwise, profiling results may be inconsistent.
==PROF== Connected to process 2626915 (/apps/applications/Miniconda/25.11.1/envs/pytorch_2.9.1_cuda13/bin/python3.14)
==PROF== Disconnected from process 2626915
==WARNING== No kernels were profiled.
==WARNING== Note that specified NVTX include expressions match only start/end ranges.
==WARNING== Refer https://docs.nvidia.com/nsight-compute/NsightComputeCli/index.html#nvtx-fil"
108,1.0,108,,,1,1,0.9259259259259258,1,99.07407407407408,No kernels captured in ncu output,,,"==WARNING== Note: Running with unmodified GPU clocks. If not controlled otherwise, profiling results may be inconsistent.
==PROF== Connected to process 2627022 (/apps/applications/Miniconda/25.11.1/envs/pytorch_2.9.1_cuda13/bin/python3.14)
==PROF== Disconnected from process 2627022
==WARNING== No kernels were profiled.
==WARNING== Note that specified NVTX include expressions match only start/end ranges.
==WARNING== Refer https://docs.nvidia.com/nsight-compute/NsightComputeCli/index.html#nvtx-fil"
108,1.0,108,,,1,1,0.9259259259259258,1,99.07407407407408,No kernels captured in ncu output,,,"==WARNING== Note: Running with unmodified GPU clocks. If not controlled otherwise, profiling results may be inconsistent.
==PROF== Connected to process 2627129 (/apps/applications/Miniconda/25.11.1/envs/pytorch_2.9.1_cuda13/bin/python3.14)
==PROF== Disconnected from process 2627129
==WARNING== No kernels were profiled.
==WARNING== Note that specified NVTX include expressions match only start/end ranges.
==WARNING== Refer https://docs.nvidia.com/nsight-compute/NsightComputeCli/index.html#nvtx-fil"
108,1.0,108,,,1,1,0.9259259259259258,1,99.07407407407408,No kernels captured in ncu output,,,"==WARNING== Note: Running with unmodified GPU clocks. If not controlled otherwise, profiling results may be inconsistent.
==PROF== Connected to process 2627236 (/apps/applications/Miniconda/25.11.1/envs/pytorch_2.9.1_cuda13/bin/python3.14)
==PROF== Disconnected from process 2627236
==WARNING== No kernels were profiled.
==WARNING== Note that specified NVTX include expressions match only start/end ranges.
==WARNING== Refer https://docs.nvidia.com/nsight-compute/NsightComputeCli/index.html#nvtx-fil"
108,1.0,108,,,1,1,0.9259259259259258,1,99.07407407407408,No kernels captured in ncu output,,,"==WARNING== Note: Running with unmodified GPU clocks. If not controlled otherwise, profiling results may be inconsistent.
==PROF== Connected to process 2627343 (/apps/applications/Miniconda/25.11.1/envs/pytorch_2.9.1_cuda13/bin/python3.14)
==PROF== Disconnected from process 2627343
==WARNING== No kernels were profiled.
==WARNING== Note that specified NVTX include expressions match only start/end ranges.
==WARNING== Refer https://docs.nvidia.com/nsight-compute/NsightComputeCli/index.html#nvtx-fil"
108,1.0,108,,,1,1,0.9259259259259258,1,99.07407407407408,No kernels captured in ncu output,,,"==WARNING== Note: Running with unmodified GPU clocks. If not controlled otherwise, profiling results may be inconsistent.
==PROF== Connected to process 2627450 (/apps/applications/Miniconda/25.11.1/envs/pytorch_2.9.1_cuda13/bin/python3.14)
==PROF== Disconnected from process 2627450
==WARNING== No kernels were profiled.
==WARNING== Note that specified NVTX include expressions match only start/end ranges.
==WARNING== Refer https://docs.nvidia.com/nsight-compute/NsightComputeCli/index.html#nvtx-fil"
108,1.0,108,,,1,1,0.9259259259259258,1,99.07407407407408,No kernels captured in ncu output,,,"==WARNING== Note: Running with unmodified GPU clocks. If not controlled otherwise, profiling results may be inconsistent.
==PROF== Connected to process 2627558 (/apps/applications/Miniconda/25.11.1/envs/pytorch_2.9.1_cuda13/bin/python3.14)
==PROF== Disconnected from process 2627558
==WARNING== No kernels were profiled.
==WARNING== Note that specified NVTX include expressions match only start/end ranges.
==WARNING== Refer https://docs.nvidia.com/nsight-compute/NsightComputeCli/index.html#nvtx-fil"
108,1.0,108,,,1,1,0.9259259259259258,1,99.07407407407408,No kernels captured in ncu output,,,"==WARNING== Note: Running with unmodified GPU clocks. If not controlled otherwise, profiling results may be inconsistent.
==PROF== Connected to process 2627664 (/apps/applications/Miniconda/25.11.1/envs/pytorch_2.9.1_cuda13/bin/python3.14)
==PROF== Disconnected from process 2627664
==WARNING== No kernels were profiled.
==WARNING== Note that specified NVTX include expressions match only start/end ranges.
==WARNING== Refer https://docs.nvidia.com/nsight-compute/NsightComputeCli/index.html#nvtx-fil"
108,1.0,108,,,1,1,0.9259259259259258,1,99.07407407407408,No kernels captured in ncu output,,,"==WARNING== Note: Running with unmodified GPU clocks. If not controlled otherwise, profiling results may be inconsistent.
==PROF== Connected to process 2627807 (/apps/applications/Miniconda/25.11.1/envs/pytorch_2.9.1_cuda13/bin/python3.14)
==PROF== Disconnected from process 2627807
==WARNING== No kernels were profiled.
==WARNING== Note that specified NVTX include expressions match only start/end ranges.
==WARNING== Refer https://docs.nvidia.com/nsight-compute/NsightComputeCli/index.html#nvtx-fil"
108,1.0,108,,,1,1,0.9259259259259258,1,99.07407407407408,No kernels captured in ncu output,,,"==WARNING== Note: Running with unmodified GPU clocks. If not controlled otherwise, profiling results may be inconsistent.
==PROF== Connected to process 2628222 (/apps/applications/Miniconda/25.11.1/envs/pytorch_2.9.1_cuda13/bin/python3.14)
==PROF== Disconnected from process 2628222
==WARNING== No kernels were profiled.
==WARNING== Note that specified NVTX include expressions match only start/end ranges.
==WARNING== Refer https://docs.nvidia.com/nsight-compute/NsightComputeCli/index.html#nvtx-fil"
108,1.0,108,,,1,1,0.9259259259259258,1,99.07407407407408,No kernels captured in ncu output,,,"==WARNING== Note: Running with unmodified GPU clocks. If not controlled otherwise, profiling results may be inconsistent.
==PROF== Connected to process 2628335 (/apps/applications/Miniconda/25.11.1/envs/pytorch_2.9.1_cuda13/bin/python3.14)
==PROF== Disconnected from process 2628335
==WARNING== No kernels were profiled.
==WARNING== Note that specified NVTX include expressions match only start/end ranges.
==WARNING== Refer https://docs.nvidia.com/nsight-compute/NsightComputeCli/index.html#nvtx-fil"
108,1.0,108,,,1,1,0.9259259259259258,1,99.07407407407408,No kernels captured in ncu output,,,"==WARNING== Note: Running with unmodified GPU clocks. If not controlled otherwise, profiling results may be inconsistent.
==PROF== Connected to process 2628442 (/apps/applications/Miniconda/25.11.1/envs/pytorch_2.9.1_cuda13/bin/python3.14)
==PROF== Disconnected from process 2628442
==WARNING== No kernels were profiled.
==WARNING== Note that specified NVTX include expressions match only start/end ranges.
==WARNING== Refer https://docs.nvidia.com/nsight-compute/NsightComputeCli/index.html#nvtx-fil"
108,1.0,108,,,1,1,0.9259259259259258,1,99.07407407407408,No kernels captured in ncu output,,,"==WARNING== Note: Running with unmodified GPU clocks. If not controlled otherwise, profiling results may be inconsistent.
==PROF== Connected to process 2628551 (/apps/applications/Miniconda/25.11.1/envs/pytorch_2.9.1_cuda13/bin/python3.14)
==PROF== Disconnected from process 2628551
==WARNING== No kernels were profiled.
==WARNING== Note that specified NVTX include expressions match only start/end ranges.
==WARNING== Refer https://docs.nvidia.com/nsight-compute/NsightComputeCli/index.html#nvtx-fil"
108,1.0,108,,,1,1,0.9259259259259258,1,99.07407407407408,No kernels captured in ncu output,,,"==WARNING== Note: Running with unmodified GPU clocks. If not controlled otherwise, profiling results may be inconsistent.
==PROF== Connected to process 2628660 (/apps/applications/Miniconda/25.11.1/envs/pytorch_2.9.1_cuda13/bin/python3.14)
==PROF== Disconnected from process 2628660
==WARNING== No kernels were profiled.
==WARNING== Note that specified NVTX include expressions match only start/end ranges.
==WARNING== Refer https://docs.nvidia.com/nsight-compute/NsightComputeCli/index.html#nvtx-fil"
108,1.0,108,,,1,1,0.9259259259259258,1,99.07407407407408,No kernels captured in ncu output,,,"==WARNING== Note: Running with unmodified GPU clocks. If not controlled otherwise, profiling results may be inconsistent.
==PROF== Connected to process 2628766 (/apps/applications/Miniconda/25.11.1/envs/pytorch_2.9.1_cuda13/bin/python3.14)
==PROF== Disconnected from process 2628766
==WARNING== No kernels were profiled.
==WARNING== Note that specified NVTX include expressions match only start/end ranges.
==WARNING== Refer https://docs.nvidia.com/nsight-compute/NsightComputeCli/index.html#nvtx-fil"
108,1.0,108,,,1,1,0.9259259259259258,1,99.07407407407408,No kernels captured in ncu output,,,"==WARNING== Note: Running with unmodified GPU clocks. If not controlled otherwise, profiling results may be inconsistent.
==PROF== Connected to process 2628874 (/apps/applications/Miniconda/25.11.1/envs/pytorch_2.9.1_cuda13/bin/python3.14)
==PROF== Disconnected from process 2628874
==WARNING== No kernels were profiled.
==WARNING== Note that specified NVTX include expressions match only start/end ranges.
==WARNING== Refer https://docs.nvidia.com/nsight-compute/NsightComputeCli/index.html#nvtx-fil"
108,1.0,108,,,1,1,0.9259259259259258,1,99.07407407407408,No kernels captured in ncu output,,,"==WARNING== Note: Running with unmodified GPU clocks. If not controlled otherwise, profiling results may be inconsistent.
==PROF== Connected to process 2628982 (/apps/applications/Miniconda/25.11.1/envs/pytorch_2.9.1_cuda13/bin/python3.14)
==PROF== Disconnected from process 2628982
==WARNING== No kernels were profiled.
==WARNING== Note that specified NVTX include expressions match only start/end ranges.
==WARNING== Refer https://docs.nvidia.com/nsight-compute/NsightComputeCli/index.html#nvtx-fil"
108,1.0,108,,,1,1,0.9259259259259258,1,99.07407407407408,No kernels captured in ncu output,,,"==WARNING== Note: Running with unmodified GPU clocks. If not controlled otherwise, profiling results may be inconsistent.
==PROF== Connected to process 2629467 (/apps/applications/Miniconda/25.11.1/envs/pytorch_2.9.1_cuda13/bin/python3.14)
==PROF== Disconnected from process 2629467
==WARNING== No kernels were profiled.
==WARNING== Note that specified NVTX include expressions match only start/end ranges.
==WARNING== Refer https://docs.nvidia.com/nsight-compute/NsightComputeCli/index.html#nvtx-fil"
108,1.0,108,,,1,1,0.9259259259259258,1,99.07407407407408,No kernels captured in ncu output,,,"==WARNING== Note: Running with unmodified GPU clocks. If not controlled otherwise, profiling results may be inconsistent.
==PROF== Connected to process 2629584 (/apps/applications/Miniconda/25.11.1/envs/pytorch_2.9.1_cuda13/bin/python3.14)
==PROF== Disconnected from process 2629584
==WARNING== No kernels were profiled.
==WARNING== Note that specified NVTX include expressions match only start/end ranges.
==WARNING== Refer https://docs.nvidia.com/nsight-compute/NsightComputeCli/index.html#nvtx-fil"
108,1.0,108,,,1,1,0.9259259259259258,1,99.07407407407408,No kernels captured in ncu output,,,"==WARNING== Note: Running with unmodified GPU clocks. If not controlled otherwise, profiling results may be inconsistent.
==PROF== Connected to process 2629693 (/apps/applications/Miniconda/25.11.1/envs/pytorch_2.9.1_cuda13/bin/python3.14)
==PROF== Disconnected from process 2629693
==WARNING== No kernels were profiled.
==WARNING== Note that specified NVTX include expressions match only start/end ranges.
==WARNING== Refer https://docs.nvidia.com/nsight-compute/NsightComputeCli/index.html#nvtx-fil"
108,1.0,108,,,1,1,0.9259259259259258,1,99.07407407407408,No kernels captured in ncu output,,,"==WARNING== Note: Running with unmodified GPU clocks. If not controlled otherwise, profiling results may be inconsistent.
==PROF== Connected to process 2629802 (/apps/applications/Miniconda/25.11.1/envs/pytorch_2.9.1_cuda13/bin/python3.14)
==PROF== Disconnected from process 2629802
==WARNING== No kernels were profiled.
==WARNING== Note that specified NVTX include expressions match only start/end ranges.
==WARNING== Refer https://docs.nvidia.com/nsight-compute/NsightComputeCli/index.html#nvtx-fil"
108,1.0,108,,,1,1,0.9259259259259258,1,99.07407407407408,No kernels captured in ncu output,,,"==WARNING== Note: Running with unmodified GPU clocks. If not controlled otherwise, profiling results may be inconsistent.
==PROF== Connected to process 2630622 (/apps/applications/Miniconda/25.11.1/envs/pytorch_2.9.1_cuda13/bin/python3.14)
==PROF== Disconnected from process 2630622
==WARNING== No kernels were profiled.
==WARNING== Note that specified NVTX include expressions match only start/end ranges.
==WARNING== Refer https://docs.nvidia.com/nsight-compute/NsightComputeCli/index.html#nvtx-fil"
108,1.0,108,32768,64,262144,2428,99.96949173225944,28,0.030508267740558814,ncu exit code 1,"==WARNING== Note: Running with unmodified GPU clocks. If not controlled otherwise, profiling results may be inconsistent.
==PROF== Connected to process 2631633 (/apps/applications/Miniconda/25.11.1/envs/pytorch_2.9.1_cuda13/bin/python3.14)
==PROF== Disconnected from process 2631633
==ERROR== The application returned an error code (1).
","/apps/applications/Miniconda/25.11.1/envs/pytorch_2.9.1_cuda13/lib/python3.14/site-packages/torch/cuda/__init__.py:63: FutureWarning: The pynvml package is deprecated. Please install nvidia-ml-py instead. If you did not install pynvml directly, please report this to the maintainers of the package that installed pynvml for you.
  import pynvml  # type: ignore[import]
Traceback (most recent call last):
  File ""/scratch/ehmoon/whlee/prefill-layer-alloc/stage1_sm_scaling/../src/profiling/_ncu_target.py"", line 132, in <module>
    main()
    ~~~~^^
  File ""/scratch/ehmoon/whlee/prefill-layer-alloc/stage1_sm_scaling/../src/profiling/_ncu_target.py"", line 87, in main
    kv_cache = torch.randn(
        args.batch_size, total_kv_len, 2, n_kv_heads, head_dim,
        device=""cuda"", dtype=dtype
    )
torch.OutOfMemoryError: CUDA out of memory. Tried to allocate 56.00 GiB. GPU 0 has a total capacity of 79.25 GiB of which 50.69 GiB is free. Including non-PyTorch memory, this process has 28.55 GiB ",
