sm_count,sm_ratio,total_sm,seq_len,batch_size,analytical_n_blocks,analytical_n_waves,analytical_wave_eff_pct,analytical_last_wave_blocks,analytical_wasted_sm_pct,error,ncu_stdout,stderr,stdout
14,0.12962962962962962,108,,,1,1,7.142857142857142,1,92.85714285714286,No kernels captured in ncu output,,,"==WARNING== Note: Running with unmodified GPU clocks. If not controlled otherwise, profiling results may be inconsistent.
==PROF== Connected to process 2631737 (/apps/applications/Miniconda/25.11.1/envs/pytorch_2.9.1_cuda13/bin/python3.14)
Loading Zamba2 from Zyphra/Zamba2-7B-Instruct …
==PROF== Disconnected from process 2631737
==WARNING== No kernels were profiled.
==WARNING== Note that specified NVTX include expressions match only start/end ranges.
==WARNING== Refer https://docs.nvidia.com/nsi"
14,0.12962962962962962,108,,,1,1,7.142857142857142,1,92.85714285714286,No kernels captured in ncu output,,,"==WARNING== Note: Running with unmodified GPU clocks. If not controlled otherwise, profiling results may be inconsistent.
==PROF== Connected to process 2631913 (/apps/applications/Miniconda/25.11.1/envs/pytorch_2.9.1_cuda13/bin/python3.14)
Loading Zamba2 from Zyphra/Zamba2-7B-Instruct …
==PROF== Disconnected from process 2631913
==WARNING== No kernels were profiled.
==WARNING== Note that specified NVTX include expressions match only start/end ranges.
==WARNING== Refer https://docs.nvidia.com/nsi"
14,0.12962962962962962,108,,,1,1,7.142857142857142,1,92.85714285714286,No kernels captured in ncu output,,,"==WARNING== Note: Running with unmodified GPU clocks. If not controlled otherwise, profiling results may be inconsistent.
==PROF== Connected to process 2632081 (/apps/applications/Miniconda/25.11.1/envs/pytorch_2.9.1_cuda13/bin/python3.14)
Loading Zamba2 from Zyphra/Zamba2-7B-Instruct …
==PROF== Disconnected from process 2632081
==WARNING== No kernels were profiled.
==WARNING== Note that specified NVTX include expressions match only start/end ranges.
==WARNING== Refer https://docs.nvidia.com/nsi"
14,0.12962962962962962,108,,,1,1,7.142857142857142,1,92.85714285714286,No kernels captured in ncu output,,,"==WARNING== Note: Running with unmodified GPU clocks. If not controlled otherwise, profiling results may be inconsistent.
==PROF== Connected to process 2632252 (/apps/applications/Miniconda/25.11.1/envs/pytorch_2.9.1_cuda13/bin/python3.14)
Loading Zamba2 from Zyphra/Zamba2-7B-Instruct …
==PROF== Disconnected from process 2632252
==WARNING== No kernels were profiled.
==WARNING== Note that specified NVTX include expressions match only start/end ranges.
==WARNING== Refer https://docs.nvidia.com/nsi"
14,0.12962962962962962,108,,,1,1,7.142857142857142,1,92.85714285714286,No kernels captured in ncu output,,,"==WARNING== Note: Running with unmodified GPU clocks. If not controlled otherwise, profiling results may be inconsistent.
==PROF== Connected to process 2632420 (/apps/applications/Miniconda/25.11.1/envs/pytorch_2.9.1_cuda13/bin/python3.14)
Loading Zamba2 from Zyphra/Zamba2-7B-Instruct …
==PROF== Disconnected from process 2632420
==WARNING== No kernels were profiled.
==WARNING== Note that specified NVTX include expressions match only start/end ranges.
==WARNING== Refer https://docs.nvidia.com/nsi"
14,0.12962962962962962,108,,,1,1,7.142857142857142,1,92.85714285714286,No kernels captured in ncu output,,,"==WARNING== Note: Running with unmodified GPU clocks. If not controlled otherwise, profiling results may be inconsistent.
==PROF== Connected to process 2632916 (/apps/applications/Miniconda/25.11.1/envs/pytorch_2.9.1_cuda13/bin/python3.14)
Loading Zamba2 from Zyphra/Zamba2-7B-Instruct …
==PROF== Disconnected from process 2632916
==WARNING== No kernels were profiled.
==WARNING== Note that specified NVTX include expressions match only start/end ranges.
==WARNING== Refer https://docs.nvidia.com/nsi"
14,0.12962962962962962,108,,,1,1,7.142857142857142,1,92.85714285714286,No kernels captured in ncu output,,,"==WARNING== Note: Running with unmodified GPU clocks. If not controlled otherwise, profiling results may be inconsistent.
==PROF== Connected to process 2633085 (/apps/applications/Miniconda/25.11.1/envs/pytorch_2.9.1_cuda13/bin/python3.14)
Loading Zamba2 from Zyphra/Zamba2-7B-Instruct …
==PROF== Disconnected from process 2633085
==WARNING== No kernels were profiled.
==WARNING== Note that specified NVTX include expressions match only start/end ranges.
==WARNING== Refer https://docs.nvidia.com/nsi"
14,0.12962962962962962,108,,,1,1,7.142857142857142,1,92.85714285714286,No kernels captured in ncu output,,,"==WARNING== Note: Running with unmodified GPU clocks. If not controlled otherwise, profiling results may be inconsistent.
==PROF== Connected to process 2633254 (/apps/applications/Miniconda/25.11.1/envs/pytorch_2.9.1_cuda13/bin/python3.14)
Loading Zamba2 from Zyphra/Zamba2-7B-Instruct …
==PROF== Disconnected from process 2633254
==WARNING== No kernels were profiled.
==WARNING== Note that specified NVTX include expressions match only start/end ranges.
==WARNING== Refer https://docs.nvidia.com/nsi"
14,0.12962962962962962,108,,,1,1,7.142857142857142,1,92.85714285714286,No kernels captured in ncu output,,,"==WARNING== Note: Running with unmodified GPU clocks. If not controlled otherwise, profiling results may be inconsistent.
==PROF== Connected to process 2633422 (/apps/applications/Miniconda/25.11.1/envs/pytorch_2.9.1_cuda13/bin/python3.14)
Loading Zamba2 from Zyphra/Zamba2-7B-Instruct …
==PROF== Disconnected from process 2633422
==WARNING== No kernels were profiled.
==WARNING== Note that specified NVTX include expressions match only start/end ranges.
==WARNING== Refer https://docs.nvidia.com/nsi"
14,0.12962962962962962,108,,,1,1,7.142857142857142,1,92.85714285714286,No kernels captured in ncu output,,,"==WARNING== Note: Running with unmodified GPU clocks. If not controlled otherwise, profiling results may be inconsistent.
==PROF== Connected to process 2633591 (/apps/applications/Miniconda/25.11.1/envs/pytorch_2.9.1_cuda13/bin/python3.14)
Loading Zamba2 from Zyphra/Zamba2-7B-Instruct …
==PROF== Disconnected from process 2633591
==WARNING== No kernels were profiled.
==WARNING== Note that specified NVTX include expressions match only start/end ranges.
==WARNING== Refer https://docs.nvidia.com/nsi"
14,0.12962962962962962,108,,,1,1,7.142857142857142,1,92.85714285714286,No kernels captured in ncu output,,,"==WARNING== Note: Running with unmodified GPU clocks. If not controlled otherwise, profiling results may be inconsistent.
==PROF== Connected to process 2633760 (/apps/applications/Miniconda/25.11.1/envs/pytorch_2.9.1_cuda13/bin/python3.14)
Loading Zamba2 from Zyphra/Zamba2-7B-Instruct …
==PROF== Disconnected from process 2633760
==WARNING== No kernels were profiled.
==WARNING== Note that specified NVTX include expressions match only start/end ranges.
==WARNING== Refer https://docs.nvidia.com/nsi"
14,0.12962962962962962,108,,,1,1,7.142857142857142,1,92.85714285714286,No kernels captured in ncu output,,,"==WARNING== Note: Running with unmodified GPU clocks. If not controlled otherwise, profiling results may be inconsistent.
==PROF== Connected to process 2634282 (/apps/applications/Miniconda/25.11.1/envs/pytorch_2.9.1_cuda13/bin/python3.14)
Loading Zamba2 from Zyphra/Zamba2-7B-Instruct …
==PROF== Disconnected from process 2634282
==WARNING== No kernels were profiled.
==WARNING== Note that specified NVTX include expressions match only start/end ranges.
==WARNING== Refer https://docs.nvidia.com/nsi"
14,0.12962962962962962,108,,,1,1,7.142857142857142,1,92.85714285714286,No kernels captured in ncu output,,,"==WARNING== Note: Running with unmodified GPU clocks. If not controlled otherwise, profiling results may be inconsistent.
==PROF== Connected to process 2634451 (/apps/applications/Miniconda/25.11.1/envs/pytorch_2.9.1_cuda13/bin/python3.14)
Loading Zamba2 from Zyphra/Zamba2-7B-Instruct …
==PROF== Disconnected from process 2634451
==WARNING== No kernels were profiled.
==WARNING== Note that specified NVTX include expressions match only start/end ranges.
==WARNING== Refer https://docs.nvidia.com/nsi"
14,0.12962962962962962,108,,,1,1,7.142857142857142,1,92.85714285714286,No kernels captured in ncu output,,,"==WARNING== Note: Running with unmodified GPU clocks. If not controlled otherwise, profiling results may be inconsistent.
==PROF== Connected to process 2634619 (/apps/applications/Miniconda/25.11.1/envs/pytorch_2.9.1_cuda13/bin/python3.14)
Loading Zamba2 from Zyphra/Zamba2-7B-Instruct …
==PROF== Disconnected from process 2634619
==WARNING== No kernels were profiled.
==WARNING== Note that specified NVTX include expressions match only start/end ranges.
==WARNING== Refer https://docs.nvidia.com/nsi"
14,0.12962962962962962,108,,,1,1,7.142857142857142,1,92.85714285714286,No kernels captured in ncu output,,,"==WARNING== Note: Running with unmodified GPU clocks. If not controlled otherwise, profiling results may be inconsistent.
==PROF== Connected to process 2634789 (/apps/applications/Miniconda/25.11.1/envs/pytorch_2.9.1_cuda13/bin/python3.14)
Loading Zamba2 from Zyphra/Zamba2-7B-Instruct …
==PROF== Disconnected from process 2634789
==WARNING== No kernels were profiled.
==WARNING== Note that specified NVTX include expressions match only start/end ranges.
==WARNING== Refer https://docs.nvidia.com/nsi"
14,0.12962962962962962,108,,,1,1,7.142857142857142,1,92.85714285714286,No kernels captured in ncu output,,,"==WARNING== Note: Running with unmodified GPU clocks. If not controlled otherwise, profiling results may be inconsistent.
==PROF== Connected to process 2634959 (/apps/applications/Miniconda/25.11.1/envs/pytorch_2.9.1_cuda13/bin/python3.14)
Loading Zamba2 from Zyphra/Zamba2-7B-Instruct …
==PROF== Disconnected from process 2634959
==WARNING== No kernels were profiled.
==WARNING== Note that specified NVTX include expressions match only start/end ranges.
==WARNING== Refer https://docs.nvidia.com/nsi"
14,0.12962962962962962,108,,,1,1,7.142857142857142,1,92.85714285714286,No kernels captured in ncu output,,,"==WARNING== Note: Running with unmodified GPU clocks. If not controlled otherwise, profiling results may be inconsistent.
==PROF== Connected to process 2635127 (/apps/applications/Miniconda/25.11.1/envs/pytorch_2.9.1_cuda13/bin/python3.14)
Loading Zamba2 from Zyphra/Zamba2-7B-Instruct …
==PROF== Disconnected from process 2635127
==WARNING== No kernels were profiled.
==WARNING== Note that specified NVTX include expressions match only start/end ranges.
==WARNING== Refer https://docs.nvidia.com/nsi"
14,0.12962962962962962,108,,,1,1,7.142857142857142,1,92.85714285714286,No kernels captured in ncu output,,,"==WARNING== Note: Running with unmodified GPU clocks. If not controlled otherwise, profiling results may be inconsistent.
==PROF== Connected to process 2635392 (/apps/applications/Miniconda/25.11.1/envs/pytorch_2.9.1_cuda13/bin/python3.14)
Loading Zamba2 from Zyphra/Zamba2-7B-Instruct …
==PROF== Disconnected from process 2635392
==WARNING== No kernels were profiled.
==WARNING== Note that specified NVTX include expressions match only start/end ranges.
==WARNING== Refer https://docs.nvidia.com/nsi"
14,0.12962962962962962,108,,,1,1,7.142857142857142,1,92.85714285714286,No kernels captured in ncu output,,,"==WARNING== Note: Running with unmodified GPU clocks. If not controlled otherwise, profiling results may be inconsistent.
==PROF== Connected to process 2635792 (/apps/applications/Miniconda/25.11.1/envs/pytorch_2.9.1_cuda13/bin/python3.14)
Loading Zamba2 from Zyphra/Zamba2-7B-Instruct …
==PROF== Disconnected from process 2635792
==WARNING== No kernels were profiled.
==WARNING== Note that specified NVTX include expressions match only start/end ranges.
==WARNING== Refer https://docs.nvidia.com/nsi"
14,0.12962962962962962,108,,,1,1,7.142857142857142,1,92.85714285714286,No kernels captured in ncu output,,,"==WARNING== Note: Running with unmodified GPU clocks. If not controlled otherwise, profiling results may be inconsistent.
==PROF== Connected to process 2635961 (/apps/applications/Miniconda/25.11.1/envs/pytorch_2.9.1_cuda13/bin/python3.14)
Loading Zamba2 from Zyphra/Zamba2-7B-Instruct …
==PROF== Disconnected from process 2635961
==WARNING== No kernels were profiled.
==WARNING== Note that specified NVTX include expressions match only start/end ranges.
==WARNING== Refer https://docs.nvidia.com/nsi"
14,0.12962962962962962,108,,,1,1,7.142857142857142,1,92.85714285714286,No kernels captured in ncu output,,,"==WARNING== Note: Running with unmodified GPU clocks. If not controlled otherwise, profiling results may be inconsistent.
==PROF== Connected to process 2636134 (/apps/applications/Miniconda/25.11.1/envs/pytorch_2.9.1_cuda13/bin/python3.14)
Loading Zamba2 from Zyphra/Zamba2-7B-Instruct …
==PROF== Disconnected from process 2636134
==WARNING== No kernels were profiled.
==WARNING== Note that specified NVTX include expressions match only start/end ranges.
==WARNING== Refer https://docs.nvidia.com/nsi"
14,0.12962962962962962,108,,,1,1,7.142857142857142,1,92.85714285714286,No kernels captured in ncu output,,,"==WARNING== Note: Running with unmodified GPU clocks. If not controlled otherwise, profiling results may be inconsistent.
==PROF== Connected to process 2636303 (/apps/applications/Miniconda/25.11.1/envs/pytorch_2.9.1_cuda13/bin/python3.14)
Loading Zamba2 from Zyphra/Zamba2-7B-Instruct …
==PROF== Disconnected from process 2636303
==WARNING== No kernels were profiled.
==WARNING== Note that specified NVTX include expressions match only start/end ranges.
==WARNING== Refer https://docs.nvidia.com/nsi"
14,0.12962962962962962,108,,,1,1,7.142857142857142,1,92.85714285714286,No kernels captured in ncu output,,,"==WARNING== Note: Running with unmodified GPU clocks. If not controlled otherwise, profiling results may be inconsistent.
==PROF== Connected to process 2636537 (/apps/applications/Miniconda/25.11.1/envs/pytorch_2.9.1_cuda13/bin/python3.14)
Loading Zamba2 from Zyphra/Zamba2-7B-Instruct …
==PROF== Disconnected from process 2636537
==WARNING== No kernels were profiled.
==WARNING== Note that specified NVTX include expressions match only start/end ranges.
==WARNING== Refer https://docs.nvidia.com/nsi"
14,0.12962962962962962,108,,,1,1,7.142857142857142,1,92.85714285714286,No kernels captured in ncu output,,,"==WARNING== Note: Running with unmodified GPU clocks. If not controlled otherwise, profiling results may be inconsistent.
==PROF== Connected to process 2637279 (/apps/applications/Miniconda/25.11.1/envs/pytorch_2.9.1_cuda13/bin/python3.14)
Loading Zamba2 from Zyphra/Zamba2-7B-Instruct …
==PROF== Disconnected from process 2637279
==WARNING== No kernels were profiled.
==WARNING== Note that specified NVTX include expressions match only start/end ranges.
==WARNING== Refer https://docs.nvidia.com/nsi"
14,0.12962962962962962,108,,,1,1,7.142857142857142,1,92.85714285714286,No kernels captured in ncu output,,,"==WARNING== Note: Running with unmodified GPU clocks. If not controlled otherwise, profiling results may be inconsistent.
==PROF== Connected to process 2637451 (/apps/applications/Miniconda/25.11.1/envs/pytorch_2.9.1_cuda13/bin/python3.14)
Loading Zamba2 from Zyphra/Zamba2-7B-Instruct …
==PROF== Disconnected from process 2637451
==WARNING== No kernels were profiled.
==WARNING== Note that specified NVTX include expressions match only start/end ranges.
==WARNING== Refer https://docs.nvidia.com/nsi"
14,0.12962962962962962,108,,,1,1,7.142857142857142,1,92.85714285714286,No kernels captured in ncu output,,,"==WARNING== Note: Running with unmodified GPU clocks. If not controlled otherwise, profiling results may be inconsistent.
==PROF== Connected to process 2637629 (/apps/applications/Miniconda/25.11.1/envs/pytorch_2.9.1_cuda13/bin/python3.14)
Loading Zamba2 from Zyphra/Zamba2-7B-Instruct …
==PROF== Disconnected from process 2637629
==WARNING== No kernels were profiled.
==WARNING== Note that specified NVTX include expressions match only start/end ranges.
==WARNING== Refer https://docs.nvidia.com/nsi"
14,0.12962962962962962,108,,,1,1,7.142857142857142,1,92.85714285714286,No kernels captured in ncu output,,,"==WARNING== Note: Running with unmodified GPU clocks. If not controlled otherwise, profiling results may be inconsistent.
==PROF== Connected to process 2638151 (/apps/applications/Miniconda/25.11.1/envs/pytorch_2.9.1_cuda13/bin/python3.14)
Loading Zamba2 from Zyphra/Zamba2-7B-Instruct …
==PROF== Disconnected from process 2638151
==WARNING== No kernels were profiled.
==WARNING== Note that specified NVTX include expressions match only start/end ranges.
==WARNING== Refer https://docs.nvidia.com/nsi"
14,0.12962962962962962,108,,,1,1,7.142857142857142,1,92.85714285714286,No kernels captured in ncu output,,,"==WARNING== Note: Running with unmodified GPU clocks. If not controlled otherwise, profiling results may be inconsistent.
==PROF== Connected to process 2638321 (/apps/applications/Miniconda/25.11.1/envs/pytorch_2.9.1_cuda13/bin/python3.14)
Loading Zamba2 from Zyphra/Zamba2-7B-Instruct …
==PROF== Disconnected from process 2638321
==WARNING== No kernels were profiled.
==WARNING== Note that specified NVTX include expressions match only start/end ranges.
==WARNING== Refer https://docs.nvidia.com/nsi"
14,0.12962962962962962,108,,,1,1,7.142857142857142,1,92.85714285714286,No kernels captured in ncu output,,,"==WARNING== Note: Running with unmodified GPU clocks. If not controlled otherwise, profiling results may be inconsistent.
==PROF== Connected to process 2638493 (/apps/applications/Miniconda/25.11.1/envs/pytorch_2.9.1_cuda13/bin/python3.14)
Loading Zamba2 from Zyphra/Zamba2-7B-Instruct …
==PROF== Disconnected from process 2638493
==WARNING== No kernels were profiled.
==WARNING== Note that specified NVTX include expressions match only start/end ranges.
==WARNING== Refer https://docs.nvidia.com/nsi"
14,0.12962962962962962,108,,,1,1,7.142857142857142,1,92.85714285714286,No kernels captured in ncu output,,,"==WARNING== Note: Running with unmodified GPU clocks. If not controlled otherwise, profiling results may be inconsistent.
==PROF== Connected to process 2638950 (/apps/applications/Miniconda/25.11.1/envs/pytorch_2.9.1_cuda13/bin/python3.14)
Loading Zamba2 from Zyphra/Zamba2-7B-Instruct …
==PROF== Disconnected from process 2638950
==WARNING== No kernels were profiled.
==WARNING== Note that specified NVTX include expressions match only start/end ranges.
==WARNING== Refer https://docs.nvidia.com/nsi"
14,0.12962962962962962,108,,,1,1,7.142857142857142,1,92.85714285714286,No kernels captured in ncu output,,,"==WARNING== Note: Running with unmodified GPU clocks. If not controlled otherwise, profiling results may be inconsistent.
==PROF== Connected to process 2639208 (/apps/applications/Miniconda/25.11.1/envs/pytorch_2.9.1_cuda13/bin/python3.14)
Loading Zamba2 from Zyphra/Zamba2-7B-Instruct …
==PROF== Disconnected from process 2639208
==WARNING== No kernels were profiled.
==WARNING== Note that specified NVTX include expressions match only start/end ranges.
==WARNING== Refer https://docs.nvidia.com/nsi"
14,0.12962962962962962,108,,,1,1,7.142857142857142,1,92.85714285714286,No kernels captured in ncu output,,,"==WARNING== Note: Running with unmodified GPU clocks. If not controlled otherwise, profiling results may be inconsistent.
==PROF== Connected to process 2639376 (/apps/applications/Miniconda/25.11.1/envs/pytorch_2.9.1_cuda13/bin/python3.14)
Loading Zamba2 from Zyphra/Zamba2-7B-Instruct …
==PROF== Disconnected from process 2639376
==WARNING== No kernels were profiled.
==WARNING== Note that specified NVTX include expressions match only start/end ranges.
==WARNING== Refer https://docs.nvidia.com/nsi"
14,0.12962962962962962,108,,,1,1,7.142857142857142,1,92.85714285714286,No kernels captured in ncu output,,,"==WARNING== Note: Running with unmodified GPU clocks. If not controlled otherwise, profiling results may be inconsistent.
==PROF== Connected to process 2639901 (/apps/applications/Miniconda/25.11.1/envs/pytorch_2.9.1_cuda13/bin/python3.14)
Loading Zamba2 from Zyphra/Zamba2-7B-Instruct …
==PROF== Disconnected from process 2639901
==WARNING== No kernels were profiled.
==WARNING== Note that specified NVTX include expressions match only start/end ranges.
==WARNING== Refer https://docs.nvidia.com/nsi"
14,0.12962962962962962,108,,,1,1,7.142857142857142,1,92.85714285714286,No kernels captured in ncu output,,,"==WARNING== Note: Running with unmodified GPU clocks. If not controlled otherwise, profiling results may be inconsistent.
==PROF== Connected to process 2640076 (/apps/applications/Miniconda/25.11.1/envs/pytorch_2.9.1_cuda13/bin/python3.14)
Loading Zamba2 from Zyphra/Zamba2-7B-Instruct …
==PROF== Disconnected from process 2640076
==WARNING== No kernels were profiled.
==WARNING== Note that specified NVTX include expressions match only start/end ranges.
==WARNING== Refer https://docs.nvidia.com/nsi"
14,0.12962962962962962,108,,,1,1,7.142857142857142,1,92.85714285714286,No kernels captured in ncu output,,,"==WARNING== Note: Running with unmodified GPU clocks. If not controlled otherwise, profiling results may be inconsistent.
==PROF== Connected to process 2640615 (/apps/applications/Miniconda/25.11.1/envs/pytorch_2.9.1_cuda13/bin/python3.14)
Loading Zamba2 from Zyphra/Zamba2-7B-Instruct …
==PROF== Disconnected from process 2640615
==WARNING== No kernels were profiled.
==WARNING== Note that specified NVTX include expressions match only start/end ranges.
==WARNING== Refer https://docs.nvidia.com/nsi"
14,0.12962962962962962,108,,,1,1,7.142857142857142,1,92.85714285714286,No kernels captured in ncu output,,,"==WARNING== Note: Running with unmodified GPU clocks. If not controlled otherwise, profiling results may be inconsistent.
==PROF== Connected to process 2641652 (/apps/applications/Miniconda/25.11.1/envs/pytorch_2.9.1_cuda13/bin/python3.14)
Loading Zamba2 from Zyphra/Zamba2-7B-Instruct …
==PROF== Disconnected from process 2641652
==WARNING== No kernels were profiled.
==WARNING== Note that specified NVTX include expressions match only start/end ranges.
==WARNING== Refer https://docs.nvidia.com/nsi"
14,0.12962962962962962,108,,,1,1,7.142857142857142,1,92.85714285714286,No kernels captured in ncu output,,,"==WARNING== Note: Running with unmodified GPU clocks. If not controlled otherwise, profiling results may be inconsistent.
==PROF== Connected to process 2641825 (/apps/applications/Miniconda/25.11.1/envs/pytorch_2.9.1_cuda13/bin/python3.14)
Loading Zamba2 from Zyphra/Zamba2-7B-Instruct …
==PROF== Disconnected from process 2641825
==WARNING== No kernels were profiled.
==WARNING== Note that specified NVTX include expressions match only start/end ranges.
==WARNING== Refer https://docs.nvidia.com/nsi"
14,0.12962962962962962,108,,,1,1,7.142857142857142,1,92.85714285714286,No kernels captured in ncu output,,,"==WARNING== Note: Running with unmodified GPU clocks. If not controlled otherwise, profiling results may be inconsistent.
==PROF== Connected to process 2642322 (/apps/applications/Miniconda/25.11.1/envs/pytorch_2.9.1_cuda13/bin/python3.14)
Loading Zamba2 from Zyphra/Zamba2-7B-Instruct …
==PROF== Disconnected from process 2642322
==WARNING== No kernels were profiled.
==WARNING== Note that specified NVTX include expressions match only start/end ranges.
==WARNING== Refer https://docs.nvidia.com/nsi"
14,0.12962962962962962,108,,,1,1,7.142857142857142,1,92.85714285714286,No kernels captured in ncu output,,,"==WARNING== Note: Running with unmodified GPU clocks. If not controlled otherwise, profiling results may be inconsistent.
==PROF== Connected to process 2642859 (/apps/applications/Miniconda/25.11.1/envs/pytorch_2.9.1_cuda13/bin/python3.14)
Loading Zamba2 from Zyphra/Zamba2-7B-Instruct …
==PROF== Disconnected from process 2642859
==WARNING== No kernels were profiled.
==WARNING== Note that specified NVTX include expressions match only start/end ranges.
==WARNING== Refer https://docs.nvidia.com/nsi"
14,0.12962962962962962,108,32768,64,524288,37450,99.99771123402633,2,0.0022887659736792187,ncu exit code 1,"==WARNING== Note: Running with unmodified GPU clocks. If not controlled otherwise, profiling results may be inconsistent.
==PROF== Connected to process 2643475 (/apps/applications/Miniconda/25.11.1/envs/pytorch_2.9.1_cuda13/bin/python3.14)
Loading Zamba2 from Zyphra/Zamba2-7B-Instruct …
==PROF== Disconnected from process 2643475
==ERROR== The application returned an error code (1).
","/apps/applications/Miniconda/25.11.1/envs/pytorch_2.9.1_cuda13/lib/python3.14/site-packages/torch/cuda/__init__.py:63: FutureWarning: The pynvml package is deprecated. Please install nvidia-ml-py instead. If you did not install pynvml directly, please report this to the maintainers of the package that installed pynvml for you.
  import pynvml  # type: ignore[import]
Warning: You are sending unauthenticated requests to the HF Hub. Please set a HF_TOKEN to enable higher rate limits and faster downloads.
[transformers] `torch_dtype` is deprecated! Use `dtype` instead!
Traceback (most recent call last):
  File ""/scratch/ehmoon/whlee/prefill-layer-alloc/stage1_sm_scaling/../src/profiling/_ncu_target.py"", line 132, in <module>
    main()
    ~~~~^^
  File ""/scratch/ehmoon/whlee/prefill-layer-alloc/stage1_sm_scaling/../src/profiling/_ncu_target.py"", line 116, in main
    kernel()
    ~~~~~~^^
  File ""/scratch/ehmoon/whlee/prefill-layer-alloc/stage1_sm_scaling/../src/profiling/_ncu_target.py"",",
27,0.25,108,,,1,1,3.7037037037037033,1,96.2962962962963,No kernels captured in ncu output,,,"==WARNING== Note: Running with unmodified GPU clocks. If not controlled otherwise, profiling results may be inconsistent.
==PROF== Connected to process 2643645 (/apps/applications/Miniconda/25.11.1/envs/pytorch_2.9.1_cuda13/bin/python3.14)
Loading Zamba2 from Zyphra/Zamba2-7B-Instruct …
==PROF== Disconnected from process 2643645
==WARNING== No kernels were profiled.
==WARNING== Note that specified NVTX include expressions match only start/end ranges.
==WARNING== Refer https://docs.nvidia.com/nsi"
27,0.25,108,,,1,1,3.7037037037037033,1,96.2962962962963,No kernels captured in ncu output,,,"==WARNING== Note: Running with unmodified GPU clocks. If not controlled otherwise, profiling results may be inconsistent.
==PROF== Connected to process 2643814 (/apps/applications/Miniconda/25.11.1/envs/pytorch_2.9.1_cuda13/bin/python3.14)
Loading Zamba2 from Zyphra/Zamba2-7B-Instruct …
==PROF== Disconnected from process 2643814
==WARNING== No kernels were profiled.
==WARNING== Note that specified NVTX include expressions match only start/end ranges.
==WARNING== Refer https://docs.nvidia.com/nsi"
27,0.25,108,,,1,1,3.7037037037037033,1,96.2962962962963,No kernels captured in ncu output,,,"==WARNING== Note: Running with unmodified GPU clocks. If not controlled otherwise, profiling results may be inconsistent.
==PROF== Connected to process 2643982 (/apps/applications/Miniconda/25.11.1/envs/pytorch_2.9.1_cuda13/bin/python3.14)
Loading Zamba2 from Zyphra/Zamba2-7B-Instruct …
==PROF== Disconnected from process 2643982
==WARNING== No kernels were profiled.
==WARNING== Note that specified NVTX include expressions match only start/end ranges.
==WARNING== Refer https://docs.nvidia.com/nsi"
27,0.25,108,,,1,1,3.7037037037037033,1,96.2962962962963,No kernels captured in ncu output,,,"==WARNING== Note: Running with unmodified GPU clocks. If not controlled otherwise, profiling results may be inconsistent.
==PROF== Connected to process 2644494 (/apps/applications/Miniconda/25.11.1/envs/pytorch_2.9.1_cuda13/bin/python3.14)
Loading Zamba2 from Zyphra/Zamba2-7B-Instruct …
==PROF== Disconnected from process 2644494
==WARNING== No kernels were profiled.
==WARNING== Note that specified NVTX include expressions match only start/end ranges.
==WARNING== Refer https://docs.nvidia.com/nsi"
27,0.25,108,,,1,1,3.7037037037037033,1,96.2962962962963,No kernels captured in ncu output,,,"==WARNING== Note: Running with unmodified GPU clocks. If not controlled otherwise, profiling results may be inconsistent.
==PROF== Connected to process 2644666 (/apps/applications/Miniconda/25.11.1/envs/pytorch_2.9.1_cuda13/bin/python3.14)
Loading Zamba2 from Zyphra/Zamba2-7B-Instruct …
==PROF== Disconnected from process 2644666
==WARNING== No kernels were profiled.
==WARNING== Note that specified NVTX include expressions match only start/end ranges.
==WARNING== Refer https://docs.nvidia.com/nsi"
27,0.25,108,,,1,1,3.7037037037037033,1,96.2962962962963,No kernels captured in ncu output,,,"==WARNING== Note: Running with unmodified GPU clocks. If not controlled otherwise, profiling results may be inconsistent.
==PROF== Connected to process 2644834 (/apps/applications/Miniconda/25.11.1/envs/pytorch_2.9.1_cuda13/bin/python3.14)
Loading Zamba2 from Zyphra/Zamba2-7B-Instruct …
==PROF== Disconnected from process 2644834
==WARNING== No kernels were profiled.
==WARNING== Note that specified NVTX include expressions match only start/end ranges.
==WARNING== Refer https://docs.nvidia.com/nsi"
27,0.25,108,,,1,1,3.7037037037037033,1,96.2962962962963,No kernels captured in ncu output,,,"==WARNING== Note: Running with unmodified GPU clocks. If not controlled otherwise, profiling results may be inconsistent.
==PROF== Connected to process 2645003 (/apps/applications/Miniconda/25.11.1/envs/pytorch_2.9.1_cuda13/bin/python3.14)
Loading Zamba2 from Zyphra/Zamba2-7B-Instruct …
==PROF== Disconnected from process 2645003
==WARNING== No kernels were profiled.
==WARNING== Note that specified NVTX include expressions match only start/end ranges.
==WARNING== Refer https://docs.nvidia.com/nsi"
27,0.25,108,,,1,1,3.7037037037037033,1,96.2962962962963,No kernels captured in ncu output,,,"==WARNING== Note: Running with unmodified GPU clocks. If not controlled otherwise, profiling results may be inconsistent.
==PROF== Connected to process 2645170 (/apps/applications/Miniconda/25.11.1/envs/pytorch_2.9.1_cuda13/bin/python3.14)
Loading Zamba2 from Zyphra/Zamba2-7B-Instruct …
==PROF== Disconnected from process 2645170
==WARNING== No kernels were profiled.
==WARNING== Note that specified NVTX include expressions match only start/end ranges.
==WARNING== Refer https://docs.nvidia.com/nsi"
27,0.25,108,,,1,1,3.7037037037037033,1,96.2962962962963,No kernels captured in ncu output,,,"==WARNING== Note: Running with unmodified GPU clocks. If not controlled otherwise, profiling results may be inconsistent.
==PROF== Connected to process 2645340 (/apps/applications/Miniconda/25.11.1/envs/pytorch_2.9.1_cuda13/bin/python3.14)
Loading Zamba2 from Zyphra/Zamba2-7B-Instruct …
==PROF== Disconnected from process 2645340
==WARNING== No kernels were profiled.
==WARNING== Note that specified NVTX include expressions match only start/end ranges.
==WARNING== Refer https://docs.nvidia.com/nsi"
27,0.25,108,,,1,1,3.7037037037037033,1,96.2962962962963,No kernels captured in ncu output,,,"==WARNING== Note: Running with unmodified GPU clocks. If not controlled otherwise, profiling results may be inconsistent.
==PROF== Connected to process 2645508 (/apps/applications/Miniconda/25.11.1/envs/pytorch_2.9.1_cuda13/bin/python3.14)
Loading Zamba2 from Zyphra/Zamba2-7B-Instruct …
==PROF== Disconnected from process 2645508
==WARNING== No kernels were profiled.
==WARNING== Note that specified NVTX include expressions match only start/end ranges.
==WARNING== Refer https://docs.nvidia.com/nsi"
27,0.25,108,,,1,1,3.7037037037037033,1,96.2962962962963,No kernels captured in ncu output,,,"==WARNING== Note: Running with unmodified GPU clocks. If not controlled otherwise, profiling results may be inconsistent.
==PROF== Connected to process 2646358 (/apps/applications/Miniconda/25.11.1/envs/pytorch_2.9.1_cuda13/bin/python3.14)
Loading Zamba2 from Zyphra/Zamba2-7B-Instruct …
==PROF== Disconnected from process 2646358
==WARNING== No kernels were profiled.
==WARNING== Note that specified NVTX include expressions match only start/end ranges.
==WARNING== Refer https://docs.nvidia.com/nsi"
27,0.25,108,,,1,1,3.7037037037037033,1,96.2962962962963,No kernels captured in ncu output,,,"==WARNING== Note: Running with unmodified GPU clocks. If not controlled otherwise, profiling results may be inconsistent.
==PROF== Connected to process 2646529 (/apps/applications/Miniconda/25.11.1/envs/pytorch_2.9.1_cuda13/bin/python3.14)
Loading Zamba2 from Zyphra/Zamba2-7B-Instruct …
==PROF== Disconnected from process 2646529
==WARNING== No kernels were profiled.
==WARNING== Note that specified NVTX include expressions match only start/end ranges.
==WARNING== Refer https://docs.nvidia.com/nsi"
27,0.25,108,,,1,1,3.7037037037037033,1,96.2962962962963,No kernels captured in ncu output,,,"==WARNING== Note: Running with unmodified GPU clocks. If not controlled otherwise, profiling results may be inconsistent.
==PROF== Connected to process 2646696 (/apps/applications/Miniconda/25.11.1/envs/pytorch_2.9.1_cuda13/bin/python3.14)
Loading Zamba2 from Zyphra/Zamba2-7B-Instruct …
==PROF== Disconnected from process 2646696
==WARNING== No kernels were profiled.
==WARNING== Note that specified NVTX include expressions match only start/end ranges.
==WARNING== Refer https://docs.nvidia.com/nsi"
27,0.25,108,,,1,1,3.7037037037037033,1,96.2962962962963,No kernels captured in ncu output,,,"==WARNING== Note: Running with unmodified GPU clocks. If not controlled otherwise, profiling results may be inconsistent.
==PROF== Connected to process 2646866 (/apps/applications/Miniconda/25.11.1/envs/pytorch_2.9.1_cuda13/bin/python3.14)
Loading Zamba2 from Zyphra/Zamba2-7B-Instruct …
==PROF== Disconnected from process 2646866
==WARNING== No kernels were profiled.
==WARNING== Note that specified NVTX include expressions match only start/end ranges.
==WARNING== Refer https://docs.nvidia.com/nsi"
27,0.25,108,,,1,1,3.7037037037037033,1,96.2962962962963,No kernels captured in ncu output,,,"==WARNING== Note: Running with unmodified GPU clocks. If not controlled otherwise, profiling results may be inconsistent.
==PROF== Connected to process 2647034 (/apps/applications/Miniconda/25.11.1/envs/pytorch_2.9.1_cuda13/bin/python3.14)
Loading Zamba2 from Zyphra/Zamba2-7B-Instruct …
==PROF== Disconnected from process 2647034
==WARNING== No kernels were profiled.
==WARNING== Note that specified NVTX include expressions match only start/end ranges.
==WARNING== Refer https://docs.nvidia.com/nsi"
27,0.25,108,,,1,1,3.7037037037037033,1,96.2962962962963,No kernels captured in ncu output,,,"==WARNING== Note: Running with unmodified GPU clocks. If not controlled otherwise, profiling results may be inconsistent.
==PROF== Connected to process 2647205 (/apps/applications/Miniconda/25.11.1/envs/pytorch_2.9.1_cuda13/bin/python3.14)
Loading Zamba2 from Zyphra/Zamba2-7B-Instruct …
==PROF== Disconnected from process 2647205
==WARNING== No kernels were profiled.
==WARNING== Note that specified NVTX include expressions match only start/end ranges.
==WARNING== Refer https://docs.nvidia.com/nsi"
27,0.25,108,,,1,1,3.7037037037037033,1,96.2962962962963,No kernels captured in ncu output,,,"==WARNING== Note: Running with unmodified GPU clocks. If not controlled otherwise, profiling results may be inconsistent.
==PROF== Connected to process 2647373 (/apps/applications/Miniconda/25.11.1/envs/pytorch_2.9.1_cuda13/bin/python3.14)
Loading Zamba2 from Zyphra/Zamba2-7B-Instruct …
==PROF== Disconnected from process 2647373
==WARNING== No kernels were profiled.
==WARNING== Note that specified NVTX include expressions match only start/end ranges.
==WARNING== Refer https://docs.nvidia.com/nsi"
27,0.25,108,,,1,1,3.7037037037037033,1,96.2962962962963,No kernels captured in ncu output,,,"==WARNING== Note: Running with unmodified GPU clocks. If not controlled otherwise, profiling results may be inconsistent.
==PROF== Connected to process 2647885 (/apps/applications/Miniconda/25.11.1/envs/pytorch_2.9.1_cuda13/bin/python3.14)
Loading Zamba2 from Zyphra/Zamba2-7B-Instruct …
==PROF== Disconnected from process 2647885
==WARNING== No kernels were profiled.
==WARNING== Note that specified NVTX include expressions match only start/end ranges.
==WARNING== Refer https://docs.nvidia.com/nsi"
27,0.25,108,,,1,1,3.7037037037037033,1,96.2962962962963,No kernels captured in ncu output,,,"==WARNING== Note: Running with unmodified GPU clocks. If not controlled otherwise, profiling results may be inconsistent.
==PROF== Connected to process 2648056 (/apps/applications/Miniconda/25.11.1/envs/pytorch_2.9.1_cuda13/bin/python3.14)
Loading Zamba2 from Zyphra/Zamba2-7B-Instruct …
==PROF== Disconnected from process 2648056
==WARNING== No kernels were profiled.
==WARNING== Note that specified NVTX include expressions match only start/end ranges.
==WARNING== Refer https://docs.nvidia.com/nsi"
27,0.25,108,,,1,1,3.7037037037037033,1,96.2962962962963,No kernels captured in ncu output,,,"==WARNING== Note: Running with unmodified GPU clocks. If not controlled otherwise, profiling results may be inconsistent.
==PROF== Connected to process 2648226 (/apps/applications/Miniconda/25.11.1/envs/pytorch_2.9.1_cuda13/bin/python3.14)
Loading Zamba2 from Zyphra/Zamba2-7B-Instruct …
==PROF== Disconnected from process 2648226
==WARNING== No kernels were profiled.
==WARNING== Note that specified NVTX include expressions match only start/end ranges.
==WARNING== Refer https://docs.nvidia.com/nsi"
27,0.25,108,,,1,1,3.7037037037037033,1,96.2962962962963,No kernels captured in ncu output,,,"==WARNING== Note: Running with unmodified GPU clocks. If not controlled otherwise, profiling results may be inconsistent.
==PROF== Connected to process 2648396 (/apps/applications/Miniconda/25.11.1/envs/pytorch_2.9.1_cuda13/bin/python3.14)
Loading Zamba2 from Zyphra/Zamba2-7B-Instruct …
==PROF== Disconnected from process 2648396
==WARNING== No kernels were profiled.
==WARNING== Note that specified NVTX include expressions match only start/end ranges.
==WARNING== Refer https://docs.nvidia.com/nsi"
27,0.25,108,,,1,1,3.7037037037037033,1,96.2962962962963,No kernels captured in ncu output,,,"==WARNING== Note: Running with unmodified GPU clocks. If not controlled otherwise, profiling results may be inconsistent.
==PROF== Connected to process 2648563 (/apps/applications/Miniconda/25.11.1/envs/pytorch_2.9.1_cuda13/bin/python3.14)
Loading Zamba2 from Zyphra/Zamba2-7B-Instruct …
==PROF== Disconnected from process 2648563
==WARNING== No kernels were profiled.
==WARNING== Note that specified NVTX include expressions match only start/end ranges.
==WARNING== Refer https://docs.nvidia.com/nsi"
27,0.25,108,,,1,1,3.7037037037037033,1,96.2962962962963,No kernels captured in ncu output,,,"==WARNING== Note: Running with unmodified GPU clocks. If not controlled otherwise, profiling results may be inconsistent.
==PROF== Connected to process 2648731 (/apps/applications/Miniconda/25.11.1/envs/pytorch_2.9.1_cuda13/bin/python3.14)
Loading Zamba2 from Zyphra/Zamba2-7B-Instruct …
==PROF== Disconnected from process 2648731
==WARNING== No kernels were profiled.
==WARNING== Note that specified NVTX include expressions match only start/end ranges.
==WARNING== Refer https://docs.nvidia.com/nsi"
27,0.25,108,,,1,1,3.7037037037037033,1,96.2962962962963,No kernels captured in ncu output,,,"==WARNING== Note: Running with unmodified GPU clocks. If not controlled otherwise, profiling results may be inconsistent.
==PROF== Connected to process 2649271 (/apps/applications/Miniconda/25.11.1/envs/pytorch_2.9.1_cuda13/bin/python3.14)
Loading Zamba2 from Zyphra/Zamba2-7B-Instruct …
==PROF== Disconnected from process 2649271
==WARNING== No kernels were profiled.
==WARNING== Note that specified NVTX include expressions match only start/end ranges.
==WARNING== Refer https://docs.nvidia.com/nsi"
27,0.25,108,,,1,1,3.7037037037037033,1,96.2962962962963,No kernels captured in ncu output,,,"==WARNING== Note: Running with unmodified GPU clocks. If not controlled otherwise, profiling results may be inconsistent.
==PROF== Connected to process 2649443 (/apps/applications/Miniconda/25.11.1/envs/pytorch_2.9.1_cuda13/bin/python3.14)
Loading Zamba2 from Zyphra/Zamba2-7B-Instruct …
==PROF== Disconnected from process 2649443
==WARNING== No kernels were profiled.
==WARNING== Note that specified NVTX include expressions match only start/end ranges.
==WARNING== Refer https://docs.nvidia.com/nsi"
27,0.25,108,,,1,1,3.7037037037037033,1,96.2962962962963,No kernels captured in ncu output,,,"==WARNING== Note: Running with unmodified GPU clocks. If not controlled otherwise, profiling results may be inconsistent.
==PROF== Connected to process 2649614 (/apps/applications/Miniconda/25.11.1/envs/pytorch_2.9.1_cuda13/bin/python3.14)
Loading Zamba2 from Zyphra/Zamba2-7B-Instruct …
==PROF== Disconnected from process 2649614
==WARNING== No kernels were profiled.
==WARNING== Note that specified NVTX include expressions match only start/end ranges.
==WARNING== Refer https://docs.nvidia.com/nsi"
27,0.25,108,,,1,1,3.7037037037037033,1,96.2962962962963,No kernels captured in ncu output,,,"==WARNING== Note: Running with unmodified GPU clocks. If not controlled otherwise, profiling results may be inconsistent.
==PROF== Connected to process 2649783 (/apps/applications/Miniconda/25.11.1/envs/pytorch_2.9.1_cuda13/bin/python3.14)
Loading Zamba2 from Zyphra/Zamba2-7B-Instruct …
==PROF== Disconnected from process 2649783
==WARNING== No kernels were profiled.
==WARNING== Note that specified NVTX include expressions match only start/end ranges.
==WARNING== Refer https://docs.nvidia.com/nsi"
27,0.25,108,,,1,1,3.7037037037037033,1,96.2962962962963,No kernels captured in ncu output,,,"==WARNING== Note: Running with unmodified GPU clocks. If not controlled otherwise, profiling results may be inconsistent.
==PROF== Connected to process 2649952 (/apps/applications/Miniconda/25.11.1/envs/pytorch_2.9.1_cuda13/bin/python3.14)
Loading Zamba2 from Zyphra/Zamba2-7B-Instruct …
==PROF== Disconnected from process 2649952
==WARNING== No kernels were profiled.
==WARNING== Note that specified NVTX include expressions match only start/end ranges.
==WARNING== Refer https://docs.nvidia.com/nsi"
27,0.25,108,,,1,1,3.7037037037037033,1,96.2962962962963,No kernels captured in ncu output,,,"==WARNING== Note: Running with unmodified GPU clocks. If not controlled otherwise, profiling results may be inconsistent.
==PROF== Connected to process 2650493 (/apps/applications/Miniconda/25.11.1/envs/pytorch_2.9.1_cuda13/bin/python3.14)
Loading Zamba2 from Zyphra/Zamba2-7B-Instruct …
==PROF== Disconnected from process 2650493
==WARNING== No kernels were profiled.
==WARNING== Note that specified NVTX include expressions match only start/end ranges.
==WARNING== Refer https://docs.nvidia.com/nsi"
27,0.25,108,,,1,1,3.7037037037037033,1,96.2962962962963,No kernels captured in ncu output,,,"==WARNING== Note: Running with unmodified GPU clocks. If not controlled otherwise, profiling results may be inconsistent.
==PROF== Connected to process 2650669 (/apps/applications/Miniconda/25.11.1/envs/pytorch_2.9.1_cuda13/bin/python3.14)
Loading Zamba2 from Zyphra/Zamba2-7B-Instruct …
==PROF== Disconnected from process 2650669
==WARNING== No kernels were profiled.
==WARNING== Note that specified NVTX include expressions match only start/end ranges.
==WARNING== Refer https://docs.nvidia.com/nsi"
27,0.25,108,,,1,1,3.7037037037037033,1,96.2962962962963,No kernels captured in ncu output,,,"==WARNING== Note: Running with unmodified GPU clocks. If not controlled otherwise, profiling results may be inconsistent.
==PROF== Connected to process 2650862 (/apps/applications/Miniconda/25.11.1/envs/pytorch_2.9.1_cuda13/bin/python3.14)
Loading Zamba2 from Zyphra/Zamba2-7B-Instruct …
==PROF== Disconnected from process 2650862
==WARNING== No kernels were profiled.
==WARNING== Note that specified NVTX include expressions match only start/end ranges.
==WARNING== Refer https://docs.nvidia.com/nsi"
27,0.25,108,,,1,1,3.7037037037037033,1,96.2962962962963,No kernels captured in ncu output,,,"==WARNING== Note: Running with unmodified GPU clocks. If not controlled otherwise, profiling results may be inconsistent.
==PROF== Connected to process 2651105 (/apps/applications/Miniconda/25.11.1/envs/pytorch_2.9.1_cuda13/bin/python3.14)
Loading Zamba2 from Zyphra/Zamba2-7B-Instruct …
==PROF== Disconnected from process 2651105
==WARNING== No kernels were profiled.
==WARNING== Note that specified NVTX include expressions match only start/end ranges.
==WARNING== Refer https://docs.nvidia.com/nsi"
27,0.25,108,,,1,1,3.7037037037037033,1,96.2962962962963,No kernels captured in ncu output,,,"==WARNING== Note: Running with unmodified GPU clocks. If not controlled otherwise, profiling results may be inconsistent.
==PROF== Connected to process 2651545 (/apps/applications/Miniconda/25.11.1/envs/pytorch_2.9.1_cuda13/bin/python3.14)
Loading Zamba2 from Zyphra/Zamba2-7B-Instruct …
==PROF== Disconnected from process 2651545
==WARNING== No kernels were profiled.
==WARNING== Note that specified NVTX include expressions match only start/end ranges.
==WARNING== Refer https://docs.nvidia.com/nsi"
27,0.25,108,,,1,1,3.7037037037037033,1,96.2962962962963,No kernels captured in ncu output,,,"==WARNING== Note: Running with unmodified GPU clocks. If not controlled otherwise, profiling results may be inconsistent.
==PROF== Connected to process 2651720 (/apps/applications/Miniconda/25.11.1/envs/pytorch_2.9.1_cuda13/bin/python3.14)
Loading Zamba2 from Zyphra/Zamba2-7B-Instruct …
==PROF== Disconnected from process 2651720
==WARNING== No kernels were profiled.
==WARNING== Note that specified NVTX include expressions match only start/end ranges.
==WARNING== Refer https://docs.nvidia.com/nsi"
27,0.25,108,,,1,1,3.7037037037037033,1,96.2962962962963,No kernels captured in ncu output,,,"==WARNING== Note: Running with unmodified GPU clocks. If not controlled otherwise, profiling results may be inconsistent.
==PROF== Connected to process 2651896 (/apps/applications/Miniconda/25.11.1/envs/pytorch_2.9.1_cuda13/bin/python3.14)
Loading Zamba2 from Zyphra/Zamba2-7B-Instruct …
==PROF== Disconnected from process 2651896
==WARNING== No kernels were profiled.
==WARNING== Note that specified NVTX include expressions match only start/end ranges.
==WARNING== Refer https://docs.nvidia.com/nsi"
27,0.25,108,,,1,1,3.7037037037037033,1,96.2962962962963,No kernels captured in ncu output,,,"==WARNING== Note: Running with unmodified GPU clocks. If not controlled otherwise, profiling results may be inconsistent.
==PROF== Connected to process 2652766 (/apps/applications/Miniconda/25.11.1/envs/pytorch_2.9.1_cuda13/bin/python3.14)
Loading Zamba2 from Zyphra/Zamba2-7B-Instruct …
==PROF== Disconnected from process 2652766
==WARNING== No kernels were profiled.
==WARNING== Note that specified NVTX include expressions match only start/end ranges.
==WARNING== Refer https://docs.nvidia.com/nsi"
27,0.25,108,,,1,1,3.7037037037037033,1,96.2962962962963,No kernels captured in ncu output,,,"==WARNING== Note: Running with unmodified GPU clocks. If not controlled otherwise, profiling results may be inconsistent.
==PROF== Connected to process 2652935 (/apps/applications/Miniconda/25.11.1/envs/pytorch_2.9.1_cuda13/bin/python3.14)
Loading Zamba2 from Zyphra/Zamba2-7B-Instruct …
==PROF== Disconnected from process 2652935
==WARNING== No kernels were profiled.
==WARNING== Note that specified NVTX include expressions match only start/end ranges.
==WARNING== Refer https://docs.nvidia.com/nsi"
27,0.25,108,,,1,1,3.7037037037037033,1,96.2962962962963,No kernels captured in ncu output,,,"==WARNING== Note: Running with unmodified GPU clocks. If not controlled otherwise, profiling results may be inconsistent.
==PROF== Connected to process 2653477 (/apps/applications/Miniconda/25.11.1/envs/pytorch_2.9.1_cuda13/bin/python3.14)
Loading Zamba2 from Zyphra/Zamba2-7B-Instruct …
==PROF== Disconnected from process 2653477
==WARNING== No kernels were profiled.
==WARNING== Note that specified NVTX include expressions match only start/end ranges.
==WARNING== Refer https://docs.nvidia.com/nsi"
27,0.25,108,,,1,1,3.7037037037037033,1,96.2962962962963,No kernels captured in ncu output,,,"==WARNING== Note: Running with unmodified GPU clocks. If not controlled otherwise, profiling results may be inconsistent.
==PROF== Connected to process 2653831 (/apps/applications/Miniconda/25.11.1/envs/pytorch_2.9.1_cuda13/bin/python3.14)
Loading Zamba2 from Zyphra/Zamba2-7B-Instruct …
==PROF== Disconnected from process 2653831
==WARNING== No kernels were profiled.
==WARNING== Note that specified NVTX include expressions match only start/end ranges.
==WARNING== Refer https://docs.nvidia.com/nsi"
27,0.25,108,32768,64,524288,19419,99.9952318557808,2,0.004768144219202686,ncu exit code 1,"==WARNING== Note: Running with unmodified GPU clocks. If not controlled otherwise, profiling results may be inconsistent.
==PROF== Connected to process 2654386 (/apps/applications/Miniconda/25.11.1/envs/pytorch_2.9.1_cuda13/bin/python3.14)
Loading Zamba2 from Zyphra/Zamba2-7B-Instruct …
==PROF== Disconnected from process 2654386
==ERROR== The application returned an error code (1).
","/apps/applications/Miniconda/25.11.1/envs/pytorch_2.9.1_cuda13/lib/python3.14/site-packages/torch/cuda/__init__.py:63: FutureWarning: The pynvml package is deprecated. Please install nvidia-ml-py instead. If you did not install pynvml directly, please report this to the maintainers of the package that installed pynvml for you.
  import pynvml  # type: ignore[import]
Warning: You are sending unauthenticated requests to the HF Hub. Please set a HF_TOKEN to enable higher rate limits and faster downloads.
[transformers] `torch_dtype` is deprecated! Use `dtype` instead!
Traceback (most recent call last):
  File ""/scratch/ehmoon/whlee/prefill-layer-alloc/stage1_sm_scaling/../src/profiling/_ncu_target.py"", line 132, in <module>
    main()
    ~~~~^^
  File ""/scratch/ehmoon/whlee/prefill-layer-alloc/stage1_sm_scaling/../src/profiling/_ncu_target.py"", line 116, in main
    kernel()
    ~~~~~~^^
  File ""/scratch/ehmoon/whlee/prefill-layer-alloc/stage1_sm_scaling/../src/profiling/_ncu_target.py"",",
40,0.37037037037037035,108,,,1,1,2.5,1,97.5,No kernels captured in ncu output,,,"==WARNING== Note: Running with unmodified GPU clocks. If not controlled otherwise, profiling results may be inconsistent.
==PROF== Connected to process 2654554 (/apps/applications/Miniconda/25.11.1/envs/pytorch_2.9.1_cuda13/bin/python3.14)
Loading Zamba2 from Zyphra/Zamba2-7B-Instruct …
==PROF== Disconnected from process 2654554
==WARNING== No kernels were profiled.
==WARNING== Note that specified NVTX include expressions match only start/end ranges.
==WARNING== Refer https://docs.nvidia.com/nsi"
40,0.37037037037037035,108,,,1,1,2.5,1,97.5,No kernels captured in ncu output,,,"==WARNING== Note: Running with unmodified GPU clocks. If not controlled otherwise, profiling results may be inconsistent.
==PROF== Connected to process 2654721 (/apps/applications/Miniconda/25.11.1/envs/pytorch_2.9.1_cuda13/bin/python3.14)
Loading Zamba2 from Zyphra/Zamba2-7B-Instruct …
==PROF== Disconnected from process 2654721
==WARNING== No kernels were profiled.
==WARNING== Note that specified NVTX include expressions match only start/end ranges.
==WARNING== Refer https://docs.nvidia.com/nsi"
40,0.37037037037037035,108,,,1,1,2.5,1,97.5,No kernels captured in ncu output,,,"==WARNING== Note: Running with unmodified GPU clocks. If not controlled otherwise, profiling results may be inconsistent.
==PROF== Connected to process 2654890 (/apps/applications/Miniconda/25.11.1/envs/pytorch_2.9.1_cuda13/bin/python3.14)
Loading Zamba2 from Zyphra/Zamba2-7B-Instruct …
==PROF== Disconnected from process 2654890
==WARNING== No kernels were profiled.
==WARNING== Note that specified NVTX include expressions match only start/end ranges.
==WARNING== Refer https://docs.nvidia.com/nsi"
40,0.37037037037037035,108,,,1,1,2.5,1,97.5,No kernels captured in ncu output,,,"==WARNING== Note: Running with unmodified GPU clocks. If not controlled otherwise, profiling results may be inconsistent.
==PROF== Connected to process 2655058 (/apps/applications/Miniconda/25.11.1/envs/pytorch_2.9.1_cuda13/bin/python3.14)
Loading Zamba2 from Zyphra/Zamba2-7B-Instruct …
==PROF== Disconnected from process 2655058
==WARNING== No kernels were profiled.
==WARNING== Note that specified NVTX include expressions match only start/end ranges.
==WARNING== Refer https://docs.nvidia.com/nsi"
40,0.37037037037037035,108,,,1,1,2.5,1,97.5,No kernels captured in ncu output,,,"==WARNING== Note: Running with unmodified GPU clocks. If not controlled otherwise, profiling results may be inconsistent.
==PROF== Connected to process 2655340 (/apps/applications/Miniconda/25.11.1/envs/pytorch_2.9.1_cuda13/bin/python3.14)
Loading Zamba2 from Zyphra/Zamba2-7B-Instruct …
==PROF== Disconnected from process 2655340
==WARNING== No kernels were profiled.
==WARNING== Note that specified NVTX include expressions match only start/end ranges.
==WARNING== Refer https://docs.nvidia.com/nsi"
40,0.37037037037037035,108,,,1,1,2.5,1,97.5,No kernels captured in ncu output,,,"==WARNING== Note: Running with unmodified GPU clocks. If not controlled otherwise, profiling results may be inconsistent.
==PROF== Connected to process 2655739 (/apps/applications/Miniconda/25.11.1/envs/pytorch_2.9.1_cuda13/bin/python3.14)
Loading Zamba2 from Zyphra/Zamba2-7B-Instruct …
==PROF== Disconnected from process 2655739
==WARNING== No kernels were profiled.
==WARNING== Note that specified NVTX include expressions match only start/end ranges.
==WARNING== Refer https://docs.nvidia.com/nsi"
40,0.37037037037037035,108,,,1,1,2.5,1,97.5,No kernels captured in ncu output,,,"==WARNING== Note: Running with unmodified GPU clocks. If not controlled otherwise, profiling results may be inconsistent.
==PROF== Connected to process 2655909 (/apps/applications/Miniconda/25.11.1/envs/pytorch_2.9.1_cuda13/bin/python3.14)
Loading Zamba2 from Zyphra/Zamba2-7B-Instruct …
==PROF== Disconnected from process 2655909
==WARNING== No kernels were profiled.
==WARNING== Note that specified NVTX include expressions match only start/end ranges.
==WARNING== Refer https://docs.nvidia.com/nsi"
40,0.37037037037037035,108,,,1,1,2.5,1,97.5,No kernels captured in ncu output,,,"==WARNING== Note: Running with unmodified GPU clocks. If not controlled otherwise, profiling results may be inconsistent.
==PROF== Connected to process 2656077 (/apps/applications/Miniconda/25.11.1/envs/pytorch_2.9.1_cuda13/bin/python3.14)
Loading Zamba2 from Zyphra/Zamba2-7B-Instruct …
==PROF== Disconnected from process 2656077
==WARNING== No kernels were profiled.
==WARNING== Note that specified NVTX include expressions match only start/end ranges.
==WARNING== Refer https://docs.nvidia.com/nsi"
40,0.37037037037037035,108,,,1,1,2.5,1,97.5,No kernels captured in ncu output,,,"==WARNING== Note: Running with unmodified GPU clocks. If not controlled otherwise, profiling results may be inconsistent.
==PROF== Connected to process 2656245 (/apps/applications/Miniconda/25.11.1/envs/pytorch_2.9.1_cuda13/bin/python3.14)
Loading Zamba2 from Zyphra/Zamba2-7B-Instruct …
==PROF== Disconnected from process 2656245
==WARNING== No kernels were profiled.
==WARNING== Note that specified NVTX include expressions match only start/end ranges.
==WARNING== Refer https://docs.nvidia.com/nsi"
40,0.37037037037037035,108,,,1,1,2.5,1,97.5,No kernels captured in ncu output,,,"==WARNING== Note: Running with unmodified GPU clocks. If not controlled otherwise, profiling results may be inconsistent.
==PROF== Connected to process 2656415 (/apps/applications/Miniconda/25.11.1/envs/pytorch_2.9.1_cuda13/bin/python3.14)
Loading Zamba2 from Zyphra/Zamba2-7B-Instruct …
==PROF== Disconnected from process 2656415
==WARNING== No kernels were profiled.
==WARNING== Note that specified NVTX include expressions match only start/end ranges.
==WARNING== Refer https://docs.nvidia.com/nsi"
40,0.37037037037037035,108,,,1,1,2.5,1,97.5,No kernels captured in ncu output,,,"==WARNING== Note: Running with unmodified GPU clocks. If not controlled otherwise, profiling results may be inconsistent.
==PROF== Connected to process 2656583 (/apps/applications/Miniconda/25.11.1/envs/pytorch_2.9.1_cuda13/bin/python3.14)
Loading Zamba2 from Zyphra/Zamba2-7B-Instruct …
==PROF== Disconnected from process 2656583
==WARNING== No kernels were profiled.
==WARNING== Note that specified NVTX include expressions match only start/end ranges.
==WARNING== Refer https://docs.nvidia.com/nsi"
40,0.37037037037037035,108,,,1,1,2.5,1,97.5,No kernels captured in ncu output,,,"==WARNING== Note: Running with unmodified GPU clocks. If not controlled otherwise, profiling results may be inconsistent.
==PROF== Connected to process 2656821 (/apps/applications/Miniconda/25.11.1/envs/pytorch_2.9.1_cuda13/bin/python3.14)
Loading Zamba2 from Zyphra/Zamba2-7B-Instruct …
==PROF== Disconnected from process 2656821
==WARNING== No kernels were profiled.
==WARNING== Note that specified NVTX include expressions match only start/end ranges.
==WARNING== Refer https://docs.nvidia.com/nsi"
40,0.37037037037037035,108,,,1,1,2.5,1,97.5,No kernels captured in ncu output,,,"==WARNING== Note: Running with unmodified GPU clocks. If not controlled otherwise, profiling results may be inconsistent.
==PROF== Connected to process 2657265 (/apps/applications/Miniconda/25.11.1/envs/pytorch_2.9.1_cuda13/bin/python3.14)
Loading Zamba2 from Zyphra/Zamba2-7B-Instruct …
==PROF== Disconnected from process 2657265
==WARNING== No kernels were profiled.
==WARNING== Note that specified NVTX include expressions match only start/end ranges.
==WARNING== Refer https://docs.nvidia.com/nsi"
40,0.37037037037037035,108,,,1,1,2.5,1,97.5,No kernels captured in ncu output,,,"==WARNING== Note: Running with unmodified GPU clocks. If not controlled otherwise, profiling results may be inconsistent.
==PROF== Connected to process 2657436 (/apps/applications/Miniconda/25.11.1/envs/pytorch_2.9.1_cuda13/bin/python3.14)
Loading Zamba2 from Zyphra/Zamba2-7B-Instruct …
==PROF== Disconnected from process 2657436
==WARNING== No kernels were profiled.
==WARNING== Note that specified NVTX include expressions match only start/end ranges.
==WARNING== Refer https://docs.nvidia.com/nsi"
40,0.37037037037037035,108,,,1,1,2.5,1,97.5,No kernels captured in ncu output,,,"==WARNING== Note: Running with unmodified GPU clocks. If not controlled otherwise, profiling results may be inconsistent.
==PROF== Connected to process 2657605 (/apps/applications/Miniconda/25.11.1/envs/pytorch_2.9.1_cuda13/bin/python3.14)
Loading Zamba2 from Zyphra/Zamba2-7B-Instruct …
==PROF== Disconnected from process 2657605
==WARNING== No kernels were profiled.
==WARNING== Note that specified NVTX include expressions match only start/end ranges.
==WARNING== Refer https://docs.nvidia.com/nsi"
40,0.37037037037037035,108,,,1,1,2.5,1,97.5,No kernels captured in ncu output,,,"==WARNING== Note: Running with unmodified GPU clocks. If not controlled otherwise, profiling results may be inconsistent.
==PROF== Connected to process 2657773 (/apps/applications/Miniconda/25.11.1/envs/pytorch_2.9.1_cuda13/bin/python3.14)
Loading Zamba2 from Zyphra/Zamba2-7B-Instruct …
==PROF== Disconnected from process 2657773
==WARNING== No kernels were profiled.
==WARNING== Note that specified NVTX include expressions match only start/end ranges.
==WARNING== Refer https://docs.nvidia.com/nsi"
40,0.37037037037037035,108,,,1,1,2.5,1,97.5,No kernels captured in ncu output,,,"==WARNING== Note: Running with unmodified GPU clocks. If not controlled otherwise, profiling results may be inconsistent.
==PROF== Connected to process 2657942 (/apps/applications/Miniconda/25.11.1/envs/pytorch_2.9.1_cuda13/bin/python3.14)
Loading Zamba2 from Zyphra/Zamba2-7B-Instruct …
==PROF== Disconnected from process 2657942
==WARNING== No kernels were profiled.
==WARNING== Note that specified NVTX include expressions match only start/end ranges.
==WARNING== Refer https://docs.nvidia.com/nsi"
40,0.37037037037037035,108,,,1,1,2.5,1,97.5,No kernels captured in ncu output,,,"==WARNING== Note: Running with unmodified GPU clocks. If not controlled otherwise, profiling results may be inconsistent.
==PROF== Connected to process 2658111 (/apps/applications/Miniconda/25.11.1/envs/pytorch_2.9.1_cuda13/bin/python3.14)
Loading Zamba2 from Zyphra/Zamba2-7B-Instruct …
==PROF== Disconnected from process 2658111
==WARNING== No kernels were profiled.
==WARNING== Note that specified NVTX include expressions match only start/end ranges.
==WARNING== Refer https://docs.nvidia.com/nsi"
40,0.37037037037037035,108,,,1,1,2.5,1,97.5,No kernels captured in ncu output,,,"==WARNING== Note: Running with unmodified GPU clocks. If not controlled otherwise, profiling results may be inconsistent.
==PROF== Connected to process 2658828 (/apps/applications/Miniconda/25.11.1/envs/pytorch_2.9.1_cuda13/bin/python3.14)
Loading Zamba2 from Zyphra/Zamba2-7B-Instruct …
==PROF== Disconnected from process 2658828
==WARNING== No kernels were profiled.
==WARNING== Note that specified NVTX include expressions match only start/end ranges.
==WARNING== Refer https://docs.nvidia.com/nsi"
40,0.37037037037037035,108,,,1,1,2.5,1,97.5,No kernels captured in ncu output,,,"==WARNING== Note: Running with unmodified GPU clocks. If not controlled otherwise, profiling results may be inconsistent.
==PROF== Connected to process 2659130 (/apps/applications/Miniconda/25.11.1/envs/pytorch_2.9.1_cuda13/bin/python3.14)
Loading Zamba2 from Zyphra/Zamba2-7B-Instruct …
==PROF== Disconnected from process 2659130
==WARNING== No kernels were profiled.
==WARNING== Note that specified NVTX include expressions match only start/end ranges.
==WARNING== Refer https://docs.nvidia.com/nsi"
40,0.37037037037037035,108,,,1,1,2.5,1,97.5,No kernels captured in ncu output,,,"==WARNING== Note: Running with unmodified GPU clocks. If not controlled otherwise, profiling results may be inconsistent.
==PROF== Connected to process 2659302 (/apps/applications/Miniconda/25.11.1/envs/pytorch_2.9.1_cuda13/bin/python3.14)
Loading Zamba2 from Zyphra/Zamba2-7B-Instruct …
==PROF== Disconnected from process 2659302
==WARNING== No kernels were profiled.
==WARNING== Note that specified NVTX include expressions match only start/end ranges.
==WARNING== Refer https://docs.nvidia.com/nsi"
40,0.37037037037037035,108,,,1,1,2.5,1,97.5,No kernels captured in ncu output,,,"==WARNING== Note: Running with unmodified GPU clocks. If not controlled otherwise, profiling results may be inconsistent.
==PROF== Connected to process 2659471 (/apps/applications/Miniconda/25.11.1/envs/pytorch_2.9.1_cuda13/bin/python3.14)
Loading Zamba2 from Zyphra/Zamba2-7B-Instruct …
==PROF== Disconnected from process 2659471
==WARNING== No kernels were profiled.
==WARNING== Note that specified NVTX include expressions match only start/end ranges.
==WARNING== Refer https://docs.nvidia.com/nsi"
40,0.37037037037037035,108,,,1,1,2.5,1,97.5,No kernels captured in ncu output,,,"==WARNING== Note: Running with unmodified GPU clocks. If not controlled otherwise, profiling results may be inconsistent.
==PROF== Connected to process 2659640 (/apps/applications/Miniconda/25.11.1/envs/pytorch_2.9.1_cuda13/bin/python3.14)
Loading Zamba2 from Zyphra/Zamba2-7B-Instruct …
==PROF== Disconnected from process 2659640
==WARNING== No kernels were profiled.
==WARNING== Note that specified NVTX include expressions match only start/end ranges.
==WARNING== Refer https://docs.nvidia.com/nsi"
40,0.37037037037037035,108,,,1,1,2.5,1,97.5,No kernels captured in ncu output,,,"==WARNING== Note: Running with unmodified GPU clocks. If not controlled otherwise, profiling results may be inconsistent.
==PROF== Connected to process 2659810 (/apps/applications/Miniconda/25.11.1/envs/pytorch_2.9.1_cuda13/bin/python3.14)
Loading Zamba2 from Zyphra/Zamba2-7B-Instruct …
==PROF== Disconnected from process 2659810
==WARNING== No kernels were profiled.
==WARNING== Note that specified NVTX include expressions match only start/end ranges.
==WARNING== Refer https://docs.nvidia.com/nsi"
40,0.37037037037037035,108,,,1,1,2.5,1,97.5,No kernels captured in ncu output,,,"==WARNING== Note: Running with unmodified GPU clocks. If not controlled otherwise, profiling results may be inconsistent.
==PROF== Connected to process 2660231 (/apps/applications/Miniconda/25.11.1/envs/pytorch_2.9.1_cuda13/bin/python3.14)
Loading Zamba2 from Zyphra/Zamba2-7B-Instruct …
==PROF== Disconnected from process 2660231
==WARNING== No kernels were profiled.
==WARNING== Note that specified NVTX include expressions match only start/end ranges.
==WARNING== Refer https://docs.nvidia.com/nsi"
40,0.37037037037037035,108,,,1,1,2.5,1,97.5,No kernels captured in ncu output,,,"==WARNING== Note: Running with unmodified GPU clocks. If not controlled otherwise, profiling results may be inconsistent.
==PROF== Connected to process 2660524 (/apps/applications/Miniconda/25.11.1/envs/pytorch_2.9.1_cuda13/bin/python3.14)
Loading Zamba2 from Zyphra/Zamba2-7B-Instruct …
==PROF== Disconnected from process 2660524
==WARNING== No kernels were profiled.
==WARNING== Note that specified NVTX include expressions match only start/end ranges.
==WARNING== Refer https://docs.nvidia.com/nsi"
40,0.37037037037037035,108,,,1,1,2.5,1,97.5,No kernels captured in ncu output,,,"==WARNING== Note: Running with unmodified GPU clocks. If not controlled otherwise, profiling results may be inconsistent.
==PROF== Connected to process 2660692 (/apps/applications/Miniconda/25.11.1/envs/pytorch_2.9.1_cuda13/bin/python3.14)
Loading Zamba2 from Zyphra/Zamba2-7B-Instruct …
==PROF== Disconnected from process 2660692
==WARNING== No kernels were profiled.
==WARNING== Note that specified NVTX include expressions match only start/end ranges.
==WARNING== Refer https://docs.nvidia.com/nsi"
40,0.37037037037037035,108,,,1,1,2.5,1,97.5,No kernels captured in ncu output,,,"==WARNING== Note: Running with unmodified GPU clocks. If not controlled otherwise, profiling results may be inconsistent.
==PROF== Connected to process 2660861 (/apps/applications/Miniconda/25.11.1/envs/pytorch_2.9.1_cuda13/bin/python3.14)
Loading Zamba2 from Zyphra/Zamba2-7B-Instruct …
==PROF== Disconnected from process 2660861
==WARNING== No kernels were profiled.
==WARNING== Note that specified NVTX include expressions match only start/end ranges.
==WARNING== Refer https://docs.nvidia.com/nsi"
40,0.37037037037037035,108,,,1,1,2.5,1,97.5,No kernels captured in ncu output,,,"==WARNING== Note: Running with unmodified GPU clocks. If not controlled otherwise, profiling results may be inconsistent.
==PROF== Connected to process 2661031 (/apps/applications/Miniconda/25.11.1/envs/pytorch_2.9.1_cuda13/bin/python3.14)
Loading Zamba2 from Zyphra/Zamba2-7B-Instruct …
==PROF== Disconnected from process 2661031
==WARNING== No kernels were profiled.
==WARNING== Note that specified NVTX include expressions match only start/end ranges.
==WARNING== Refer https://docs.nvidia.com/nsi"
40,0.37037037037037035,108,,,1,1,2.5,1,97.5,No kernels captured in ncu output,,,"==WARNING== Note: Running with unmodified GPU clocks. If not controlled otherwise, profiling results may be inconsistent.
==PROF== Connected to process 2661201 (/apps/applications/Miniconda/25.11.1/envs/pytorch_2.9.1_cuda13/bin/python3.14)
Loading Zamba2 from Zyphra/Zamba2-7B-Instruct …
==PROF== Disconnected from process 2661201
==WARNING== No kernels were profiled.
==WARNING== Note that specified NVTX include expressions match only start/end ranges.
==WARNING== Refer https://docs.nvidia.com/nsi"
40,0.37037037037037035,108,,,1,1,2.5,1,97.5,No kernels captured in ncu output,,,"==WARNING== Note: Running with unmodified GPU clocks. If not controlled otherwise, profiling results may be inconsistent.
==PROF== Connected to process 2661749 (/apps/applications/Miniconda/25.11.1/envs/pytorch_2.9.1_cuda13/bin/python3.14)
Loading Zamba2 from Zyphra/Zamba2-7B-Instruct …
==PROF== Disconnected from process 2661749
==WARNING== No kernels were profiled.
==WARNING== Note that specified NVTX include expressions match only start/end ranges.
==WARNING== Refer https://docs.nvidia.com/nsi"
40,0.37037037037037035,108,,,1,1,2.5,1,97.5,No kernels captured in ncu output,,,"==WARNING== Note: Running with unmodified GPU clocks. If not controlled otherwise, profiling results may be inconsistent.
==PROF== Connected to process 2661918 (/apps/applications/Miniconda/25.11.1/envs/pytorch_2.9.1_cuda13/bin/python3.14)
Loading Zamba2 from Zyphra/Zamba2-7B-Instruct …
==PROF== Disconnected from process 2661918
==WARNING== No kernels were profiled.
==WARNING== Note that specified NVTX include expressions match only start/end ranges.
==WARNING== Refer https://docs.nvidia.com/nsi"
40,0.37037037037037035,108,,,1,1,2.5,1,97.5,No kernels captured in ncu output,,,"==WARNING== Note: Running with unmodified GPU clocks. If not controlled otherwise, profiling results may be inconsistent.
==PROF== Connected to process 2662086 (/apps/applications/Miniconda/25.11.1/envs/pytorch_2.9.1_cuda13/bin/python3.14)
Loading Zamba2 from Zyphra/Zamba2-7B-Instruct …
==PROF== Disconnected from process 2662086
==WARNING== No kernels were profiled.
==WARNING== Note that specified NVTX include expressions match only start/end ranges.
==WARNING== Refer https://docs.nvidia.com/nsi"
40,0.37037037037037035,108,,,1,1,2.5,1,97.5,No kernels captured in ncu output,,,"==WARNING== Note: Running with unmodified GPU clocks. If not controlled otherwise, profiling results may be inconsistent.
==PROF== Connected to process 2662265 (/apps/applications/Miniconda/25.11.1/envs/pytorch_2.9.1_cuda13/bin/python3.14)
Loading Zamba2 from Zyphra/Zamba2-7B-Instruct …
==PROF== Disconnected from process 2662265
==WARNING== No kernels were profiled.
==WARNING== Note that specified NVTX include expressions match only start/end ranges.
==WARNING== Refer https://docs.nvidia.com/nsi"
40,0.37037037037037035,108,,,1,1,2.5,1,97.5,No kernels captured in ncu output,,,"==WARNING== Note: Running with unmodified GPU clocks. If not controlled otherwise, profiling results may be inconsistent.
==PROF== Connected to process 2662812 (/apps/applications/Miniconda/25.11.1/envs/pytorch_2.9.1_cuda13/bin/python3.14)
Loading Zamba2 from Zyphra/Zamba2-7B-Instruct …
==PROF== Disconnected from process 2662812
==WARNING== No kernels were profiled.
==WARNING== Note that specified NVTX include expressions match only start/end ranges.
==WARNING== Refer https://docs.nvidia.com/nsi"
40,0.37037037037037035,108,,,1,1,2.5,1,97.5,No kernels captured in ncu output,,,"==WARNING== Note: Running with unmodified GPU clocks. If not controlled otherwise, profiling results may be inconsistent.
==PROF== Connected to process 2662992 (/apps/applications/Miniconda/25.11.1/envs/pytorch_2.9.1_cuda13/bin/python3.14)
Loading Zamba2 from Zyphra/Zamba2-7B-Instruct …
==PROF== Disconnected from process 2662992
==WARNING== No kernels were profiled.
==WARNING== Note that specified NVTX include expressions match only start/end ranges.
==WARNING== Refer https://docs.nvidia.com/nsi"
40,0.37037037037037035,108,,,1,1,2.5,1,97.5,No kernels captured in ncu output,,,"==WARNING== Note: Running with unmodified GPU clocks. If not controlled otherwise, profiling results may be inconsistent.
==PROF== Connected to process 2663161 (/apps/applications/Miniconda/25.11.1/envs/pytorch_2.9.1_cuda13/bin/python3.14)
Loading Zamba2 from Zyphra/Zamba2-7B-Instruct …
==PROF== Disconnected from process 2663161
==WARNING== No kernels were profiled.
==WARNING== Note that specified NVTX include expressions match only start/end ranges.
==WARNING== Refer https://docs.nvidia.com/nsi"
40,0.37037037037037035,108,,,1,1,2.5,1,97.5,No kernels captured in ncu output,,,"==WARNING== Note: Running with unmodified GPU clocks. If not controlled otherwise, profiling results may be inconsistent.
==PROF== Connected to process 2663701 (/apps/applications/Miniconda/25.11.1/envs/pytorch_2.9.1_cuda13/bin/python3.14)
Loading Zamba2 from Zyphra/Zamba2-7B-Instruct …
==PROF== Disconnected from process 2663701
==WARNING== No kernels were profiled.
==WARNING== Note that specified NVTX include expressions match only start/end ranges.
==WARNING== Refer https://docs.nvidia.com/nsi"
40,0.37037037037037035,108,,,1,1,2.5,1,97.5,No kernels captured in ncu output,,,"==WARNING== Note: Running with unmodified GPU clocks. If not controlled otherwise, profiling results may be inconsistent.
==PROF== Connected to process 2663877 (/apps/applications/Miniconda/25.11.1/envs/pytorch_2.9.1_cuda13/bin/python3.14)
Loading Zamba2 from Zyphra/Zamba2-7B-Instruct …
==PROF== Disconnected from process 2663877
==WARNING== No kernels were profiled.
==WARNING== Note that specified NVTX include expressions match only start/end ranges.
==WARNING== Refer https://docs.nvidia.com/nsi"
40,0.37037037037037035,108,32768,64,524288,13108,99.99389685688129,8,0.006103143118707521,ncu exit code 1,"==WARNING== Note: Running with unmodified GPU clocks. If not controlled otherwise, profiling results may be inconsistent.
==PROF== Connected to process 2664763 (/apps/applications/Miniconda/25.11.1/envs/pytorch_2.9.1_cuda13/bin/python3.14)
Loading Zamba2 from Zyphra/Zamba2-7B-Instruct …
==PROF== Disconnected from process 2664763
==ERROR== The application returned an error code (1).
","/apps/applications/Miniconda/25.11.1/envs/pytorch_2.9.1_cuda13/lib/python3.14/site-packages/torch/cuda/__init__.py:63: FutureWarning: The pynvml package is deprecated. Please install nvidia-ml-py instead. If you did not install pynvml directly, please report this to the maintainers of the package that installed pynvml for you.
  import pynvml  # type: ignore[import]
Warning: You are sending unauthenticated requests to the HF Hub. Please set a HF_TOKEN to enable higher rate limits and faster downloads.
[transformers] `torch_dtype` is deprecated! Use `dtype` instead!
Traceback (most recent call last):
  File ""/scratch/ehmoon/whlee/prefill-layer-alloc/stage1_sm_scaling/../src/profiling/_ncu_target.py"", line 132, in <module>
    main()
    ~~~~^^
  File ""/scratch/ehmoon/whlee/prefill-layer-alloc/stage1_sm_scaling/../src/profiling/_ncu_target.py"", line 116, in main
    kernel()
    ~~~~~~^^
  File ""/scratch/ehmoon/whlee/prefill-layer-alloc/stage1_sm_scaling/../src/profiling/_ncu_target.py"",",
54,0.5,108,,,1,1,1.8518518518518516,1,98.14814814814815,No kernels captured in ncu output,,,"==WARNING== Note: Running with unmodified GPU clocks. If not controlled otherwise, profiling results may be inconsistent.
==PROF== Connected to process 2664932 (/apps/applications/Miniconda/25.11.1/envs/pytorch_2.9.1_cuda13/bin/python3.14)
Loading Zamba2 from Zyphra/Zamba2-7B-Instruct …
==PROF== Disconnected from process 2664932
==WARNING== No kernels were profiled.
==WARNING== Note that specified NVTX include expressions match only start/end ranges.
==WARNING== Refer https://docs.nvidia.com/nsi"
54,0.5,108,,,1,1,1.8518518518518516,1,98.14814814814815,No kernels captured in ncu output,,,"==WARNING== Note: Running with unmodified GPU clocks. If not controlled otherwise, profiling results may be inconsistent.
==PROF== Connected to process 2665100 (/apps/applications/Miniconda/25.11.1/envs/pytorch_2.9.1_cuda13/bin/python3.14)
Loading Zamba2 from Zyphra/Zamba2-7B-Instruct …
==PROF== Disconnected from process 2665100
==WARNING== No kernels were profiled.
==WARNING== Note that specified NVTX include expressions match only start/end ranges.
==WARNING== Refer https://docs.nvidia.com/nsi"
54,0.5,108,,,1,1,1.8518518518518516,1,98.14814814814815,No kernels captured in ncu output,,,"==WARNING== Note: Running with unmodified GPU clocks. If not controlled otherwise, profiling results may be inconsistent.
==PROF== Connected to process 2665268 (/apps/applications/Miniconda/25.11.1/envs/pytorch_2.9.1_cuda13/bin/python3.14)
Loading Zamba2 from Zyphra/Zamba2-7B-Instruct …
==PROF== Disconnected from process 2665268
==WARNING== No kernels were profiled.
==WARNING== Note that specified NVTX include expressions match only start/end ranges.
==WARNING== Refer https://docs.nvidia.com/nsi"
54,0.5,108,,,1,1,1.8518518518518516,1,98.14814814814815,No kernels captured in ncu output,,,"==WARNING== Note: Running with unmodified GPU clocks. If not controlled otherwise, profiling results may be inconsistent.
==PROF== Connected to process 2665435 (/apps/applications/Miniconda/25.11.1/envs/pytorch_2.9.1_cuda13/bin/python3.14)
Loading Zamba2 from Zyphra/Zamba2-7B-Instruct …
==PROF== Disconnected from process 2665435
==WARNING== No kernels were profiled.
==WARNING== Note that specified NVTX include expressions match only start/end ranges.
==WARNING== Refer https://docs.nvidia.com/nsi"
54,0.5,108,,,1,1,1.8518518518518516,1,98.14814814814815,No kernels captured in ncu output,,,"==WARNING== Note: Running with unmodified GPU clocks. If not controlled otherwise, profiling results may be inconsistent.
==PROF== Connected to process 2665774 (/apps/applications/Miniconda/25.11.1/envs/pytorch_2.9.1_cuda13/bin/python3.14)
Loading Zamba2 from Zyphra/Zamba2-7B-Instruct …
==PROF== Disconnected from process 2665774
==WARNING== No kernels were profiled.
==WARNING== Note that specified NVTX include expressions match only start/end ranges.
==WARNING== Refer https://docs.nvidia.com/nsi"
54,0.5,108,,,1,1,1.8518518518518516,1,98.14814814814815,No kernels captured in ncu output,,,"==WARNING== Note: Running with unmodified GPU clocks. If not controlled otherwise, profiling results may be inconsistent.
==PROF== Connected to process 2665943 (/apps/applications/Miniconda/25.11.1/envs/pytorch_2.9.1_cuda13/bin/python3.14)
Loading Zamba2 from Zyphra/Zamba2-7B-Instruct …
==PROF== Disconnected from process 2665943
==WARNING== No kernels were profiled.
==WARNING== Note that specified NVTX include expressions match only start/end ranges.
==WARNING== Refer https://docs.nvidia.com/nsi"
54,0.5,108,,,1,1,1.8518518518518516,1,98.14814814814815,No kernels captured in ncu output,,,"==WARNING== Note: Running with unmodified GPU clocks. If not controlled otherwise, profiling results may be inconsistent.
==PROF== Connected to process 2666832 (/apps/applications/Miniconda/25.11.1/envs/pytorch_2.9.1_cuda13/bin/python3.14)
Loading Zamba2 from Zyphra/Zamba2-7B-Instruct …
==PROF== Disconnected from process 2666832
==WARNING== No kernels were profiled.
==WARNING== Note that specified NVTX include expressions match only start/end ranges.
==WARNING== Refer https://docs.nvidia.com/nsi"
54,0.5,108,,,1,1,1.8518518518518516,1,98.14814814814815,No kernels captured in ncu output,,,"==WARNING== Note: Running with unmodified GPU clocks. If not controlled otherwise, profiling results may be inconsistent.
==PROF== Connected to process 2667000 (/apps/applications/Miniconda/25.11.1/envs/pytorch_2.9.1_cuda13/bin/python3.14)
Loading Zamba2 from Zyphra/Zamba2-7B-Instruct …
==PROF== Disconnected from process 2667000
==WARNING== No kernels were profiled.
==WARNING== Note that specified NVTX include expressions match only start/end ranges.
==WARNING== Refer https://docs.nvidia.com/nsi"
54,0.5,108,,,1,1,1.8518518518518516,1,98.14814814814815,No kernels captured in ncu output,,,"==WARNING== Note: Running with unmodified GPU clocks. If not controlled otherwise, profiling results may be inconsistent.
==PROF== Connected to process 2667172 (/apps/applications/Miniconda/25.11.1/envs/pytorch_2.9.1_cuda13/bin/python3.14)
Loading Zamba2 from Zyphra/Zamba2-7B-Instruct …
==PROF== Disconnected from process 2667172
==WARNING== No kernels were profiled.
==WARNING== Note that specified NVTX include expressions match only start/end ranges.
==WARNING== Refer https://docs.nvidia.com/nsi"
54,0.5,108,,,1,1,1.8518518518518516,1,98.14814814814815,No kernels captured in ncu output,,,"==WARNING== Note: Running with unmodified GPU clocks. If not controlled otherwise, profiling results may be inconsistent.
==PROF== Connected to process 2667341 (/apps/applications/Miniconda/25.11.1/envs/pytorch_2.9.1_cuda13/bin/python3.14)
Loading Zamba2 from Zyphra/Zamba2-7B-Instruct …
==PROF== Disconnected from process 2667341
==WARNING== No kernels were profiled.
==WARNING== Note that specified NVTX include expressions match only start/end ranges.
==WARNING== Refer https://docs.nvidia.com/nsi"
54,0.5,108,,,1,1,1.8518518518518516,1,98.14814814814815,No kernels captured in ncu output,,,"==WARNING== Note: Running with unmodified GPU clocks. If not controlled otherwise, profiling results may be inconsistent.
==PROF== Connected to process 2667509 (/apps/applications/Miniconda/25.11.1/envs/pytorch_2.9.1_cuda13/bin/python3.14)
Loading Zamba2 from Zyphra/Zamba2-7B-Instruct …
==PROF== Disconnected from process 2667509
==WARNING== No kernels were profiled.
==WARNING== Note that specified NVTX include expressions match only start/end ranges.
==WARNING== Refer https://docs.nvidia.com/nsi"
54,0.5,108,,,1,1,1.8518518518518516,1,98.14814814814815,No kernels captured in ncu output,,,"==WARNING== Note: Running with unmodified GPU clocks. If not controlled otherwise, profiling results may be inconsistent.
==PROF== Connected to process 2667679 (/apps/applications/Miniconda/25.11.1/envs/pytorch_2.9.1_cuda13/bin/python3.14)
Loading Zamba2 from Zyphra/Zamba2-7B-Instruct …
==PROF== Disconnected from process 2667679
==WARNING== No kernels were profiled.
==WARNING== Note that specified NVTX include expressions match only start/end ranges.
==WARNING== Refer https://docs.nvidia.com/nsi"
54,0.5,108,,,1,1,1.8518518518518516,1,98.14814814814815,No kernels captured in ncu output,,,"==WARNING== Note: Running with unmodified GPU clocks. If not controlled otherwise, profiling results may be inconsistent.
==PROF== Connected to process 2667847 (/apps/applications/Miniconda/25.11.1/envs/pytorch_2.9.1_cuda13/bin/python3.14)
Loading Zamba2 from Zyphra/Zamba2-7B-Instruct …
==PROF== Disconnected from process 2667847
==WARNING== No kernels were profiled.
==WARNING== Note that specified NVTX include expressions match only start/end ranges.
==WARNING== Refer https://docs.nvidia.com/nsi"
54,0.5,108,,,1,1,1.8518518518518516,1,98.14814814814815,No kernels captured in ncu output,,,"==WARNING== Note: Running with unmodified GPU clocks. If not controlled otherwise, profiling results may be inconsistent.
==PROF== Connected to process 2668368 (/apps/applications/Miniconda/25.11.1/envs/pytorch_2.9.1_cuda13/bin/python3.14)
Loading Zamba2 from Zyphra/Zamba2-7B-Instruct …
==PROF== Disconnected from process 2668368
==WARNING== No kernels were profiled.
==WARNING== Note that specified NVTX include expressions match only start/end ranges.
==WARNING== Refer https://docs.nvidia.com/nsi"
54,0.5,108,,,1,1,1.8518518518518516,1,98.14814814814815,No kernels captured in ncu output,,,"==WARNING== Note: Running with unmodified GPU clocks. If not controlled otherwise, profiling results may be inconsistent.
==PROF== Connected to process 2668537 (/apps/applications/Miniconda/25.11.1/envs/pytorch_2.9.1_cuda13/bin/python3.14)
Loading Zamba2 from Zyphra/Zamba2-7B-Instruct …
==PROF== Disconnected from process 2668537
==WARNING== No kernels were profiled.
==WARNING== Note that specified NVTX include expressions match only start/end ranges.
==WARNING== Refer https://docs.nvidia.com/nsi"
54,0.5,108,,,1,1,1.8518518518518516,1,98.14814814814815,No kernels captured in ncu output,,,"==WARNING== Note: Running with unmodified GPU clocks. If not controlled otherwise, profiling results may be inconsistent.
==PROF== Connected to process 2668705 (/apps/applications/Miniconda/25.11.1/envs/pytorch_2.9.1_cuda13/bin/python3.14)
Loading Zamba2 from Zyphra/Zamba2-7B-Instruct …
==PROF== Disconnected from process 2668705
==WARNING== No kernels were profiled.
==WARNING== Note that specified NVTX include expressions match only start/end ranges.
==WARNING== Refer https://docs.nvidia.com/nsi"
54,0.5,108,,,1,1,1.8518518518518516,1,98.14814814814815,No kernels captured in ncu output,,,"==WARNING== Note: Running with unmodified GPU clocks. If not controlled otherwise, profiling results may be inconsistent.
==PROF== Connected to process 2668877 (/apps/applications/Miniconda/25.11.1/envs/pytorch_2.9.1_cuda13/bin/python3.14)
Loading Zamba2 from Zyphra/Zamba2-7B-Instruct …
==PROF== Disconnected from process 2668877
==WARNING== No kernels were profiled.
==WARNING== Note that specified NVTX include expressions match only start/end ranges.
==WARNING== Refer https://docs.nvidia.com/nsi"
54,0.5,108,,,1,1,1.8518518518518516,1,98.14814814814815,No kernels captured in ncu output,,,"==WARNING== Note: Running with unmodified GPU clocks. If not controlled otherwise, profiling results may be inconsistent.
==PROF== Connected to process 2669045 (/apps/applications/Miniconda/25.11.1/envs/pytorch_2.9.1_cuda13/bin/python3.14)
Loading Zamba2 from Zyphra/Zamba2-7B-Instruct …
==PROF== Disconnected from process 2669045
==WARNING== No kernels were profiled.
==WARNING== Note that specified NVTX include expressions match only start/end ranges.
==WARNING== Refer https://docs.nvidia.com/nsi"
54,0.5,108,,,1,1,1.8518518518518516,1,98.14814814814815,No kernels captured in ncu output,,,"==WARNING== Note: Running with unmodified GPU clocks. If not controlled otherwise, profiling results may be inconsistent.
==PROF== Connected to process 2669216 (/apps/applications/Miniconda/25.11.1/envs/pytorch_2.9.1_cuda13/bin/python3.14)
Loading Zamba2 from Zyphra/Zamba2-7B-Instruct …
==PROF== Disconnected from process 2669216
==WARNING== No kernels were profiled.
==WARNING== Note that specified NVTX include expressions match only start/end ranges.
==WARNING== Refer https://docs.nvidia.com/nsi"
54,0.5,108,,,1,1,1.8518518518518516,1,98.14814814814815,No kernels captured in ncu output,,,"==WARNING== Note: Running with unmodified GPU clocks. If not controlled otherwise, profiling results may be inconsistent.
==PROF== Connected to process 2669384 (/apps/applications/Miniconda/25.11.1/envs/pytorch_2.9.1_cuda13/bin/python3.14)
Loading Zamba2 from Zyphra/Zamba2-7B-Instruct …
==PROF== Disconnected from process 2669384
==WARNING== No kernels were profiled.
==WARNING== Note that specified NVTX include expressions match only start/end ranges.
==WARNING== Refer https://docs.nvidia.com/nsi"
54,0.5,108,,,1,1,1.8518518518518516,1,98.14814814814815,No kernels captured in ncu output,,,"==WARNING== Note: Running with unmodified GPU clocks. If not controlled otherwise, profiling results may be inconsistent.
==PROF== Connected to process 2669881 (/apps/applications/Miniconda/25.11.1/envs/pytorch_2.9.1_cuda13/bin/python3.14)
Loading Zamba2 from Zyphra/Zamba2-7B-Instruct …
==PROF== Disconnected from process 2669881
==WARNING== No kernels were profiled.
==WARNING== Note that specified NVTX include expressions match only start/end ranges.
==WARNING== Refer https://docs.nvidia.com/nsi"
54,0.5,108,,,1,1,1.8518518518518516,1,98.14814814814815,No kernels captured in ncu output,,,"==WARNING== Note: Running with unmodified GPU clocks. If not controlled otherwise, profiling results may be inconsistent.
==PROF== Connected to process 2670049 (/apps/applications/Miniconda/25.11.1/envs/pytorch_2.9.1_cuda13/bin/python3.14)
Loading Zamba2 from Zyphra/Zamba2-7B-Instruct …
==PROF== Disconnected from process 2670049
==WARNING== No kernels were profiled.
==WARNING== Note that specified NVTX include expressions match only start/end ranges.
==WARNING== Refer https://docs.nvidia.com/nsi"
54,0.5,108,,,1,1,1.8518518518518516,1,98.14814814814815,No kernels captured in ncu output,,,"==WARNING== Note: Running with unmodified GPU clocks. If not controlled otherwise, profiling results may be inconsistent.
==PROF== Connected to process 2670218 (/apps/applications/Miniconda/25.11.1/envs/pytorch_2.9.1_cuda13/bin/python3.14)
Loading Zamba2 from Zyphra/Zamba2-7B-Instruct …
==PROF== Disconnected from process 2670218
==WARNING== No kernels were profiled.
==WARNING== Note that specified NVTX include expressions match only start/end ranges.
==WARNING== Refer https://docs.nvidia.com/nsi"
54,0.5,108,,,1,1,1.8518518518518516,1,98.14814814814815,No kernels captured in ncu output,,,"==WARNING== Note: Running with unmodified GPU clocks. If not controlled otherwise, profiling results may be inconsistent.
==PROF== Connected to process 2670386 (/apps/applications/Miniconda/25.11.1/envs/pytorch_2.9.1_cuda13/bin/python3.14)
Loading Zamba2 from Zyphra/Zamba2-7B-Instruct …
==PROF== Disconnected from process 2670386
==WARNING== No kernels were profiled.
==WARNING== Note that specified NVTX include expressions match only start/end ranges.
==WARNING== Refer https://docs.nvidia.com/nsi"
54,0.5,108,,,1,1,1.8518518518518516,1,98.14814814814815,No kernels captured in ncu output,,,"==WARNING== Note: Running with unmodified GPU clocks. If not controlled otherwise, profiling results may be inconsistent.
==PROF== Connected to process 2670557 (/apps/applications/Miniconda/25.11.1/envs/pytorch_2.9.1_cuda13/bin/python3.14)
Loading Zamba2 from Zyphra/Zamba2-7B-Instruct …
==PROF== Disconnected from process 2670557
==WARNING== No kernels were profiled.
==WARNING== Note that specified NVTX include expressions match only start/end ranges.
==WARNING== Refer https://docs.nvidia.com/nsi"
54,0.5,108,,,1,1,1.8518518518518516,1,98.14814814814815,No kernels captured in ncu output,,,"==WARNING== Note: Running with unmodified GPU clocks. If not controlled otherwise, profiling results may be inconsistent.
==PROF== Connected to process 2670727 (/apps/applications/Miniconda/25.11.1/envs/pytorch_2.9.1_cuda13/bin/python3.14)
Loading Zamba2 from Zyphra/Zamba2-7B-Instruct …
==PROF== Disconnected from process 2670727
==WARNING== No kernels were profiled.
==WARNING== Note that specified NVTX include expressions match only start/end ranges.
==WARNING== Refer https://docs.nvidia.com/nsi"
54,0.5,108,,,1,1,1.8518518518518516,1,98.14814814814815,No kernels captured in ncu output,,,"==WARNING== Note: Running with unmodified GPU clocks. If not controlled otherwise, profiling results may be inconsistent.
==PROF== Connected to process 2671220 (/apps/applications/Miniconda/25.11.1/envs/pytorch_2.9.1_cuda13/bin/python3.14)
Loading Zamba2 from Zyphra/Zamba2-7B-Instruct …
==PROF== Disconnected from process 2671220
==WARNING== No kernels were profiled.
==WARNING== Note that specified NVTX include expressions match only start/end ranges.
==WARNING== Refer https://docs.nvidia.com/nsi"
54,0.5,108,,,1,1,1.8518518518518516,1,98.14814814814815,No kernels captured in ncu output,,,"==WARNING== Note: Running with unmodified GPU clocks. If not controlled otherwise, profiling results may be inconsistent.
==PROF== Connected to process 2671388 (/apps/applications/Miniconda/25.11.1/envs/pytorch_2.9.1_cuda13/bin/python3.14)
Loading Zamba2 from Zyphra/Zamba2-7B-Instruct …
==PROF== Disconnected from process 2671388
==WARNING== No kernels were profiled.
==WARNING== Note that specified NVTX include expressions match only start/end ranges.
==WARNING== Refer https://docs.nvidia.com/nsi"
54,0.5,108,,,1,1,1.8518518518518516,1,98.14814814814815,No kernels captured in ncu output,,,"==WARNING== Note: Running with unmodified GPU clocks. If not controlled otherwise, profiling results may be inconsistent.
==PROF== Connected to process 2671558 (/apps/applications/Miniconda/25.11.1/envs/pytorch_2.9.1_cuda13/bin/python3.14)
Loading Zamba2 from Zyphra/Zamba2-7B-Instruct …
==PROF== Disconnected from process 2671558
==WARNING== No kernels were profiled.
==WARNING== Note that specified NVTX include expressions match only start/end ranges.
==WARNING== Refer https://docs.nvidia.com/nsi"
54,0.5,108,,,1,1,1.8518518518518516,1,98.14814814814815,No kernels captured in ncu output,,,"==WARNING== Note: Running with unmodified GPU clocks. If not controlled otherwise, profiling results may be inconsistent.
==PROF== Connected to process 2671728 (/apps/applications/Miniconda/25.11.1/envs/pytorch_2.9.1_cuda13/bin/python3.14)
Loading Zamba2 from Zyphra/Zamba2-7B-Instruct …
==PROF== Disconnected from process 2671728
==WARNING== No kernels were profiled.
==WARNING== Note that specified NVTX include expressions match only start/end ranges.
==WARNING== Refer https://docs.nvidia.com/nsi"
54,0.5,108,,,1,1,1.8518518518518516,1,98.14814814814815,No kernels captured in ncu output,,,"==WARNING== Note: Running with unmodified GPU clocks. If not controlled otherwise, profiling results may be inconsistent.
==PROF== Connected to process 2672287 (/apps/applications/Miniconda/25.11.1/envs/pytorch_2.9.1_cuda13/bin/python3.14)
Loading Zamba2 from Zyphra/Zamba2-7B-Instruct …
==PROF== Disconnected from process 2672287
==WARNING== No kernels were profiled.
==WARNING== Note that specified NVTX include expressions match only start/end ranges.
==WARNING== Refer https://docs.nvidia.com/nsi"
54,0.5,108,,,1,1,1.8518518518518516,1,98.14814814814815,No kernels captured in ncu output,,,"==WARNING== Note: Running with unmodified GPU clocks. If not controlled otherwise, profiling results may be inconsistent.
==PROF== Connected to process 2672706 (/apps/applications/Miniconda/25.11.1/envs/pytorch_2.9.1_cuda13/bin/python3.14)
Loading Zamba2 from Zyphra/Zamba2-7B-Instruct …
==PROF== Disconnected from process 2672706
==WARNING== No kernels were profiled.
==WARNING== Note that specified NVTX include expressions match only start/end ranges.
==WARNING== Refer https://docs.nvidia.com/nsi"
54,0.5,108,,,1,1,1.8518518518518516,1,98.14814814814815,No kernels captured in ncu output,,,"==WARNING== Note: Running with unmodified GPU clocks. If not controlled otherwise, profiling results may be inconsistent.
==PROF== Connected to process 2672875 (/apps/applications/Miniconda/25.11.1/envs/pytorch_2.9.1_cuda13/bin/python3.14)
Loading Zamba2 from Zyphra/Zamba2-7B-Instruct …
==PROF== Disconnected from process 2672875
==WARNING== No kernels were profiled.
==WARNING== Note that specified NVTX include expressions match only start/end ranges.
==WARNING== Refer https://docs.nvidia.com/nsi"
54,0.5,108,,,1,1,1.8518518518518516,1,98.14814814814815,No kernels captured in ncu output,,,"==WARNING== Note: Running with unmodified GPU clocks. If not controlled otherwise, profiling results may be inconsistent.
==PROF== Connected to process 2673046 (/apps/applications/Miniconda/25.11.1/envs/pytorch_2.9.1_cuda13/bin/python3.14)
Loading Zamba2 from Zyphra/Zamba2-7B-Instruct …
==PROF== Disconnected from process 2673046
==WARNING== No kernels were profiled.
==WARNING== Note that specified NVTX include expressions match only start/end ranges.
==WARNING== Refer https://docs.nvidia.com/nsi"
54,0.5,108,,,1,1,1.8518518518518516,1,98.14814814814815,No kernels captured in ncu output,,,"==WARNING== Note: Running with unmodified GPU clocks. If not controlled otherwise, profiling results may be inconsistent.
==PROF== Connected to process 2673221 (/apps/applications/Miniconda/25.11.1/envs/pytorch_2.9.1_cuda13/bin/python3.14)
Loading Zamba2 from Zyphra/Zamba2-7B-Instruct …
==PROF== Disconnected from process 2673221
==WARNING== No kernels were profiled.
==WARNING== Note that specified NVTX include expressions match only start/end ranges.
==WARNING== Refer https://docs.nvidia.com/nsi"
54,0.5,108,,,1,1,1.8518518518518516,1,98.14814814814815,No kernels captured in ncu output,,,"==WARNING== Note: Running with unmodified GPU clocks. If not controlled otherwise, profiling results may be inconsistent.
==PROF== Connected to process 2673750 (/apps/applications/Miniconda/25.11.1/envs/pytorch_2.9.1_cuda13/bin/python3.14)
Loading Zamba2 from Zyphra/Zamba2-7B-Instruct …
==PROF== Disconnected from process 2673750
==WARNING== No kernels were profiled.
==WARNING== Note that specified NVTX include expressions match only start/end ranges.
==WARNING== Refer https://docs.nvidia.com/nsi"
54,0.5,108,,,1,1,1.8518518518518516,1,98.14814814814815,No kernels captured in ncu output,,,"==WARNING== Note: Running with unmodified GPU clocks. If not controlled otherwise, profiling results may be inconsistent.
==PROF== Connected to process 2673919 (/apps/applications/Miniconda/25.11.1/envs/pytorch_2.9.1_cuda13/bin/python3.14)
Loading Zamba2 from Zyphra/Zamba2-7B-Instruct …
==PROF== Disconnected from process 2673919
==WARNING== No kernels were profiled.
==WARNING== Note that specified NVTX include expressions match only start/end ranges.
==WARNING== Refer https://docs.nvidia.com/nsi"
54,0.5,108,,,1,1,1.8518518518518516,1,98.14814814814815,No kernels captured in ncu output,,,"==WARNING== Note: Running with unmodified GPU clocks. If not controlled otherwise, profiling results may be inconsistent.
==PROF== Connected to process 2674087 (/apps/applications/Miniconda/25.11.1/envs/pytorch_2.9.1_cuda13/bin/python3.14)
Loading Zamba2 from Zyphra/Zamba2-7B-Instruct …
==PROF== Disconnected from process 2674087
==WARNING== No kernels were profiled.
==WARNING== Note that specified NVTX include expressions match only start/end ranges.
==WARNING== Refer https://docs.nvidia.com/nsi"
54,0.5,108,,,1,1,1.8518518518518516,1,98.14814814814815,No kernels captured in ncu output,,,"==WARNING== Note: Running with unmodified GPU clocks. If not controlled otherwise, profiling results may be inconsistent.
==PROF== Connected to process 2674261 (/apps/applications/Miniconda/25.11.1/envs/pytorch_2.9.1_cuda13/bin/python3.14)
Loading Zamba2 from Zyphra/Zamba2-7B-Instruct …
==PROF== Disconnected from process 2674261
==WARNING== No kernels were profiled.
==WARNING== Note that specified NVTX include expressions match only start/end ranges.
==WARNING== Refer https://docs.nvidia.com/nsi"
54,0.5,108,32768,64,524288,9710,99.99008277072129,2,0.00991722927871086,ncu exit code 1,"==WARNING== Note: Running with unmodified GPU clocks. If not controlled otherwise, profiling results may be inconsistent.
==PROF== Connected to process 2674790 (/apps/applications/Miniconda/25.11.1/envs/pytorch_2.9.1_cuda13/bin/python3.14)
Loading Zamba2 from Zyphra/Zamba2-7B-Instruct …
==PROF== Disconnected from process 2674790
==ERROR== The application returned an error code (1).
","/apps/applications/Miniconda/25.11.1/envs/pytorch_2.9.1_cuda13/lib/python3.14/site-packages/torch/cuda/__init__.py:63: FutureWarning: The pynvml package is deprecated. Please install nvidia-ml-py instead. If you did not install pynvml directly, please report this to the maintainers of the package that installed pynvml for you.
  import pynvml  # type: ignore[import]
Warning: You are sending unauthenticated requests to the HF Hub. Please set a HF_TOKEN to enable higher rate limits and faster downloads.
[transformers] `torch_dtype` is deprecated! Use `dtype` instead!
Traceback (most recent call last):
  File ""/scratch/ehmoon/whlee/prefill-layer-alloc/stage1_sm_scaling/../src/profiling/_ncu_target.py"", line 132, in <module>
    main()
    ~~~~^^
  File ""/scratch/ehmoon/whlee/prefill-layer-alloc/stage1_sm_scaling/../src/profiling/_ncu_target.py"", line 116, in main
    kernel()
    ~~~~~~^^
  File ""/scratch/ehmoon/whlee/prefill-layer-alloc/stage1_sm_scaling/../src/profiling/_ncu_target.py"",",
68,0.6296296296296297,108,,,1,1,1.4705882352941175,1,98.52941176470588,No kernels captured in ncu output,,,"==WARNING== Note: Running with unmodified GPU clocks. If not controlled otherwise, profiling results may be inconsistent.
==PROF== Connected to process 2674959 (/apps/applications/Miniconda/25.11.1/envs/pytorch_2.9.1_cuda13/bin/python3.14)
Loading Zamba2 from Zyphra/Zamba2-7B-Instruct …
==PROF== Disconnected from process 2674959
==WARNING== No kernels were profiled.
==WARNING== Note that specified NVTX include expressions match only start/end ranges.
==WARNING== Refer https://docs.nvidia.com/nsi"
68,0.6296296296296297,108,,,1,1,1.4705882352941175,1,98.52941176470588,No kernels captured in ncu output,,,"==WARNING== Note: Running with unmodified GPU clocks. If not controlled otherwise, profiling results may be inconsistent.
==PROF== Connected to process 2675128 (/apps/applications/Miniconda/25.11.1/envs/pytorch_2.9.1_cuda13/bin/python3.14)
Loading Zamba2 from Zyphra/Zamba2-7B-Instruct …
==PROF== Disconnected from process 2675128
==WARNING== No kernels were profiled.
==WARNING== Note that specified NVTX include expressions match only start/end ranges.
==WARNING== Refer https://docs.nvidia.com/nsi"
68,0.6296296296296297,108,,,1,1,1.4705882352941175,1,98.52941176470588,No kernels captured in ncu output,,,"==WARNING== Note: Running with unmodified GPU clocks. If not controlled otherwise, profiling results may be inconsistent.
==PROF== Connected to process 2675294 (/apps/applications/Miniconda/25.11.1/envs/pytorch_2.9.1_cuda13/bin/python3.14)
Loading Zamba2 from Zyphra/Zamba2-7B-Instruct …
==PROF== Disconnected from process 2675294
==WARNING== No kernels were profiled.
==WARNING== Note that specified NVTX include expressions match only start/end ranges.
==WARNING== Refer https://docs.nvidia.com/nsi"
68,0.6296296296296297,108,,,1,1,1.4705882352941175,1,98.52941176470588,No kernels captured in ncu output,,,"==WARNING== Note: Running with unmodified GPU clocks. If not controlled otherwise, profiling results may be inconsistent.
==PROF== Connected to process 2675462 (/apps/applications/Miniconda/25.11.1/envs/pytorch_2.9.1_cuda13/bin/python3.14)
Loading Zamba2 from Zyphra/Zamba2-7B-Instruct …
==PROF== Disconnected from process 2675462
==WARNING== No kernels were profiled.
==WARNING== Note that specified NVTX include expressions match only start/end ranges.
==WARNING== Refer https://docs.nvidia.com/nsi"
68,0.6296296296296297,108,,,1,1,1.4705882352941175,1,98.52941176470588,No kernels captured in ncu output,,,"==WARNING== Note: Running with unmodified GPU clocks. If not controlled otherwise, profiling results may be inconsistent.
==PROF== Connected to process 2675984 (/apps/applications/Miniconda/25.11.1/envs/pytorch_2.9.1_cuda13/bin/python3.14)
Loading Zamba2 from Zyphra/Zamba2-7B-Instruct …
==PROF== Disconnected from process 2675984
==WARNING== No kernels were profiled.
==WARNING== Note that specified NVTX include expressions match only start/end ranges.
==WARNING== Refer https://docs.nvidia.com/nsi"
68,0.6296296296296297,108,,,1,1,1.4705882352941175,1,98.52941176470588,No kernels captured in ncu output,,,"==WARNING== Note: Running with unmodified GPU clocks. If not controlled otherwise, profiling results may be inconsistent.
==PROF== Connected to process 2676153 (/apps/applications/Miniconda/25.11.1/envs/pytorch_2.9.1_cuda13/bin/python3.14)
Loading Zamba2 from Zyphra/Zamba2-7B-Instruct …
==PROF== Disconnected from process 2676153
==WARNING== No kernels were profiled.
==WARNING== Note that specified NVTX include expressions match only start/end ranges.
==WARNING== Refer https://docs.nvidia.com/nsi"
68,0.6296296296296297,108,,,1,1,1.4705882352941175,1,98.52941176470588,No kernels captured in ncu output,,,"==WARNING== Note: Running with unmodified GPU clocks. If not controlled otherwise, profiling results may be inconsistent.
==PROF== Connected to process 2676320 (/apps/applications/Miniconda/25.11.1/envs/pytorch_2.9.1_cuda13/bin/python3.14)
Loading Zamba2 from Zyphra/Zamba2-7B-Instruct …
==PROF== Disconnected from process 2676320
==WARNING== No kernels were profiled.
==WARNING== Note that specified NVTX include expressions match only start/end ranges.
==WARNING== Refer https://docs.nvidia.com/nsi"
68,0.6296296296296297,108,,,1,1,1.4705882352941175,1,98.52941176470588,No kernels captured in ncu output,,,"==WARNING== Note: Running with unmodified GPU clocks. If not controlled otherwise, profiling results may be inconsistent.
==PROF== Connected to process 2676489 (/apps/applications/Miniconda/25.11.1/envs/pytorch_2.9.1_cuda13/bin/python3.14)
Loading Zamba2 from Zyphra/Zamba2-7B-Instruct …
==PROF== Disconnected from process 2676489
==WARNING== No kernels were profiled.
==WARNING== Note that specified NVTX include expressions match only start/end ranges.
==WARNING== Refer https://docs.nvidia.com/nsi"
68,0.6296296296296297,108,,,1,1,1.4705882352941175,1,98.52941176470588,No kernels captured in ncu output,,,"==WARNING== Note: Running with unmodified GPU clocks. If not controlled otherwise, profiling results may be inconsistent.
==PROF== Connected to process 2676658 (/apps/applications/Miniconda/25.11.1/envs/pytorch_2.9.1_cuda13/bin/python3.14)
Loading Zamba2 from Zyphra/Zamba2-7B-Instruct …
==PROF== Disconnected from process 2676658
==WARNING== No kernels were profiled.
==WARNING== Note that specified NVTX include expressions match only start/end ranges.
==WARNING== Refer https://docs.nvidia.com/nsi"
68,0.6296296296296297,108,,,1,1,1.4705882352941175,1,98.52941176470588,No kernels captured in ncu output,,,"==WARNING== Note: Running with unmodified GPU clocks. If not controlled otherwise, profiling results may be inconsistent.
==PROF== Connected to process 2676828 (/apps/applications/Miniconda/25.11.1/envs/pytorch_2.9.1_cuda13/bin/python3.14)
Loading Zamba2 from Zyphra/Zamba2-7B-Instruct …
==PROF== Disconnected from process 2676828
==WARNING== No kernels were profiled.
==WARNING== Note that specified NVTX include expressions match only start/end ranges.
==WARNING== Refer https://docs.nvidia.com/nsi"
68,0.6296296296296297,108,,,1,1,1.4705882352941175,1,98.52941176470588,No kernels captured in ncu output,,,"==WARNING== Note: Running with unmodified GPU clocks. If not controlled otherwise, profiling results may be inconsistent.
==PROF== Connected to process 2677012 (/apps/applications/Miniconda/25.11.1/envs/pytorch_2.9.1_cuda13/bin/python3.14)
Loading Zamba2 from Zyphra/Zamba2-7B-Instruct …
==PROF== Disconnected from process 2677012
==WARNING== No kernels were profiled.
==WARNING== Note that specified NVTX include expressions match only start/end ranges.
==WARNING== Refer https://docs.nvidia.com/nsi"
68,0.6296296296296297,108,,,1,1,1.4705882352941175,1,98.52941176470588,No kernels captured in ncu output,,,"==WARNING== Note: Running with unmodified GPU clocks. If not controlled otherwise, profiling results may be inconsistent.
==PROF== Connected to process 2677534 (/apps/applications/Miniconda/25.11.1/envs/pytorch_2.9.1_cuda13/bin/python3.14)
Loading Zamba2 from Zyphra/Zamba2-7B-Instruct …
==PROF== Disconnected from process 2677534
==WARNING== No kernels were profiled.
==WARNING== Note that specified NVTX include expressions match only start/end ranges.
==WARNING== Refer https://docs.nvidia.com/nsi"
68,0.6296296296296297,108,,,1,1,1.4705882352941175,1,98.52941176470588,No kernels captured in ncu output,,,"==WARNING== Note: Running with unmodified GPU clocks. If not controlled otherwise, profiling results may be inconsistent.
==PROF== Connected to process 2677703 (/apps/applications/Miniconda/25.11.1/envs/pytorch_2.9.1_cuda13/bin/python3.14)
Loading Zamba2 from Zyphra/Zamba2-7B-Instruct …
==PROF== Disconnected from process 2677703
==WARNING== No kernels were profiled.
==WARNING== Note that specified NVTX include expressions match only start/end ranges.
==WARNING== Refer https://docs.nvidia.com/nsi"
68,0.6296296296296297,108,,,1,1,1.4705882352941175,1,98.52941176470588,No kernels captured in ncu output,,,"==WARNING== Note: Running with unmodified GPU clocks. If not controlled otherwise, profiling results may be inconsistent.
==PROF== Connected to process 2677870 (/apps/applications/Miniconda/25.11.1/envs/pytorch_2.9.1_cuda13/bin/python3.14)
Loading Zamba2 from Zyphra/Zamba2-7B-Instruct …
==PROF== Disconnected from process 2677870
==WARNING== No kernels were profiled.
==WARNING== Note that specified NVTX include expressions match only start/end ranges.
==WARNING== Refer https://docs.nvidia.com/nsi"
68,0.6296296296296297,108,,,1,1,1.4705882352941175,1,98.52941176470588,No kernels captured in ncu output,,,"==WARNING== Note: Running with unmodified GPU clocks. If not controlled otherwise, profiling results may be inconsistent.
==PROF== Connected to process 2678039 (/apps/applications/Miniconda/25.11.1/envs/pytorch_2.9.1_cuda13/bin/python3.14)
Loading Zamba2 from Zyphra/Zamba2-7B-Instruct …
==PROF== Disconnected from process 2678039
==WARNING== No kernels were profiled.
==WARNING== Note that specified NVTX include expressions match only start/end ranges.
==WARNING== Refer https://docs.nvidia.com/nsi"
68,0.6296296296296297,108,,,1,1,1.4705882352941175,1,98.52941176470588,No kernels captured in ncu output,,,"==WARNING== Note: Running with unmodified GPU clocks. If not controlled otherwise, profiling results may be inconsistent.
==PROF== Connected to process 2678209 (/apps/applications/Miniconda/25.11.1/envs/pytorch_2.9.1_cuda13/bin/python3.14)
Loading Zamba2 from Zyphra/Zamba2-7B-Instruct …
==PROF== Disconnected from process 2678209
==WARNING== No kernels were profiled.
==WARNING== Note that specified NVTX include expressions match only start/end ranges.
==WARNING== Refer https://docs.nvidia.com/nsi"
68,0.6296296296296297,108,,,1,1,1.4705882352941175,1,98.52941176470588,No kernels captured in ncu output,,,"==WARNING== Note: Running with unmodified GPU clocks. If not controlled otherwise, profiling results may be inconsistent.
==PROF== Connected to process 2678378 (/apps/applications/Miniconda/25.11.1/envs/pytorch_2.9.1_cuda13/bin/python3.14)
Loading Zamba2 from Zyphra/Zamba2-7B-Instruct …
==PROF== Disconnected from process 2678378
==WARNING== No kernels were profiled.
==WARNING== Note that specified NVTX include expressions match only start/end ranges.
==WARNING== Refer https://docs.nvidia.com/nsi"
68,0.6296296296296297,108,,,1,1,1.4705882352941175,1,98.52941176470588,No kernels captured in ncu output,,,"==WARNING== Note: Running with unmodified GPU clocks. If not controlled otherwise, profiling results may be inconsistent.
==PROF== Connected to process 2678546 (/apps/applications/Miniconda/25.11.1/envs/pytorch_2.9.1_cuda13/bin/python3.14)
Loading Zamba2 from Zyphra/Zamba2-7B-Instruct …
==PROF== Disconnected from process 2678546
==WARNING== No kernels were profiled.
==WARNING== Note that specified NVTX include expressions match only start/end ranges.
==WARNING== Refer https://docs.nvidia.com/nsi"
68,0.6296296296296297,108,,,1,1,1.4705882352941175,1,98.52941176470588,No kernels captured in ncu output,,,"==WARNING== Note: Running with unmodified GPU clocks. If not controlled otherwise, profiling results may be inconsistent.
==PROF== Connected to process 2679378 (/apps/applications/Miniconda/25.11.1/envs/pytorch_2.9.1_cuda13/bin/python3.14)
Loading Zamba2 from Zyphra/Zamba2-7B-Instruct …
==PROF== Disconnected from process 2679378
==WARNING== No kernels were profiled.
==WARNING== Note that specified NVTX include expressions match only start/end ranges.
==WARNING== Refer https://docs.nvidia.com/nsi"
68,0.6296296296296297,108,,,1,1,1.4705882352941175,1,98.52941176470588,No kernels captured in ncu output,,,"==WARNING== Note: Running with unmodified GPU clocks. If not controlled otherwise, profiling results may be inconsistent.
==PROF== Connected to process 2679547 (/apps/applications/Miniconda/25.11.1/envs/pytorch_2.9.1_cuda13/bin/python3.14)
Loading Zamba2 from Zyphra/Zamba2-7B-Instruct …
==PROF== Disconnected from process 2679547
==WARNING== No kernels were profiled.
==WARNING== Note that specified NVTX include expressions match only start/end ranges.
==WARNING== Refer https://docs.nvidia.com/nsi"
68,0.6296296296296297,108,,,1,1,1.4705882352941175,1,98.52941176470588,No kernels captured in ncu output,,,"==WARNING== Note: Running with unmodified GPU clocks. If not controlled otherwise, profiling results may be inconsistent.
==PROF== Connected to process 2679715 (/apps/applications/Miniconda/25.11.1/envs/pytorch_2.9.1_cuda13/bin/python3.14)
Loading Zamba2 from Zyphra/Zamba2-7B-Instruct …
==PROF== Disconnected from process 2679715
==WARNING== No kernels were profiled.
==WARNING== Note that specified NVTX include expressions match only start/end ranges.
==WARNING== Refer https://docs.nvidia.com/nsi"
68,0.6296296296296297,108,,,1,1,1.4705882352941175,1,98.52941176470588,No kernels captured in ncu output,,,"==WARNING== Note: Running with unmodified GPU clocks. If not controlled otherwise, profiling results may be inconsistent.
==PROF== Connected to process 2679882 (/apps/applications/Miniconda/25.11.1/envs/pytorch_2.9.1_cuda13/bin/python3.14)
Loading Zamba2 from Zyphra/Zamba2-7B-Instruct …
==PROF== Disconnected from process 2679882
==WARNING== No kernels were profiled.
==WARNING== Note that specified NVTX include expressions match only start/end ranges.
==WARNING== Refer https://docs.nvidia.com/nsi"
68,0.6296296296296297,108,,,1,1,1.4705882352941175,1,98.52941176470588,No kernels captured in ncu output,,,"==WARNING== Note: Running with unmodified GPU clocks. If not controlled otherwise, profiling results may be inconsistent.
==PROF== Connected to process 2680051 (/apps/applications/Miniconda/25.11.1/envs/pytorch_2.9.1_cuda13/bin/python3.14)
Loading Zamba2 from Zyphra/Zamba2-7B-Instruct …
==PROF== Disconnected from process 2680051
==WARNING== No kernels were profiled.
==WARNING== Note that specified NVTX include expressions match only start/end ranges.
==WARNING== Refer https://docs.nvidia.com/nsi"
68,0.6296296296296297,108,,,1,1,1.4705882352941175,1,98.52941176470588,No kernels captured in ncu output,,,"==WARNING== Note: Running with unmodified GPU clocks. If not controlled otherwise, profiling results may be inconsistent.
==PROF== Connected to process 2680316 (/apps/applications/Miniconda/25.11.1/envs/pytorch_2.9.1_cuda13/bin/python3.14)
Loading Zamba2 from Zyphra/Zamba2-7B-Instruct …
==PROF== Disconnected from process 2680316
==WARNING== No kernels were profiled.
==WARNING== Note that specified NVTX include expressions match only start/end ranges.
==WARNING== Refer https://docs.nvidia.com/nsi"
68,0.6296296296296297,108,,,1,1,1.4705882352941175,1,98.52941176470588,No kernels captured in ncu output,,,"==WARNING== Note: Running with unmodified GPU clocks. If not controlled otherwise, profiling results may be inconsistent.
==PROF== Connected to process 2680560 (/apps/applications/Miniconda/25.11.1/envs/pytorch_2.9.1_cuda13/bin/python3.14)
Loading Zamba2 from Zyphra/Zamba2-7B-Instruct …
==PROF== Disconnected from process 2680560
==WARNING== No kernels were profiled.
==WARNING== Note that specified NVTX include expressions match only start/end ranges.
==WARNING== Refer https://docs.nvidia.com/nsi"
68,0.6296296296296297,108,,,1,1,1.4705882352941175,1,98.52941176470588,No kernels captured in ncu output,,,"==WARNING== Note: Running with unmodified GPU clocks. If not controlled otherwise, profiling results may be inconsistent.
==PROF== Connected to process 2681061 (/apps/applications/Miniconda/25.11.1/envs/pytorch_2.9.1_cuda13/bin/python3.14)
Loading Zamba2 from Zyphra/Zamba2-7B-Instruct …
==PROF== Disconnected from process 2681061
==WARNING== No kernels were profiled.
==WARNING== Note that specified NVTX include expressions match only start/end ranges.
==WARNING== Refer https://docs.nvidia.com/nsi"
68,0.6296296296296297,108,,,1,1,1.4705882352941175,1,98.52941176470588,No kernels captured in ncu output,,,"==WARNING== Note: Running with unmodified GPU clocks. If not controlled otherwise, profiling results may be inconsistent.
==PROF== Connected to process 2681229 (/apps/applications/Miniconda/25.11.1/envs/pytorch_2.9.1_cuda13/bin/python3.14)
Loading Zamba2 from Zyphra/Zamba2-7B-Instruct …
==PROF== Disconnected from process 2681229
==WARNING== No kernels were profiled.
==WARNING== Note that specified NVTX include expressions match only start/end ranges.
==WARNING== Refer https://docs.nvidia.com/nsi"
68,0.6296296296296297,108,,,1,1,1.4705882352941175,1,98.52941176470588,No kernels captured in ncu output,,,"==WARNING== Note: Running with unmodified GPU clocks. If not controlled otherwise, profiling results may be inconsistent.
==PROF== Connected to process 2681398 (/apps/applications/Miniconda/25.11.1/envs/pytorch_2.9.1_cuda13/bin/python3.14)
Loading Zamba2 from Zyphra/Zamba2-7B-Instruct …
==PROF== Disconnected from process 2681398
==WARNING== No kernels were profiled.
==WARNING== Note that specified NVTX include expressions match only start/end ranges.
==WARNING== Refer https://docs.nvidia.com/nsi"
68,0.6296296296296297,108,,,1,1,1.4705882352941175,1,98.52941176470588,No kernels captured in ncu output,,,"==WARNING== Note: Running with unmodified GPU clocks. If not controlled otherwise, profiling results may be inconsistent.
==PROF== Connected to process 2681566 (/apps/applications/Miniconda/25.11.1/envs/pytorch_2.9.1_cuda13/bin/python3.14)
Loading Zamba2 from Zyphra/Zamba2-7B-Instruct …
==PROF== Disconnected from process 2681566
==WARNING== No kernels were profiled.
==WARNING== Note that specified NVTX include expressions match only start/end ranges.
==WARNING== Refer https://docs.nvidia.com/nsi"
68,0.6296296296296297,108,,,1,1,1.4705882352941175,1,98.52941176470588,No kernels captured in ncu output,,,"==WARNING== Note: Running with unmodified GPU clocks. If not controlled otherwise, profiling results may be inconsistent.
==PROF== Connected to process 2681737 (/apps/applications/Miniconda/25.11.1/envs/pytorch_2.9.1_cuda13/bin/python3.14)
Loading Zamba2 from Zyphra/Zamba2-7B-Instruct …
==PROF== Disconnected from process 2681737
==WARNING== No kernels were profiled.
==WARNING== Note that specified NVTX include expressions match only start/end ranges.
==WARNING== Refer https://docs.nvidia.com/nsi"
68,0.6296296296296297,108,,,1,1,1.4705882352941175,1,98.52941176470588,No kernels captured in ncu output,,,"==WARNING== Note: Running with unmodified GPU clocks. If not controlled otherwise, profiling results may be inconsistent.
==PROF== Connected to process 2682263 (/apps/applications/Miniconda/25.11.1/envs/pytorch_2.9.1_cuda13/bin/python3.14)
Loading Zamba2 from Zyphra/Zamba2-7B-Instruct …
==PROF== Disconnected from process 2682263
==WARNING== No kernels were profiled.
==WARNING== Note that specified NVTX include expressions match only start/end ranges.
==WARNING== Refer https://docs.nvidia.com/nsi"
68,0.6296296296296297,108,,,1,1,1.4705882352941175,1,98.52941176470588,No kernels captured in ncu output,,,"==WARNING== Note: Running with unmodified GPU clocks. If not controlled otherwise, profiling results may be inconsistent.
==PROF== Connected to process 2682432 (/apps/applications/Miniconda/25.11.1/envs/pytorch_2.9.1_cuda13/bin/python3.14)
Loading Zamba2 from Zyphra/Zamba2-7B-Instruct …
==PROF== Disconnected from process 2682432
==WARNING== No kernels were profiled.
==WARNING== Note that specified NVTX include expressions match only start/end ranges.
==WARNING== Refer https://docs.nvidia.com/nsi"
68,0.6296296296296297,108,,,1,1,1.4705882352941175,1,98.52941176470588,No kernels captured in ncu output,,,"==WARNING== Note: Running with unmodified GPU clocks. If not controlled otherwise, profiling results may be inconsistent.
==PROF== Connected to process 2682601 (/apps/applications/Miniconda/25.11.1/envs/pytorch_2.9.1_cuda13/bin/python3.14)
Loading Zamba2 from Zyphra/Zamba2-7B-Instruct …
==PROF== Disconnected from process 2682601
==WARNING== No kernels were profiled.
==WARNING== Note that specified NVTX include expressions match only start/end ranges.
==WARNING== Refer https://docs.nvidia.com/nsi"
68,0.6296296296296297,108,,,1,1,1.4705882352941175,1,98.52941176470588,No kernels captured in ncu output,,,"==WARNING== Note: Running with unmodified GPU clocks. If not controlled otherwise, profiling results may be inconsistent.
==PROF== Connected to process 2682770 (/apps/applications/Miniconda/25.11.1/envs/pytorch_2.9.1_cuda13/bin/python3.14)
Loading Zamba2 from Zyphra/Zamba2-7B-Instruct …
==PROF== Disconnected from process 2682770
==WARNING== No kernels were profiled.
==WARNING== Note that specified NVTX include expressions match only start/end ranges.
==WARNING== Refer https://docs.nvidia.com/nsi"
68,0.6296296296296297,108,,,1,1,1.4705882352941175,1,98.52941176470588,No kernels captured in ncu output,,,"==WARNING== Note: Running with unmodified GPU clocks. If not controlled otherwise, profiling results may be inconsistent.
==PROF== Connected to process 2682943 (/apps/applications/Miniconda/25.11.1/envs/pytorch_2.9.1_cuda13/bin/python3.14)
Loading Zamba2 from Zyphra/Zamba2-7B-Instruct …
==PROF== Disconnected from process 2682943
==WARNING== No kernels were profiled.
==WARNING== Note that specified NVTX include expressions match only start/end ranges.
==WARNING== Refer https://docs.nvidia.com/nsi"
68,0.6296296296296297,108,,,1,1,1.4705882352941175,1,98.52941176470588,No kernels captured in ncu output,,,"==WARNING== Note: Running with unmodified GPU clocks. If not controlled otherwise, profiling results may be inconsistent.
==PROF== Connected to process 2683515 (/apps/applications/Miniconda/25.11.1/envs/pytorch_2.9.1_cuda13/bin/python3.14)
Loading Zamba2 from Zyphra/Zamba2-7B-Instruct …
==PROF== Disconnected from process 2683515
==WARNING== No kernels were profiled.
==WARNING== Note that specified NVTX include expressions match only start/end ranges.
==WARNING== Refer https://docs.nvidia.com/nsi"
68,0.6296296296296297,108,,,1,1,1.4705882352941175,1,98.52941176470588,No kernels captured in ncu output,,,"==WARNING== Note: Running with unmodified GPU clocks. If not controlled otherwise, profiling results may be inconsistent.
==PROF== Connected to process 2683683 (/apps/applications/Miniconda/25.11.1/envs/pytorch_2.9.1_cuda13/bin/python3.14)
Loading Zamba2 from Zyphra/Zamba2-7B-Instruct …
==PROF== Disconnected from process 2683683
==WARNING== No kernels were profiled.
==WARNING== Note that specified NVTX include expressions match only start/end ranges.
==WARNING== Refer https://docs.nvidia.com/nsi"
68,0.6296296296296297,108,,,1,1,1.4705882352941175,1,98.52941176470588,No kernels captured in ncu output,,,"==WARNING== Note: Running with unmodified GPU clocks. If not controlled otherwise, profiling results may be inconsistent.
==PROF== Connected to process 2683852 (/apps/applications/Miniconda/25.11.1/envs/pytorch_2.9.1_cuda13/bin/python3.14)
Loading Zamba2 from Zyphra/Zamba2-7B-Instruct …
==PROF== Disconnected from process 2683852
==WARNING== No kernels were profiled.
==WARNING== Note that specified NVTX include expressions match only start/end ranges.
==WARNING== Refer https://docs.nvidia.com/nsi"
68,0.6296296296296297,108,,,1,1,1.4705882352941175,1,98.52941176470588,No kernels captured in ncu output,,,"==WARNING== Note: Running with unmodified GPU clocks. If not controlled otherwise, profiling results may be inconsistent.
==PROF== Connected to process 2684025 (/apps/applications/Miniconda/25.11.1/envs/pytorch_2.9.1_cuda13/bin/python3.14)
Loading Zamba2 from Zyphra/Zamba2-7B-Instruct …
==PROF== Disconnected from process 2684025
==WARNING== No kernels were profiled.
==WARNING== Note that specified NVTX include expressions match only start/end ranges.
==WARNING== Refer https://docs.nvidia.com/nsi"
68,0.6296296296296297,108,32768,64,524288,7711,99.98855721772564,8,0.01144278227436235,ncu exit code 1,"==WARNING== Note: Running with unmodified GPU clocks. If not controlled otherwise, profiling results may be inconsistent.
==PROF== Connected to process 2684574 (/apps/applications/Miniconda/25.11.1/envs/pytorch_2.9.1_cuda13/bin/python3.14)
Loading Zamba2 from Zyphra/Zamba2-7B-Instruct …
==PROF== Disconnected from process 2684574
==ERROR== The application returned an error code (1).
","/apps/applications/Miniconda/25.11.1/envs/pytorch_2.9.1_cuda13/lib/python3.14/site-packages/torch/cuda/__init__.py:63: FutureWarning: The pynvml package is deprecated. Please install nvidia-ml-py instead. If you did not install pynvml directly, please report this to the maintainers of the package that installed pynvml for you.
  import pynvml  # type: ignore[import]
Warning: You are sending unauthenticated requests to the HF Hub. Please set a HF_TOKEN to enable higher rate limits and faster downloads.
[transformers] `torch_dtype` is deprecated! Use `dtype` instead!
Traceback (most recent call last):
  File ""/scratch/ehmoon/whlee/prefill-layer-alloc/stage1_sm_scaling/../src/profiling/_ncu_target.py"", line 132, in <module>
    main()
    ~~~~^^
  File ""/scratch/ehmoon/whlee/prefill-layer-alloc/stage1_sm_scaling/../src/profiling/_ncu_target.py"", line 116, in main
    kernel()
    ~~~~~~^^
  File ""/scratch/ehmoon/whlee/prefill-layer-alloc/stage1_sm_scaling/../src/profiling/_ncu_target.py"",",
81,0.75,108,,,1,1,1.2345679012345678,1,98.76543209876543,No kernels captured in ncu output,,,"==WARNING== Note: Running with unmodified GPU clocks. If not controlled otherwise, profiling results may be inconsistent.
==PROF== Connected to process 2684742 (/apps/applications/Miniconda/25.11.1/envs/pytorch_2.9.1_cuda13/bin/python3.14)
Loading Zamba2 from Zyphra/Zamba2-7B-Instruct …
==PROF== Disconnected from process 2684742
==WARNING== No kernels were profiled.
==WARNING== Note that specified NVTX include expressions match only start/end ranges.
==WARNING== Refer https://docs.nvidia.com/nsi"
81,0.75,108,,,1,1,1.2345679012345678,1,98.76543209876543,No kernels captured in ncu output,,,"==WARNING== Note: Running with unmodified GPU clocks. If not controlled otherwise, profiling results may be inconsistent.
==PROF== Connected to process 2684910 (/apps/applications/Miniconda/25.11.1/envs/pytorch_2.9.1_cuda13/bin/python3.14)
Loading Zamba2 from Zyphra/Zamba2-7B-Instruct …
==PROF== Disconnected from process 2684910
==WARNING== No kernels were profiled.
==WARNING== Note that specified NVTX include expressions match only start/end ranges.
==WARNING== Refer https://docs.nvidia.com/nsi"
81,0.75,108,,,1,1,1.2345679012345678,1,98.76543209876543,No kernels captured in ncu output,,,"==WARNING== Note: Running with unmodified GPU clocks. If not controlled otherwise, profiling results may be inconsistent.
==PROF== Connected to process 2685079 (/apps/applications/Miniconda/25.11.1/envs/pytorch_2.9.1_cuda13/bin/python3.14)
Loading Zamba2 from Zyphra/Zamba2-7B-Instruct …
==PROF== Disconnected from process 2685079
==WARNING== No kernels were profiled.
==WARNING== Note that specified NVTX include expressions match only start/end ranges.
==WARNING== Refer https://docs.nvidia.com/nsi"
81,0.75,108,,,1,1,1.2345679012345678,1,98.76543209876543,No kernels captured in ncu output,,,"==WARNING== Note: Running with unmodified GPU clocks. If not controlled otherwise, profiling results may be inconsistent.
==PROF== Connected to process 2685247 (/apps/applications/Miniconda/25.11.1/envs/pytorch_2.9.1_cuda13/bin/python3.14)
Loading Zamba2 from Zyphra/Zamba2-7B-Instruct …
==PROF== Disconnected from process 2685247
==WARNING== No kernels were profiled.
==WARNING== Note that specified NVTX include expressions match only start/end ranges.
==WARNING== Refer https://docs.nvidia.com/nsi"
81,0.75,108,,,1,1,1.2345679012345678,1,98.76543209876543,No kernels captured in ncu output,,,"==WARNING== Note: Running with unmodified GPU clocks. If not controlled otherwise, profiling results may be inconsistent.
==PROF== Connected to process 2685417 (/apps/applications/Miniconda/25.11.1/envs/pytorch_2.9.1_cuda13/bin/python3.14)
Loading Zamba2 from Zyphra/Zamba2-7B-Instruct …
==PROF== Disconnected from process 2685417
==WARNING== No kernels were profiled.
==WARNING== Note that specified NVTX include expressions match only start/end ranges.
==WARNING== Refer https://docs.nvidia.com/nsi"
81,0.75,108,,,1,1,1.2345679012345678,1,98.76543209876543,No kernels captured in ncu output,,,"==WARNING== Note: Running with unmodified GPU clocks. If not controlled otherwise, profiling results may be inconsistent.
==PROF== Connected to process 2686238 (/apps/applications/Miniconda/25.11.1/envs/pytorch_2.9.1_cuda13/bin/python3.14)
Loading Zamba2 from Zyphra/Zamba2-7B-Instruct …
==PROF== Disconnected from process 2686238
==WARNING== No kernels were profiled.
==WARNING== Note that specified NVTX include expressions match only start/end ranges.
==WARNING== Refer https://docs.nvidia.com/nsi"
81,0.75,108,,,1,1,1.2345679012345678,1,98.76543209876543,No kernels captured in ncu output,,,"==WARNING== Note: Running with unmodified GPU clocks. If not controlled otherwise, profiling results may be inconsistent.
==PROF== Connected to process 2686411 (/apps/applications/Miniconda/25.11.1/envs/pytorch_2.9.1_cuda13/bin/python3.14)
Loading Zamba2 from Zyphra/Zamba2-7B-Instruct …
==PROF== Disconnected from process 2686411
==WARNING== No kernels were profiled.
==WARNING== Note that specified NVTX include expressions match only start/end ranges.
==WARNING== Refer https://docs.nvidia.com/nsi"
81,0.75,108,,,1,1,1.2345679012345678,1,98.76543209876543,No kernels captured in ncu output,,,"==WARNING== Note: Running with unmodified GPU clocks. If not controlled otherwise, profiling results may be inconsistent.
==PROF== Connected to process 2686580 (/apps/applications/Miniconda/25.11.1/envs/pytorch_2.9.1_cuda13/bin/python3.14)
Loading Zamba2 from Zyphra/Zamba2-7B-Instruct …
==PROF== Disconnected from process 2686580
==WARNING== No kernels were profiled.
==WARNING== Note that specified NVTX include expressions match only start/end ranges.
==WARNING== Refer https://docs.nvidia.com/nsi"
81,0.75,108,,,1,1,1.2345679012345678,1,98.76543209876543,No kernels captured in ncu output,,,"==WARNING== Note: Running with unmodified GPU clocks. If not controlled otherwise, profiling results may be inconsistent.
==PROF== Connected to process 2686748 (/apps/applications/Miniconda/25.11.1/envs/pytorch_2.9.1_cuda13/bin/python3.14)
Loading Zamba2 from Zyphra/Zamba2-7B-Instruct …
==PROF== Disconnected from process 2686748
==WARNING== No kernels were profiled.
==WARNING== Note that specified NVTX include expressions match only start/end ranges.
==WARNING== Refer https://docs.nvidia.com/nsi"
81,0.75,108,,,1,1,1.2345679012345678,1,98.76543209876543,No kernels captured in ncu output,,,"==WARNING== Note: Running with unmodified GPU clocks. If not controlled otherwise, profiling results may be inconsistent.
==PROF== Connected to process 2686918 (/apps/applications/Miniconda/25.11.1/envs/pytorch_2.9.1_cuda13/bin/python3.14)
Loading Zamba2 from Zyphra/Zamba2-7B-Instruct …
==PROF== Disconnected from process 2686918
==WARNING== No kernels were profiled.
==WARNING== Note that specified NVTX include expressions match only start/end ranges.
==WARNING== Refer https://docs.nvidia.com/nsi"
81,0.75,108,,,1,1,1.2345679012345678,1,98.76543209876543,No kernels captured in ncu output,,,"==WARNING== Note: Running with unmodified GPU clocks. If not controlled otherwise, profiling results may be inconsistent.
==PROF== Connected to process 2687086 (/apps/applications/Miniconda/25.11.1/envs/pytorch_2.9.1_cuda13/bin/python3.14)
Loading Zamba2 from Zyphra/Zamba2-7B-Instruct …
==PROF== Disconnected from process 2687086
==WARNING== No kernels were profiled.
==WARNING== Note that specified NVTX include expressions match only start/end ranges.
==WARNING== Refer https://docs.nvidia.com/nsi"
81,0.75,108,,,1,1,1.2345679012345678,1,98.76543209876543,No kernels captured in ncu output,,,"==WARNING== Note: Running with unmodified GPU clocks. If not controlled otherwise, profiling results may be inconsistent.
==PROF== Connected to process 2687254 (/apps/applications/Miniconda/25.11.1/envs/pytorch_2.9.1_cuda13/bin/python3.14)
Loading Zamba2 from Zyphra/Zamba2-7B-Instruct …
==PROF== Disconnected from process 2687254
==WARNING== No kernels were profiled.
==WARNING== Note that specified NVTX include expressions match only start/end ranges.
==WARNING== Refer https://docs.nvidia.com/nsi"
81,0.75,108,,,1,1,1.2345679012345678,1,98.76543209876543,No kernels captured in ncu output,,,"==WARNING== Note: Running with unmodified GPU clocks. If not controlled otherwise, profiling results may be inconsistent.
==PROF== Connected to process 2687767 (/apps/applications/Miniconda/25.11.1/envs/pytorch_2.9.1_cuda13/bin/python3.14)
Loading Zamba2 from Zyphra/Zamba2-7B-Instruct …
==PROF== Disconnected from process 2687767
==WARNING== No kernels were profiled.
==WARNING== Note that specified NVTX include expressions match only start/end ranges.
==WARNING== Refer https://docs.nvidia.com/nsi"
81,0.75,108,,,1,1,1.2345679012345678,1,98.76543209876543,No kernels captured in ncu output,,,"==WARNING== Note: Running with unmodified GPU clocks. If not controlled otherwise, profiling results may be inconsistent.
==PROF== Connected to process 2687937 (/apps/applications/Miniconda/25.11.1/envs/pytorch_2.9.1_cuda13/bin/python3.14)
Loading Zamba2 from Zyphra/Zamba2-7B-Instruct …
==PROF== Disconnected from process 2687937
==WARNING== No kernels were profiled.
==WARNING== Note that specified NVTX include expressions match only start/end ranges.
==WARNING== Refer https://docs.nvidia.com/nsi"
81,0.75,108,,,1,1,1.2345679012345678,1,98.76543209876543,No kernels captured in ncu output,,,"==WARNING== Note: Running with unmodified GPU clocks. If not controlled otherwise, profiling results may be inconsistent.
==PROF== Connected to process 2688106 (/apps/applications/Miniconda/25.11.1/envs/pytorch_2.9.1_cuda13/bin/python3.14)
Loading Zamba2 from Zyphra/Zamba2-7B-Instruct …
==PROF== Disconnected from process 2688106
==WARNING== No kernels were profiled.
==WARNING== Note that specified NVTX include expressions match only start/end ranges.
==WARNING== Refer https://docs.nvidia.com/nsi"
81,0.75,108,,,1,1,1.2345679012345678,1,98.76543209876543,No kernels captured in ncu output,,,"==WARNING== Note: Running with unmodified GPU clocks. If not controlled otherwise, profiling results may be inconsistent.
==PROF== Connected to process 2688274 (/apps/applications/Miniconda/25.11.1/envs/pytorch_2.9.1_cuda13/bin/python3.14)
Loading Zamba2 from Zyphra/Zamba2-7B-Instruct …
==PROF== Disconnected from process 2688274
==WARNING== No kernels were profiled.
==WARNING== Note that specified NVTX include expressions match only start/end ranges.
==WARNING== Refer https://docs.nvidia.com/nsi"
81,0.75,108,,,1,1,1.2345679012345678,1,98.76543209876543,No kernels captured in ncu output,,,"==WARNING== Note: Running with unmodified GPU clocks. If not controlled otherwise, profiling results may be inconsistent.
==PROF== Connected to process 2688443 (/apps/applications/Miniconda/25.11.1/envs/pytorch_2.9.1_cuda13/bin/python3.14)
Loading Zamba2 from Zyphra/Zamba2-7B-Instruct …
==PROF== Disconnected from process 2688443
==WARNING== No kernels were profiled.
==WARNING== Note that specified NVTX include expressions match only start/end ranges.
==WARNING== Refer https://docs.nvidia.com/nsi"
81,0.75,108,,,1,1,1.2345679012345678,1,98.76543209876543,No kernels captured in ncu output,,,"==WARNING== Note: Running with unmodified GPU clocks. If not controlled otherwise, profiling results may be inconsistent.
==PROF== Connected to process 2688611 (/apps/applications/Miniconda/25.11.1/envs/pytorch_2.9.1_cuda13/bin/python3.14)
Loading Zamba2 from Zyphra/Zamba2-7B-Instruct …
==PROF== Disconnected from process 2688611
==WARNING== No kernels were profiled.
==WARNING== Note that specified NVTX include expressions match only start/end ranges.
==WARNING== Refer https://docs.nvidia.com/nsi"
81,0.75,108,,,1,1,1.2345679012345678,1,98.76543209876543,No kernels captured in ncu output,,,"==WARNING== Note: Running with unmodified GPU clocks. If not controlled otherwise, profiling results may be inconsistent.
==PROF== Connected to process 2688796 (/apps/applications/Miniconda/25.11.1/envs/pytorch_2.9.1_cuda13/bin/python3.14)
Loading Zamba2 from Zyphra/Zamba2-7B-Instruct …
==PROF== Disconnected from process 2688796
==WARNING== No kernels were profiled.
==WARNING== Note that specified NVTX include expressions match only start/end ranges.
==WARNING== Refer https://docs.nvidia.com/nsi"
81,0.75,108,,,1,1,1.2345679012345678,1,98.76543209876543,No kernels captured in ncu output,,,"==WARNING== Note: Running with unmodified GPU clocks. If not controlled otherwise, profiling results may be inconsistent.
==PROF== Connected to process 2689292 (/apps/applications/Miniconda/25.11.1/envs/pytorch_2.9.1_cuda13/bin/python3.14)
Loading Zamba2 from Zyphra/Zamba2-7B-Instruct …
==PROF== Disconnected from process 2689292
==WARNING== No kernels were profiled.
==WARNING== Note that specified NVTX include expressions match only start/end ranges.
==WARNING== Refer https://docs.nvidia.com/nsi"
81,0.75,108,,,1,1,1.2345679012345678,1,98.76543209876543,No kernels captured in ncu output,,,"==WARNING== Note: Running with unmodified GPU clocks. If not controlled otherwise, profiling results may be inconsistent.
==PROF== Connected to process 2689464 (/apps/applications/Miniconda/25.11.1/envs/pytorch_2.9.1_cuda13/bin/python3.14)
Loading Zamba2 from Zyphra/Zamba2-7B-Instruct …
==PROF== Disconnected from process 2689464
==WARNING== No kernels were profiled.
==WARNING== Note that specified NVTX include expressions match only start/end ranges.
==WARNING== Refer https://docs.nvidia.com/nsi"
81,0.75,108,,,1,1,1.2345679012345678,1,98.76543209876543,No kernels captured in ncu output,,,"==WARNING== Note: Running with unmodified GPU clocks. If not controlled otherwise, profiling results may be inconsistent.
==PROF== Connected to process 2689632 (/apps/applications/Miniconda/25.11.1/envs/pytorch_2.9.1_cuda13/bin/python3.14)
Loading Zamba2 from Zyphra/Zamba2-7B-Instruct …
==PROF== Disconnected from process 2689632
==WARNING== No kernels were profiled.
==WARNING== Note that specified NVTX include expressions match only start/end ranges.
==WARNING== Refer https://docs.nvidia.com/nsi"
81,0.75,108,,,1,1,1.2345679012345678,1,98.76543209876543,No kernels captured in ncu output,,,"==WARNING== Note: Running with unmodified GPU clocks. If not controlled otherwise, profiling results may be inconsistent.
==PROF== Connected to process 2689800 (/apps/applications/Miniconda/25.11.1/envs/pytorch_2.9.1_cuda13/bin/python3.14)
Loading Zamba2 from Zyphra/Zamba2-7B-Instruct …
==PROF== Disconnected from process 2689800
==WARNING== No kernels were profiled.
==WARNING== Note that specified NVTX include expressions match only start/end ranges.
==WARNING== Refer https://docs.nvidia.com/nsi"
81,0.75,108,,,1,1,1.2345679012345678,1,98.76543209876543,No kernels captured in ncu output,,,"==WARNING== Note: Running with unmodified GPU clocks. If not controlled otherwise, profiling results may be inconsistent.
==PROF== Connected to process 2689969 (/apps/applications/Miniconda/25.11.1/envs/pytorch_2.9.1_cuda13/bin/python3.14)
Loading Zamba2 from Zyphra/Zamba2-7B-Instruct …
==PROF== Disconnected from process 2689969
==WARNING== No kernels were profiled.
==WARNING== Note that specified NVTX include expressions match only start/end ranges.
==WARNING== Refer https://docs.nvidia.com/nsi"
81,0.75,108,,,1,1,1.2345679012345678,1,98.76543209876543,No kernels captured in ncu output,,,"==WARNING== Note: Running with unmodified GPU clocks. If not controlled otherwise, profiling results may be inconsistent.
==PROF== Connected to process 2690138 (/apps/applications/Miniconda/25.11.1/envs/pytorch_2.9.1_cuda13/bin/python3.14)
Loading Zamba2 from Zyphra/Zamba2-7B-Instruct …
==PROF== Disconnected from process 2690138
==WARNING== No kernels were profiled.
==WARNING== Note that specified NVTX include expressions match only start/end ranges.
==WARNING== Refer https://docs.nvidia.com/nsi"
81,0.75,108,,,1,1,1.2345679012345678,1,98.76543209876543,No kernels captured in ncu output,,,"==WARNING== Note: Running with unmodified GPU clocks. If not controlled otherwise, profiling results may be inconsistent.
==PROF== Connected to process 2690678 (/apps/applications/Miniconda/25.11.1/envs/pytorch_2.9.1_cuda13/bin/python3.14)
Loading Zamba2 from Zyphra/Zamba2-7B-Instruct …
==PROF== Disconnected from process 2690678
==WARNING== No kernels were profiled.
==WARNING== Note that specified NVTX include expressions match only start/end ranges.
==WARNING== Refer https://docs.nvidia.com/nsi"
81,0.75,108,,,1,1,1.2345679012345678,1,98.76543209876543,No kernels captured in ncu output,,,"==WARNING== Note: Running with unmodified GPU clocks. If not controlled otherwise, profiling results may be inconsistent.
==PROF== Connected to process 2690851 (/apps/applications/Miniconda/25.11.1/envs/pytorch_2.9.1_cuda13/bin/python3.14)
Loading Zamba2 from Zyphra/Zamba2-7B-Instruct …
==PROF== Disconnected from process 2690851
==WARNING== No kernels were profiled.
==WARNING== Note that specified NVTX include expressions match only start/end ranges.
==WARNING== Refer https://docs.nvidia.com/nsi"
81,0.75,108,,,1,1,1.2345679012345678,1,98.76543209876543,No kernels captured in ncu output,,,"==WARNING== Note: Running with unmodified GPU clocks. If not controlled otherwise, profiling results may be inconsistent.
==PROF== Connected to process 2691018 (/apps/applications/Miniconda/25.11.1/envs/pytorch_2.9.1_cuda13/bin/python3.14)
Loading Zamba2 from Zyphra/Zamba2-7B-Instruct …
==PROF== Disconnected from process 2691018
==WARNING== No kernels were profiled.
==WARNING== Note that specified NVTX include expressions match only start/end ranges.
==WARNING== Refer https://docs.nvidia.com/nsi"
81,0.75,108,,,1,1,1.2345679012345678,1,98.76543209876543,No kernels captured in ncu output,,,"==WARNING== Note: Running with unmodified GPU clocks. If not controlled otherwise, profiling results may be inconsistent.
==PROF== Connected to process 2691192 (/apps/applications/Miniconda/25.11.1/envs/pytorch_2.9.1_cuda13/bin/python3.14)
Loading Zamba2 from Zyphra/Zamba2-7B-Instruct …
==PROF== Disconnected from process 2691192
==WARNING== No kernels were profiled.
==WARNING== Note that specified NVTX include expressions match only start/end ranges.
==WARNING== Refer https://docs.nvidia.com/nsi"
81,0.75,108,,,1,1,1.2345679012345678,1,98.76543209876543,No kernels captured in ncu output,,,"==WARNING== Note: Running with unmodified GPU clocks. If not controlled otherwise, profiling results may be inconsistent.
==PROF== Connected to process 2691361 (/apps/applications/Miniconda/25.11.1/envs/pytorch_2.9.1_cuda13/bin/python3.14)
Loading Zamba2 from Zyphra/Zamba2-7B-Instruct …
==PROF== Disconnected from process 2691361
==WARNING== No kernels were profiled.
==WARNING== Note that specified NVTX include expressions match only start/end ranges.
==WARNING== Refer https://docs.nvidia.com/nsi"
81,0.75,108,,,1,1,1.2345679012345678,1,98.76543209876543,No kernels captured in ncu output,,,"==WARNING== Note: Running with unmodified GPU clocks. If not controlled otherwise, profiling results may be inconsistent.
==PROF== Connected to process 2691533 (/apps/applications/Miniconda/25.11.1/envs/pytorch_2.9.1_cuda13/bin/python3.14)
Loading Zamba2 from Zyphra/Zamba2-7B-Instruct …
==PROF== Disconnected from process 2691533
==WARNING== No kernels were profiled.
==WARNING== Note that specified NVTX include expressions match only start/end ranges.
==WARNING== Refer https://docs.nvidia.com/nsi"
81,0.75,108,,,1,1,1.2345679012345678,1,98.76543209876543,No kernels captured in ncu output,,,"==WARNING== Note: Running with unmodified GPU clocks. If not controlled otherwise, profiling results may be inconsistent.
==PROF== Connected to process 2692073 (/apps/applications/Miniconda/25.11.1/envs/pytorch_2.9.1_cuda13/bin/python3.14)
Loading Zamba2 from Zyphra/Zamba2-7B-Instruct …
==PROF== Disconnected from process 2692073
==WARNING== No kernels were profiled.
==WARNING== Note that specified NVTX include expressions match only start/end ranges.
==WARNING== Refer https://docs.nvidia.com/nsi"
81,0.75,108,,,1,1,1.2345679012345678,1,98.76543209876543,No kernels captured in ncu output,,,"==WARNING== Note: Running with unmodified GPU clocks. If not controlled otherwise, profiling results may be inconsistent.
==PROF== Connected to process 2692245 (/apps/applications/Miniconda/25.11.1/envs/pytorch_2.9.1_cuda13/bin/python3.14)
Loading Zamba2 from Zyphra/Zamba2-7B-Instruct …
==PROF== Disconnected from process 2692245
==WARNING== No kernels were profiled.
==WARNING== Note that specified NVTX include expressions match only start/end ranges.
==WARNING== Refer https://docs.nvidia.com/nsi"
81,0.75,108,,,1,1,1.2345679012345678,1,98.76543209876543,No kernels captured in ncu output,,,"==WARNING== Note: Running with unmodified GPU clocks. If not controlled otherwise, profiling results may be inconsistent.
==PROF== Connected to process 2692415 (/apps/applications/Miniconda/25.11.1/envs/pytorch_2.9.1_cuda13/bin/python3.14)
Loading Zamba2 from Zyphra/Zamba2-7B-Instruct …
==PROF== Disconnected from process 2692415
==WARNING== No kernels were profiled.
==WARNING== Note that specified NVTX include expressions match only start/end ranges.
==WARNING== Refer https://docs.nvidia.com/nsi"
81,0.75,108,,,1,1,1.2345679012345678,1,98.76543209876543,No kernels captured in ncu output,,,"==WARNING== Note: Running with unmodified GPU clocks. If not controlled otherwise, profiling results may be inconsistent.
==PROF== Connected to process 2692586 (/apps/applications/Miniconda/25.11.1/envs/pytorch_2.9.1_cuda13/bin/python3.14)
Loading Zamba2 from Zyphra/Zamba2-7B-Instruct …
==PROF== Disconnected from process 2692586
==WARNING== No kernels were profiled.
==WARNING== Note that specified NVTX include expressions match only start/end ranges.
==WARNING== Refer https://docs.nvidia.com/nsi"
81,0.75,108,,,1,1,1.2345679012345678,1,98.76543209876543,No kernels captured in ncu output,,,"==WARNING== Note: Running with unmodified GPU clocks. If not controlled otherwise, profiling results may be inconsistent.
==PROF== Connected to process 2693440 (/apps/applications/Miniconda/25.11.1/envs/pytorch_2.9.1_cuda13/bin/python3.14)
Loading Zamba2 from Zyphra/Zamba2-7B-Instruct …
==PROF== Disconnected from process 2693440
==WARNING== No kernels were profiled.
==WARNING== Note that specified NVTX include expressions match only start/end ranges.
==WARNING== Refer https://docs.nvidia.com/nsi"
81,0.75,108,,,1,1,1.2345679012345678,1,98.76543209876543,No kernels captured in ncu output,,,"==WARNING== Note: Running with unmodified GPU clocks. If not controlled otherwise, profiling results may be inconsistent.
==PROF== Connected to process 2693613 (/apps/applications/Miniconda/25.11.1/envs/pytorch_2.9.1_cuda13/bin/python3.14)
Loading Zamba2 from Zyphra/Zamba2-7B-Instruct …
==PROF== Disconnected from process 2693613
==WARNING== No kernels were profiled.
==WARNING== Note that specified NVTX include expressions match only start/end ranges.
==WARNING== Refer https://docs.nvidia.com/nsi"
81,0.75,108,,,1,1,1.2345679012345678,1,98.76543209876543,No kernels captured in ncu output,,,"==WARNING== Note: Running with unmodified GPU clocks. If not controlled otherwise, profiling results may be inconsistent.
==PROF== Connected to process 2693782 (/apps/applications/Miniconda/25.11.1/envs/pytorch_2.9.1_cuda13/bin/python3.14)
Loading Zamba2 from Zyphra/Zamba2-7B-Instruct …
==PROF== Disconnected from process 2693782
==WARNING== No kernels were profiled.
==WARNING== Note that specified NVTX include expressions match only start/end ranges.
==WARNING== Refer https://docs.nvidia.com/nsi"
81,0.75,108,,,1,1,1.2345679012345678,1,98.76543209876543,No kernels captured in ncu output,,,"==WARNING== Note: Running with unmodified GPU clocks. If not controlled otherwise, profiling results may be inconsistent.
==PROF== Connected to process 2693952 (/apps/applications/Miniconda/25.11.1/envs/pytorch_2.9.1_cuda13/bin/python3.14)
Loading Zamba2 from Zyphra/Zamba2-7B-Instruct …
==PROF== Disconnected from process 2693952
==WARNING== No kernels were profiled.
==WARNING== Note that specified NVTX include expressions match only start/end ranges.
==WARNING== Refer https://docs.nvidia.com/nsi"
81,0.75,108,32768,64,524288,6473,99.9952318557808,56,0.004768144219202686,ncu exit code 1,"==WARNING== Note: Running with unmodified GPU clocks. If not controlled otherwise, profiling results may be inconsistent.
==PROF== Connected to process 2694477 (/apps/applications/Miniconda/25.11.1/envs/pytorch_2.9.1_cuda13/bin/python3.14)
Loading Zamba2 from Zyphra/Zamba2-7B-Instruct …
==PROF== Disconnected from process 2694477
==ERROR== The application returned an error code (1).
","/apps/applications/Miniconda/25.11.1/envs/pytorch_2.9.1_cuda13/lib/python3.14/site-packages/torch/cuda/__init__.py:63: FutureWarning: The pynvml package is deprecated. Please install nvidia-ml-py instead. If you did not install pynvml directly, please report this to the maintainers of the package that installed pynvml for you.
  import pynvml  # type: ignore[import]
Warning: You are sending unauthenticated requests to the HF Hub. Please set a HF_TOKEN to enable higher rate limits and faster downloads.
[transformers] `torch_dtype` is deprecated! Use `dtype` instead!
Traceback (most recent call last):
  File ""/scratch/ehmoon/whlee/prefill-layer-alloc/stage1_sm_scaling/../src/profiling/_ncu_target.py"", line 132, in <module>
    main()
    ~~~~^^
  File ""/scratch/ehmoon/whlee/prefill-layer-alloc/stage1_sm_scaling/../src/profiling/_ncu_target.py"", line 116, in main
    kernel()
    ~~~~~~^^
  File ""/scratch/ehmoon/whlee/prefill-layer-alloc/stage1_sm_scaling/../src/profiling/_ncu_target.py"",",
94,0.8703703703703703,108,,,1,1,1.0638297872340425,1,98.93617021276596,No kernels captured in ncu output,,,"==WARNING== Note: Running with unmodified GPU clocks. If not controlled otherwise, profiling results may be inconsistent.
==PROF== Connected to process 2694841 (/apps/applications/Miniconda/25.11.1/envs/pytorch_2.9.1_cuda13/bin/python3.14)
Loading Zamba2 from Zyphra/Zamba2-7B-Instruct …
==PROF== Disconnected from process 2694841
==WARNING== No kernels were profiled.
==WARNING== Note that specified NVTX include expressions match only start/end ranges.
==WARNING== Refer https://docs.nvidia.com/nsi"
94,0.8703703703703703,108,,,1,1,1.0638297872340425,1,98.93617021276596,No kernels captured in ncu output,,,"==WARNING== Note: Running with unmodified GPU clocks. If not controlled otherwise, profiling results may be inconsistent.
==PROF== Connected to process 2695011 (/apps/applications/Miniconda/25.11.1/envs/pytorch_2.9.1_cuda13/bin/python3.14)
Loading Zamba2 from Zyphra/Zamba2-7B-Instruct …
==PROF== Disconnected from process 2695011
==WARNING== No kernels were profiled.
==WARNING== Note that specified NVTX include expressions match only start/end ranges.
==WARNING== Refer https://docs.nvidia.com/nsi"
94,0.8703703703703703,108,,,1,1,1.0638297872340425,1,98.93617021276596,No kernels captured in ncu output,,,"==WARNING== Note: Running with unmodified GPU clocks. If not controlled otherwise, profiling results may be inconsistent.
==PROF== Connected to process 2695180 (/apps/applications/Miniconda/25.11.1/envs/pytorch_2.9.1_cuda13/bin/python3.14)
Loading Zamba2 from Zyphra/Zamba2-7B-Instruct …
==PROF== Disconnected from process 2695180
==WARNING== No kernels were profiled.
==WARNING== Note that specified NVTX include expressions match only start/end ranges.
==WARNING== Refer https://docs.nvidia.com/nsi"
94,0.8703703703703703,108,,,1,1,1.0638297872340425,1,98.93617021276596,No kernels captured in ncu output,,,"==WARNING== Note: Running with unmodified GPU clocks. If not controlled otherwise, profiling results may be inconsistent.
==PROF== Connected to process 2695347 (/apps/applications/Miniconda/25.11.1/envs/pytorch_2.9.1_cuda13/bin/python3.14)
Loading Zamba2 from Zyphra/Zamba2-7B-Instruct …
==PROF== Disconnected from process 2695347
==WARNING== No kernels were profiled.
==WARNING== Note that specified NVTX include expressions match only start/end ranges.
==WARNING== Refer https://docs.nvidia.com/nsi"
94,0.8703703703703703,108,,,1,1,1.0638297872340425,1,98.93617021276596,No kernels captured in ncu output,,,"==WARNING== Note: Running with unmodified GPU clocks. If not controlled otherwise, profiling results may be inconsistent.
==PROF== Connected to process 2695516 (/apps/applications/Miniconda/25.11.1/envs/pytorch_2.9.1_cuda13/bin/python3.14)
Loading Zamba2 from Zyphra/Zamba2-7B-Instruct …
==PROF== Disconnected from process 2695516
==WARNING== No kernels were profiled.
==WARNING== Note that specified NVTX include expressions match only start/end ranges.
==WARNING== Refer https://docs.nvidia.com/nsi"
94,0.8703703703703703,108,,,1,1,1.0638297872340425,1,98.93617021276596,No kernels captured in ncu output,,,"==WARNING== Note: Running with unmodified GPU clocks. If not controlled otherwise, profiling results may be inconsistent.
==PROF== Connected to process 2695685 (/apps/applications/Miniconda/25.11.1/envs/pytorch_2.9.1_cuda13/bin/python3.14)
Loading Zamba2 from Zyphra/Zamba2-7B-Instruct …
==PROF== Disconnected from process 2695685
==WARNING== No kernels were profiled.
==WARNING== Note that specified NVTX include expressions match only start/end ranges.
==WARNING== Refer https://docs.nvidia.com/nsi"
94,0.8703703703703703,108,,,1,1,1.0638297872340425,1,98.93617021276596,No kernels captured in ncu output,,,"==WARNING== Note: Running with unmodified GPU clocks. If not controlled otherwise, profiling results may be inconsistent.
==PROF== Connected to process 2695853 (/apps/applications/Miniconda/25.11.1/envs/pytorch_2.9.1_cuda13/bin/python3.14)
Loading Zamba2 from Zyphra/Zamba2-7B-Instruct …
==PROF== Disconnected from process 2695853
==WARNING== No kernels were profiled.
==WARNING== Note that specified NVTX include expressions match only start/end ranges.
==WARNING== Refer https://docs.nvidia.com/nsi"
94,0.8703703703703703,108,,,1,1,1.0638297872340425,1,98.93617021276596,No kernels captured in ncu output,,,"==WARNING== Note: Running with unmodified GPU clocks. If not controlled otherwise, profiling results may be inconsistent.
==PROF== Connected to process 2696365 (/apps/applications/Miniconda/25.11.1/envs/pytorch_2.9.1_cuda13/bin/python3.14)
Loading Zamba2 from Zyphra/Zamba2-7B-Instruct …
==PROF== Disconnected from process 2696365
==WARNING== No kernels were profiled.
==WARNING== Note that specified NVTX include expressions match only start/end ranges.
==WARNING== Refer https://docs.nvidia.com/nsi"
94,0.8703703703703703,108,,,1,1,1.0638297872340425,1,98.93617021276596,No kernels captured in ncu output,,,"==WARNING== Note: Running with unmodified GPU clocks. If not controlled otherwise, profiling results may be inconsistent.
==PROF== Connected to process 2696537 (/apps/applications/Miniconda/25.11.1/envs/pytorch_2.9.1_cuda13/bin/python3.14)
Loading Zamba2 from Zyphra/Zamba2-7B-Instruct …
==PROF== Disconnected from process 2696537
==WARNING== No kernels were profiled.
==WARNING== Note that specified NVTX include expressions match only start/end ranges.
==WARNING== Refer https://docs.nvidia.com/nsi"
94,0.8703703703703703,108,,,1,1,1.0638297872340425,1,98.93617021276596,No kernels captured in ncu output,,,"==WARNING== Note: Running with unmodified GPU clocks. If not controlled otherwise, profiling results may be inconsistent.
==PROF== Connected to process 2696703 (/apps/applications/Miniconda/25.11.1/envs/pytorch_2.9.1_cuda13/bin/python3.14)
Loading Zamba2 from Zyphra/Zamba2-7B-Instruct …
==PROF== Disconnected from process 2696703
==WARNING== No kernels were profiled.
==WARNING== Note that specified NVTX include expressions match only start/end ranges.
==WARNING== Refer https://docs.nvidia.com/nsi"
94,0.8703703703703703,108,,,1,1,1.0638297872340425,1,98.93617021276596,No kernels captured in ncu output,,,"==WARNING== Note: Running with unmodified GPU clocks. If not controlled otherwise, profiling results may be inconsistent.
==PROF== Connected to process 2696872 (/apps/applications/Miniconda/25.11.1/envs/pytorch_2.9.1_cuda13/bin/python3.14)
Loading Zamba2 from Zyphra/Zamba2-7B-Instruct …
==PROF== Disconnected from process 2696872
==WARNING== No kernels were profiled.
==WARNING== Note that specified NVTX include expressions match only start/end ranges.
==WARNING== Refer https://docs.nvidia.com/nsi"
94,0.8703703703703703,108,,,1,1,1.0638297872340425,1,98.93617021276596,No kernels captured in ncu output,,,"==WARNING== Note: Running with unmodified GPU clocks. If not controlled otherwise, profiling results may be inconsistent.
==PROF== Connected to process 2697039 (/apps/applications/Miniconda/25.11.1/envs/pytorch_2.9.1_cuda13/bin/python3.14)
Loading Zamba2 from Zyphra/Zamba2-7B-Instruct …
==PROF== Disconnected from process 2697039
==WARNING== No kernels were profiled.
==WARNING== Note that specified NVTX include expressions match only start/end ranges.
==WARNING== Refer https://docs.nvidia.com/nsi"
94,0.8703703703703703,108,,,1,1,1.0638297872340425,1,98.93617021276596,No kernels captured in ncu output,,,"==WARNING== Note: Running with unmodified GPU clocks. If not controlled otherwise, profiling results may be inconsistent.
==PROF== Connected to process 2697207 (/apps/applications/Miniconda/25.11.1/envs/pytorch_2.9.1_cuda13/bin/python3.14)
Loading Zamba2 from Zyphra/Zamba2-7B-Instruct …
==PROF== Disconnected from process 2697207
==WARNING== No kernels were profiled.
==WARNING== Note that specified NVTX include expressions match only start/end ranges.
==WARNING== Refer https://docs.nvidia.com/nsi"
94,0.8703703703703703,108,,,1,1,1.0638297872340425,1,98.93617021276596,No kernels captured in ncu output,,,"==WARNING== Note: Running with unmodified GPU clocks. If not controlled otherwise, profiling results may be inconsistent.
==PROF== Connected to process 2697375 (/apps/applications/Miniconda/25.11.1/envs/pytorch_2.9.1_cuda13/bin/python3.14)
Loading Zamba2 from Zyphra/Zamba2-7B-Instruct …
==PROF== Disconnected from process 2697375
==WARNING== No kernels were profiled.
==WARNING== Note that specified NVTX include expressions match only start/end ranges.
==WARNING== Refer https://docs.nvidia.com/nsi"
94,0.8703703703703703,108,,,1,1,1.0638297872340425,1,98.93617021276596,No kernels captured in ncu output,,,"==WARNING== Note: Running with unmodified GPU clocks. If not controlled otherwise, profiling results may be inconsistent.
==PROF== Connected to process 2697914 (/apps/applications/Miniconda/25.11.1/envs/pytorch_2.9.1_cuda13/bin/python3.14)
Loading Zamba2 from Zyphra/Zamba2-7B-Instruct …
==PROF== Disconnected from process 2697914
==WARNING== No kernels were profiled.
==WARNING== Note that specified NVTX include expressions match only start/end ranges.
==WARNING== Refer https://docs.nvidia.com/nsi"
94,0.8703703703703703,108,,,1,1,1.0638297872340425,1,98.93617021276596,No kernels captured in ncu output,,,"==WARNING== Note: Running with unmodified GPU clocks. If not controlled otherwise, profiling results may be inconsistent.
==PROF== Connected to process 2698086 (/apps/applications/Miniconda/25.11.1/envs/pytorch_2.9.1_cuda13/bin/python3.14)
Loading Zamba2 from Zyphra/Zamba2-7B-Instruct …
==PROF== Disconnected from process 2698086
==WARNING== No kernels were profiled.
==WARNING== Note that specified NVTX include expressions match only start/end ranges.
==WARNING== Refer https://docs.nvidia.com/nsi"
94,0.8703703703703703,108,,,1,1,1.0638297872340425,1,98.93617021276596,No kernels captured in ncu output,,,"==WARNING== Note: Running with unmodified GPU clocks. If not controlled otherwise, profiling results may be inconsistent.
==PROF== Connected to process 2698253 (/apps/applications/Miniconda/25.11.1/envs/pytorch_2.9.1_cuda13/bin/python3.14)
Loading Zamba2 from Zyphra/Zamba2-7B-Instruct …
==PROF== Disconnected from process 2698253
==WARNING== No kernels were profiled.
==WARNING== Note that specified NVTX include expressions match only start/end ranges.
==WARNING== Refer https://docs.nvidia.com/nsi"
94,0.8703703703703703,108,,,1,1,1.0638297872340425,1,98.93617021276596,No kernels captured in ncu output,,,"==WARNING== Note: Running with unmodified GPU clocks. If not controlled otherwise, profiling results may be inconsistent.
==PROF== Connected to process 2698422 (/apps/applications/Miniconda/25.11.1/envs/pytorch_2.9.1_cuda13/bin/python3.14)
Loading Zamba2 from Zyphra/Zamba2-7B-Instruct …
==PROF== Disconnected from process 2698422
==WARNING== No kernels were profiled.
==WARNING== Note that specified NVTX include expressions match only start/end ranges.
==WARNING== Refer https://docs.nvidia.com/nsi"
94,0.8703703703703703,108,,,1,1,1.0638297872340425,1,98.93617021276596,No kernels captured in ncu output,,,"==WARNING== Note: Running with unmodified GPU clocks. If not controlled otherwise, profiling results may be inconsistent.
==PROF== Connected to process 2698590 (/apps/applications/Miniconda/25.11.1/envs/pytorch_2.9.1_cuda13/bin/python3.14)
Loading Zamba2 from Zyphra/Zamba2-7B-Instruct …
==PROF== Disconnected from process 2698590
==WARNING== No kernels were profiled.
==WARNING== Note that specified NVTX include expressions match only start/end ranges.
==WARNING== Refer https://docs.nvidia.com/nsi"
94,0.8703703703703703,108,,,1,1,1.0638297872340425,1,98.93617021276596,No kernels captured in ncu output,,,"==WARNING== Note: Running with unmodified GPU clocks. If not controlled otherwise, profiling results may be inconsistent.
==PROF== Connected to process 2698761 (/apps/applications/Miniconda/25.11.1/envs/pytorch_2.9.1_cuda13/bin/python3.14)
Loading Zamba2 from Zyphra/Zamba2-7B-Instruct …
==PROF== Disconnected from process 2698761
==WARNING== No kernels were profiled.
==WARNING== Note that specified NVTX include expressions match only start/end ranges.
==WARNING== Refer https://docs.nvidia.com/nsi"
94,0.8703703703703703,108,,,1,1,1.0638297872340425,1,98.93617021276596,No kernels captured in ncu output,,,"==WARNING== Note: Running with unmodified GPU clocks. If not controlled otherwise, profiling results may be inconsistent.
==PROF== Connected to process 2698930 (/apps/applications/Miniconda/25.11.1/envs/pytorch_2.9.1_cuda13/bin/python3.14)
Loading Zamba2 from Zyphra/Zamba2-7B-Instruct …
==PROF== Disconnected from process 2698930
==WARNING== No kernels were profiled.
==WARNING== Note that specified NVTX include expressions match only start/end ranges.
==WARNING== Refer https://docs.nvidia.com/nsi"
94,0.8703703703703703,108,,,1,1,1.0638297872340425,1,98.93617021276596,No kernels captured in ncu output,,,"==WARNING== Note: Running with unmodified GPU clocks. If not controlled otherwise, profiling results may be inconsistent.
==PROF== Connected to process 2699444 (/apps/applications/Miniconda/25.11.1/envs/pytorch_2.9.1_cuda13/bin/python3.14)
Loading Zamba2 from Zyphra/Zamba2-7B-Instruct …
==PROF== Disconnected from process 2699444
==WARNING== No kernels were profiled.
==WARNING== Note that specified NVTX include expressions match only start/end ranges.
==WARNING== Refer https://docs.nvidia.com/nsi"
94,0.8703703703703703,108,,,1,1,1.0638297872340425,1,98.93617021276596,No kernels captured in ncu output,,,"==WARNING== Note: Running with unmodified GPU clocks. If not controlled otherwise, profiling results may be inconsistent.
==PROF== Connected to process 2699612 (/apps/applications/Miniconda/25.11.1/envs/pytorch_2.9.1_cuda13/bin/python3.14)
Loading Zamba2 from Zyphra/Zamba2-7B-Instruct …
==PROF== Disconnected from process 2699612
==WARNING== No kernels were profiled.
==WARNING== Note that specified NVTX include expressions match only start/end ranges.
==WARNING== Refer https://docs.nvidia.com/nsi"
94,0.8703703703703703,108,,,1,1,1.0638297872340425,1,98.93617021276596,No kernels captured in ncu output,,,"==WARNING== Note: Running with unmodified GPU clocks. If not controlled otherwise, profiling results may be inconsistent.
==PROF== Connected to process 2699780 (/apps/applications/Miniconda/25.11.1/envs/pytorch_2.9.1_cuda13/bin/python3.14)
Loading Zamba2 from Zyphra/Zamba2-7B-Instruct …
==PROF== Disconnected from process 2699780
==WARNING== No kernels were profiled.
==WARNING== Note that specified NVTX include expressions match only start/end ranges.
==WARNING== Refer https://docs.nvidia.com/nsi"
94,0.8703703703703703,108,,,1,1,1.0638297872340425,1,98.93617021276596,No kernels captured in ncu output,,,"==WARNING== Note: Running with unmodified GPU clocks. If not controlled otherwise, profiling results may be inconsistent.
==PROF== Connected to process 2699949 (/apps/applications/Miniconda/25.11.1/envs/pytorch_2.9.1_cuda13/bin/python3.14)
Loading Zamba2 from Zyphra/Zamba2-7B-Instruct …
==PROF== Disconnected from process 2699949
==WARNING== No kernels were profiled.
==WARNING== Note that specified NVTX include expressions match only start/end ranges.
==WARNING== Refer https://docs.nvidia.com/nsi"
94,0.8703703703703703,108,,,1,1,1.0638297872340425,1,98.93617021276596,No kernels captured in ncu output,,,"==WARNING== Note: Running with unmodified GPU clocks. If not controlled otherwise, profiling results may be inconsistent.
==PROF== Connected to process 2700119 (/apps/applications/Miniconda/25.11.1/envs/pytorch_2.9.1_cuda13/bin/python3.14)
Loading Zamba2 from Zyphra/Zamba2-7B-Instruct …
==PROF== Disconnected from process 2700119
==WARNING== No kernels were profiled.
==WARNING== Note that specified NVTX include expressions match only start/end ranges.
==WARNING== Refer https://docs.nvidia.com/nsi"
94,0.8703703703703703,108,,,1,1,1.0638297872340425,1,98.93617021276596,No kernels captured in ncu output,,,"==WARNING== Note: Running with unmodified GPU clocks. If not controlled otherwise, profiling results may be inconsistent.
==PROF== Connected to process 2700287 (/apps/applications/Miniconda/25.11.1/envs/pytorch_2.9.1_cuda13/bin/python3.14)
Loading Zamba2 from Zyphra/Zamba2-7B-Instruct …
==PROF== Disconnected from process 2700287
==WARNING== No kernels were profiled.
==WARNING== Note that specified NVTX include expressions match only start/end ranges.
==WARNING== Refer https://docs.nvidia.com/nsi"
94,0.8703703703703703,108,,,1,1,1.0638297872340425,1,98.93617021276596,No kernels captured in ncu output,,,"==WARNING== Note: Running with unmodified GPU clocks. If not controlled otherwise, profiling results may be inconsistent.
==PROF== Connected to process 2700510 (/apps/applications/Miniconda/25.11.1/envs/pytorch_2.9.1_cuda13/bin/python3.14)
Loading Zamba2 from Zyphra/Zamba2-7B-Instruct …
==PROF== Disconnected from process 2700510
==WARNING== No kernels were profiled.
==WARNING== Note that specified NVTX include expressions match only start/end ranges.
==WARNING== Refer https://docs.nvidia.com/nsi"
94,0.8703703703703703,108,,,1,1,1.0638297872340425,1,98.93617021276596,No kernels captured in ncu output,,,"==WARNING== Note: Running with unmodified GPU clocks. If not controlled otherwise, profiling results may be inconsistent.
==PROF== Connected to process 2701279 (/apps/applications/Miniconda/25.11.1/envs/pytorch_2.9.1_cuda13/bin/python3.14)
Loading Zamba2 from Zyphra/Zamba2-7B-Instruct …
==PROF== Disconnected from process 2701279
==WARNING== No kernels were profiled.
==WARNING== Note that specified NVTX include expressions match only start/end ranges.
==WARNING== Refer https://docs.nvidia.com/nsi"
94,0.8703703703703703,108,,,1,1,1.0638297872340425,1,98.93617021276596,No kernels captured in ncu output,,,"==WARNING== Note: Running with unmodified GPU clocks. If not controlled otherwise, profiling results may be inconsistent.
==PROF== Connected to process 2701451 (/apps/applications/Miniconda/25.11.1/envs/pytorch_2.9.1_cuda13/bin/python3.14)
Loading Zamba2 from Zyphra/Zamba2-7B-Instruct …
==PROF== Disconnected from process 2701451
==WARNING== No kernels were profiled.
==WARNING== Note that specified NVTX include expressions match only start/end ranges.
==WARNING== Refer https://docs.nvidia.com/nsi"
94,0.8703703703703703,108,,,1,1,1.0638297872340425,1,98.93617021276596,No kernels captured in ncu output,,,"==WARNING== Note: Running with unmodified GPU clocks. If not controlled otherwise, profiling results may be inconsistent.
==PROF== Connected to process 2701636 (/apps/applications/Miniconda/25.11.1/envs/pytorch_2.9.1_cuda13/bin/python3.14)
Loading Zamba2 from Zyphra/Zamba2-7B-Instruct …
==PROF== Disconnected from process 2701636
==WARNING== No kernels were profiled.
==WARNING== Note that specified NVTX include expressions match only start/end ranges.
==WARNING== Refer https://docs.nvidia.com/nsi"
94,0.8703703703703703,108,,,1,1,1.0638297872340425,1,98.93617021276596,No kernels captured in ncu output,,,"==WARNING== Note: Running with unmodified GPU clocks. If not controlled otherwise, profiling results may be inconsistent.
==PROF== Connected to process 2701805 (/apps/applications/Miniconda/25.11.1/envs/pytorch_2.9.1_cuda13/bin/python3.14)
Loading Zamba2 from Zyphra/Zamba2-7B-Instruct …
==PROF== Disconnected from process 2701805
==WARNING== No kernels were profiled.
==WARNING== Note that specified NVTX include expressions match only start/end ranges.
==WARNING== Refer https://docs.nvidia.com/nsi"
94,0.8703703703703703,108,,,1,1,1.0638297872340425,1,98.93617021276596,No kernels captured in ncu output,,,"==WARNING== Note: Running with unmodified GPU clocks. If not controlled otherwise, profiling results may be inconsistent.
==PROF== Connected to process 2701975 (/apps/applications/Miniconda/25.11.1/envs/pytorch_2.9.1_cuda13/bin/python3.14)
Loading Zamba2 from Zyphra/Zamba2-7B-Instruct …
==PROF== Disconnected from process 2701975
==WARNING== No kernels were profiled.
==WARNING== Note that specified NVTX include expressions match only start/end ranges.
==WARNING== Refer https://docs.nvidia.com/nsi"
94,0.8703703703703703,108,,,1,1,1.0638297872340425,1,98.93617021276596,No kernels captured in ncu output,,,"==WARNING== Note: Running with unmodified GPU clocks. If not controlled otherwise, profiling results may be inconsistent.
==PROF== Connected to process 2702514 (/apps/applications/Miniconda/25.11.1/envs/pytorch_2.9.1_cuda13/bin/python3.14)
Loading Zamba2 from Zyphra/Zamba2-7B-Instruct …
==PROF== Disconnected from process 2702514
==WARNING== No kernels were profiled.
==WARNING== Note that specified NVTX include expressions match only start/end ranges.
==WARNING== Refer https://docs.nvidia.com/nsi"
94,0.8703703703703703,108,,,1,1,1.0638297872340425,1,98.93617021276596,No kernels captured in ncu output,,,"==WARNING== Note: Running with unmodified GPU clocks. If not controlled otherwise, profiling results may be inconsistent.
==PROF== Connected to process 2702689 (/apps/applications/Miniconda/25.11.1/envs/pytorch_2.9.1_cuda13/bin/python3.14)
Loading Zamba2 from Zyphra/Zamba2-7B-Instruct …
==PROF== Disconnected from process 2702689
==WARNING== No kernels were profiled.
==WARNING== Note that specified NVTX include expressions match only start/end ranges.
==WARNING== Refer https://docs.nvidia.com/nsi"
94,0.8703703703703703,108,,,1,1,1.0638297872340425,1,98.93617021276596,No kernels captured in ncu output,,,"==WARNING== Note: Running with unmodified GPU clocks. If not controlled otherwise, profiling results may be inconsistent.
==PROF== Connected to process 2702863 (/apps/applications/Miniconda/25.11.1/envs/pytorch_2.9.1_cuda13/bin/python3.14)
Loading Zamba2 from Zyphra/Zamba2-7B-Instruct …
==PROF== Disconnected from process 2702863
==WARNING== No kernels were profiled.
==WARNING== Note that specified NVTX include expressions match only start/end ranges.
==WARNING== Refer https://docs.nvidia.com/nsi"
94,0.8703703703703703,108,,,1,1,1.0638297872340425,1,98.93617021276596,No kernels captured in ncu output,,,"==WARNING== Note: Running with unmodified GPU clocks. If not controlled otherwise, profiling results may be inconsistent.
==PROF== Connected to process 2703032 (/apps/applications/Miniconda/25.11.1/envs/pytorch_2.9.1_cuda13/bin/python3.14)
Loading Zamba2 from Zyphra/Zamba2-7B-Instruct …
==PROF== Disconnected from process 2703032
==WARNING== No kernels were profiled.
==WARNING== Note that specified NVTX include expressions match only start/end ranges.
==WARNING== Refer https://docs.nvidia.com/nsi"
94,0.8703703703703703,108,,,1,1,1.0638297872340425,1,98.93617021276596,No kernels captured in ncu output,,,"==WARNING== Note: Running with unmodified GPU clocks. If not controlled otherwise, profiling results may be inconsistent.
==PROF== Connected to process 2703200 (/apps/applications/Miniconda/25.11.1/envs/pytorch_2.9.1_cuda13/bin/python3.14)
Loading Zamba2 from Zyphra/Zamba2-7B-Instruct …
==PROF== Disconnected from process 2703200
==WARNING== No kernels were profiled.
==WARNING== Note that specified NVTX include expressions match only start/end ranges.
==WARNING== Refer https://docs.nvidia.com/nsi"
94,0.8703703703703703,108,,,1,1,1.0638297872340425,1,98.93617021276596,No kernels captured in ncu output,,,"==WARNING== Note: Running with unmodified GPU clocks. If not controlled otherwise, profiling results may be inconsistent.
==PROF== Connected to process 2703718 (/apps/applications/Miniconda/25.11.1/envs/pytorch_2.9.1_cuda13/bin/python3.14)
Loading Zamba2 from Zyphra/Zamba2-7B-Instruct …
==PROF== Disconnected from process 2703718
==WARNING== No kernels were profiled.
==WARNING== Note that specified NVTX include expressions match only start/end ranges.
==WARNING== Refer https://docs.nvidia.com/nsi"
94,0.8703703703703703,108,32768,64,524288,5578,99.99160837026922,50,0.008391629730786221,ncu exit code 1,"==WARNING== Note: Running with unmodified GPU clocks. If not controlled otherwise, profiling results may be inconsistent.
==PROF== Connected to process 2703891 (/apps/applications/Miniconda/25.11.1/envs/pytorch_2.9.1_cuda13/bin/python3.14)
Loading Zamba2 from Zyphra/Zamba2-7B-Instruct …
==PROF== Disconnected from process 2703891
==ERROR== The application returned an error code (1).
","/apps/applications/Miniconda/25.11.1/envs/pytorch_2.9.1_cuda13/lib/python3.14/site-packages/torch/cuda/__init__.py:63: FutureWarning: The pynvml package is deprecated. Please install nvidia-ml-py instead. If you did not install pynvml directly, please report this to the maintainers of the package that installed pynvml for you.
  import pynvml  # type: ignore[import]
Warning: You are sending unauthenticated requests to the HF Hub. Please set a HF_TOKEN to enable higher rate limits and faster downloads.
[transformers] `torch_dtype` is deprecated! Use `dtype` instead!
Traceback (most recent call last):
  File ""/scratch/ehmoon/whlee/prefill-layer-alloc/stage1_sm_scaling/../src/profiling/_ncu_target.py"", line 132, in <module>
    main()
    ~~~~^^
  File ""/scratch/ehmoon/whlee/prefill-layer-alloc/stage1_sm_scaling/../src/profiling/_ncu_target.py"", line 116, in main
    kernel()
    ~~~~~~^^
  File ""/scratch/ehmoon/whlee/prefill-layer-alloc/stage1_sm_scaling/../src/profiling/_ncu_target.py"",",
108,1.0,108,,,1,1,0.9259259259259258,1,99.07407407407408,No kernels captured in ncu output,,,"==WARNING== Note: Running with unmodified GPU clocks. If not controlled otherwise, profiling results may be inconsistent.
==PROF== Connected to process 2704060 (/apps/applications/Miniconda/25.11.1/envs/pytorch_2.9.1_cuda13/bin/python3.14)
Loading Zamba2 from Zyphra/Zamba2-7B-Instruct …
==PROF== Disconnected from process 2704060
==WARNING== No kernels were profiled.
==WARNING== Note that specified NVTX include expressions match only start/end ranges.
==WARNING== Refer https://docs.nvidia.com/nsi"
108,1.0,108,,,1,1,0.9259259259259258,1,99.07407407407408,No kernels captured in ncu output,,,"==WARNING== Note: Running with unmodified GPU clocks. If not controlled otherwise, profiling results may be inconsistent.
==PROF== Connected to process 2704229 (/apps/applications/Miniconda/25.11.1/envs/pytorch_2.9.1_cuda13/bin/python3.14)
Loading Zamba2 from Zyphra/Zamba2-7B-Instruct …
==PROF== Disconnected from process 2704229
==WARNING== No kernels were profiled.
==WARNING== Note that specified NVTX include expressions match only start/end ranges.
==WARNING== Refer https://docs.nvidia.com/nsi"
108,1.0,108,,,1,1,0.9259259259259258,1,99.07407407407408,No kernels captured in ncu output,,,"==WARNING== Note: Running with unmodified GPU clocks. If not controlled otherwise, profiling results may be inconsistent.
==PROF== Connected to process 2704396 (/apps/applications/Miniconda/25.11.1/envs/pytorch_2.9.1_cuda13/bin/python3.14)
Loading Zamba2 from Zyphra/Zamba2-7B-Instruct …
==PROF== Disconnected from process 2704396
==WARNING== No kernels were profiled.
==WARNING== Note that specified NVTX include expressions match only start/end ranges.
==WARNING== Refer https://docs.nvidia.com/nsi"
108,1.0,108,,,1,1,0.9259259259259258,1,99.07407407407408,No kernels captured in ncu output,,,"==WARNING== Note: Running with unmodified GPU clocks. If not controlled otherwise, profiling results may be inconsistent.
==PROF== Connected to process 2704936 (/apps/applications/Miniconda/25.11.1/envs/pytorch_2.9.1_cuda13/bin/python3.14)
Loading Zamba2 from Zyphra/Zamba2-7B-Instruct …
==PROF== Disconnected from process 2704936
==WARNING== No kernels were profiled.
==WARNING== Note that specified NVTX include expressions match only start/end ranges.
==WARNING== Refer https://docs.nvidia.com/nsi"
108,1.0,108,,,1,1,0.9259259259259258,1,99.07407407407408,No kernels captured in ncu output,,,"==WARNING== Note: Running with unmodified GPU clocks. If not controlled otherwise, profiling results may be inconsistent.
==PROF== Connected to process 2705109 (/apps/applications/Miniconda/25.11.1/envs/pytorch_2.9.1_cuda13/bin/python3.14)
Loading Zamba2 from Zyphra/Zamba2-7B-Instruct …
==PROF== Disconnected from process 2705109
==WARNING== No kernels were profiled.
==WARNING== Note that specified NVTX include expressions match only start/end ranges.
==WARNING== Refer https://docs.nvidia.com/nsi"
108,1.0,108,,,1,1,0.9259259259259258,1,99.07407407407408,No kernels captured in ncu output,,,"==WARNING== Note: Running with unmodified GPU clocks. If not controlled otherwise, profiling results may be inconsistent.
==PROF== Connected to process 2705277 (/apps/applications/Miniconda/25.11.1/envs/pytorch_2.9.1_cuda13/bin/python3.14)
Loading Zamba2 from Zyphra/Zamba2-7B-Instruct …
==PROF== Disconnected from process 2705277
==WARNING== No kernels were profiled.
==WARNING== Note that specified NVTX include expressions match only start/end ranges.
==WARNING== Refer https://docs.nvidia.com/nsi"
108,1.0,108,,,1,1,0.9259259259259258,1,99.07407407407408,No kernels captured in ncu output,,,"==WARNING== Note: Running with unmodified GPU clocks. If not controlled otherwise, profiling results may be inconsistent.
==PROF== Connected to process 2705445 (/apps/applications/Miniconda/25.11.1/envs/pytorch_2.9.1_cuda13/bin/python3.14)
Loading Zamba2 from Zyphra/Zamba2-7B-Instruct …
==PROF== Disconnected from process 2705445
==WARNING== No kernels were profiled.
==WARNING== Note that specified NVTX include expressions match only start/end ranges.
==WARNING== Refer https://docs.nvidia.com/nsi"
108,1.0,108,,,1,1,0.9259259259259258,1,99.07407407407408,No kernels captured in ncu output,,,"==WARNING== Note: Running with unmodified GPU clocks. If not controlled otherwise, profiling results may be inconsistent.
==PROF== Connected to process 2705613 (/apps/applications/Miniconda/25.11.1/envs/pytorch_2.9.1_cuda13/bin/python3.14)
Loading Zamba2 from Zyphra/Zamba2-7B-Instruct …
==PROF== Disconnected from process 2705613
==WARNING== No kernels were profiled.
==WARNING== Note that specified NVTX include expressions match only start/end ranges.
==WARNING== Refer https://docs.nvidia.com/nsi"
108,1.0,108,,,1,1,0.9259259259259258,1,99.07407407407408,No kernels captured in ncu output,,,"==WARNING== Note: Running with unmodified GPU clocks. If not controlled otherwise, profiling results may be inconsistent.
==PROF== Connected to process 2705783 (/apps/applications/Miniconda/25.11.1/envs/pytorch_2.9.1_cuda13/bin/python3.14)
Loading Zamba2 from Zyphra/Zamba2-7B-Instruct …
==PROF== Disconnected from process 2705783
==WARNING== No kernels were profiled.
==WARNING== Note that specified NVTX include expressions match only start/end ranges.
==WARNING== Refer https://docs.nvidia.com/nsi"
108,1.0,108,,,1,1,0.9259259259259258,1,99.07407407407408,No kernels captured in ncu output,,,"==WARNING== Note: Running with unmodified GPU clocks. If not controlled otherwise, profiling results may be inconsistent.
==PROF== Connected to process 2705967 (/apps/applications/Miniconda/25.11.1/envs/pytorch_2.9.1_cuda13/bin/python3.14)
Loading Zamba2 from Zyphra/Zamba2-7B-Instruct …
==PROF== Disconnected from process 2705967
==WARNING== No kernels were profiled.
==WARNING== Note that specified NVTX include expressions match only start/end ranges.
==WARNING== Refer https://docs.nvidia.com/nsi"
108,1.0,108,,,1,1,0.9259259259259258,1,99.07407407407408,No kernels captured in ncu output,,,"==WARNING== Note: Running with unmodified GPU clocks. If not controlled otherwise, profiling results may be inconsistent.
==PROF== Connected to process 2706506 (/apps/applications/Miniconda/25.11.1/envs/pytorch_2.9.1_cuda13/bin/python3.14)
Loading Zamba2 from Zyphra/Zamba2-7B-Instruct …
==PROF== Disconnected from process 2706506
==WARNING== No kernels were profiled.
==WARNING== Note that specified NVTX include expressions match only start/end ranges.
==WARNING== Refer https://docs.nvidia.com/nsi"
108,1.0,108,,,1,1,0.9259259259259258,1,99.07407407407408,No kernels captured in ncu output,,,"==WARNING== Note: Running with unmodified GPU clocks. If not controlled otherwise, profiling results may be inconsistent.
==PROF== Connected to process 2706679 (/apps/applications/Miniconda/25.11.1/envs/pytorch_2.9.1_cuda13/bin/python3.14)
Loading Zamba2 from Zyphra/Zamba2-7B-Instruct …
==PROF== Disconnected from process 2706679
==WARNING== No kernels were profiled.
==WARNING== Note that specified NVTX include expressions match only start/end ranges.
==WARNING== Refer https://docs.nvidia.com/nsi"
108,1.0,108,,,1,1,0.9259259259259258,1,99.07407407407408,No kernels captured in ncu output,,,"==WARNING== Note: Running with unmodified GPU clocks. If not controlled otherwise, profiling results may be inconsistent.
==PROF== Connected to process 2706846 (/apps/applications/Miniconda/25.11.1/envs/pytorch_2.9.1_cuda13/bin/python3.14)
Loading Zamba2 from Zyphra/Zamba2-7B-Instruct …
==PROF== Disconnected from process 2706846
==WARNING== No kernels were profiled.
==WARNING== Note that specified NVTX include expressions match only start/end ranges.
==WARNING== Refer https://docs.nvidia.com/nsi"
108,1.0,108,,,1,1,0.9259259259259258,1,99.07407407407408,No kernels captured in ncu output,,,"==WARNING== Note: Running with unmodified GPU clocks. If not controlled otherwise, profiling results may be inconsistent.
==PROF== Connected to process 2707015 (/apps/applications/Miniconda/25.11.1/envs/pytorch_2.9.1_cuda13/bin/python3.14)
Loading Zamba2 from Zyphra/Zamba2-7B-Instruct …
==PROF== Disconnected from process 2707015
==WARNING== No kernels were profiled.
==WARNING== Note that specified NVTX include expressions match only start/end ranges.
==WARNING== Refer https://docs.nvidia.com/nsi"
108,1.0,108,,,1,1,0.9259259259259258,1,99.07407407407408,No kernels captured in ncu output,,,"==WARNING== Note: Running with unmodified GPU clocks. If not controlled otherwise, profiling results may be inconsistent.
==PROF== Connected to process 2707183 (/apps/applications/Miniconda/25.11.1/envs/pytorch_2.9.1_cuda13/bin/python3.14)
Loading Zamba2 from Zyphra/Zamba2-7B-Instruct …
==PROF== Disconnected from process 2707183
==WARNING== No kernels were profiled.
==WARNING== Note that specified NVTX include expressions match only start/end ranges.
==WARNING== Refer https://docs.nvidia.com/nsi"
108,1.0,108,,,1,1,0.9259259259259258,1,99.07407407407408,No kernels captured in ncu output,,,"==WARNING== Note: Running with unmodified GPU clocks. If not controlled otherwise, profiling results may be inconsistent.
==PROF== Connected to process 2707353 (/apps/applications/Miniconda/25.11.1/envs/pytorch_2.9.1_cuda13/bin/python3.14)
Loading Zamba2 from Zyphra/Zamba2-7B-Instruct …
==PROF== Disconnected from process 2707353
==WARNING== No kernels were profiled.
==WARNING== Note that specified NVTX include expressions match only start/end ranges.
==WARNING== Refer https://docs.nvidia.com/nsi"
108,1.0,108,,,1,1,0.9259259259259258,1,99.07407407407408,No kernels captured in ncu output,,,"==WARNING== Note: Running with unmodified GPU clocks. If not controlled otherwise, profiling results may be inconsistent.
==PROF== Connected to process 2707521 (/apps/applications/Miniconda/25.11.1/envs/pytorch_2.9.1_cuda13/bin/python3.14)
Loading Zamba2 from Zyphra/Zamba2-7B-Instruct …
==PROF== Disconnected from process 2707521
==WARNING== No kernels were profiled.
==WARNING== Note that specified NVTX include expressions match only start/end ranges.
==WARNING== Refer https://docs.nvidia.com/nsi"
108,1.0,108,,,1,1,0.9259259259259258,1,99.07407407407408,No kernels captured in ncu output,,,"==WARNING== Note: Running with unmodified GPU clocks. If not controlled otherwise, profiling results may be inconsistent.
==PROF== Connected to process 2708397 (/apps/applications/Miniconda/25.11.1/envs/pytorch_2.9.1_cuda13/bin/python3.14)
Loading Zamba2 from Zyphra/Zamba2-7B-Instruct …
==PROF== Disconnected from process 2708397
==WARNING== No kernels were profiled.
==WARNING== Note that specified NVTX include expressions match only start/end ranges.
==WARNING== Refer https://docs.nvidia.com/nsi"
108,1.0,108,,,1,1,0.9259259259259258,1,99.07407407407408,No kernels captured in ncu output,,,"==WARNING== Note: Running with unmodified GPU clocks. If not controlled otherwise, profiling results may be inconsistent.
==PROF== Connected to process 2708566 (/apps/applications/Miniconda/25.11.1/envs/pytorch_2.9.1_cuda13/bin/python3.14)
Loading Zamba2 from Zyphra/Zamba2-7B-Instruct …
==PROF== Disconnected from process 2708566
==WARNING== No kernels were profiled.
==WARNING== Note that specified NVTX include expressions match only start/end ranges.
==WARNING== Refer https://docs.nvidia.com/nsi"
108,1.0,108,,,1,1,0.9259259259259258,1,99.07407407407408,No kernels captured in ncu output,,,"==WARNING== Note: Running with unmodified GPU clocks. If not controlled otherwise, profiling results may be inconsistent.
==PROF== Connected to process 2708734 (/apps/applications/Miniconda/25.11.1/envs/pytorch_2.9.1_cuda13/bin/python3.14)
Loading Zamba2 from Zyphra/Zamba2-7B-Instruct …
==PROF== Disconnected from process 2708734
==WARNING== No kernels were profiled.
==WARNING== Note that specified NVTX include expressions match only start/end ranges.
==WARNING== Refer https://docs.nvidia.com/nsi"
108,1.0,108,,,1,1,0.9259259259259258,1,99.07407407407408,No kernels captured in ncu output,,,"==WARNING== Note: Running with unmodified GPU clocks. If not controlled otherwise, profiling results may be inconsistent.
==PROF== Connected to process 2708903 (/apps/applications/Miniconda/25.11.1/envs/pytorch_2.9.1_cuda13/bin/python3.14)
Loading Zamba2 from Zyphra/Zamba2-7B-Instruct …
==PROF== Disconnected from process 2708903
==WARNING== No kernels were profiled.
==WARNING== Note that specified NVTX include expressions match only start/end ranges.
==WARNING== Refer https://docs.nvidia.com/nsi"
108,1.0,108,,,1,1,0.9259259259259258,1,99.07407407407408,No kernels captured in ncu output,,,"==WARNING== Note: Running with unmodified GPU clocks. If not controlled otherwise, profiling results may be inconsistent.
==PROF== Connected to process 2709072 (/apps/applications/Miniconda/25.11.1/envs/pytorch_2.9.1_cuda13/bin/python3.14)
Loading Zamba2 from Zyphra/Zamba2-7B-Instruct …
==PROF== Disconnected from process 2709072
==WARNING== No kernels were profiled.
==WARNING== Note that specified NVTX include expressions match only start/end ranges.
==WARNING== Refer https://docs.nvidia.com/nsi"
108,1.0,108,,,1,1,0.9259259259259258,1,99.07407407407408,No kernels captured in ncu output,,,"==WARNING== Note: Running with unmodified GPU clocks. If not controlled otherwise, profiling results may be inconsistent.
==PROF== Connected to process 2709240 (/apps/applications/Miniconda/25.11.1/envs/pytorch_2.9.1_cuda13/bin/python3.14)
Loading Zamba2 from Zyphra/Zamba2-7B-Instruct …
==PROF== Disconnected from process 2709240
==WARNING== No kernels were profiled.
==WARNING== Note that specified NVTX include expressions match only start/end ranges.
==WARNING== Refer https://docs.nvidia.com/nsi"
108,1.0,108,,,1,1,0.9259259259259258,1,99.07407407407408,No kernels captured in ncu output,,,"==WARNING== Note: Running with unmodified GPU clocks. If not controlled otherwise, profiling results may be inconsistent.
==PROF== Connected to process 2709580 (/apps/applications/Miniconda/25.11.1/envs/pytorch_2.9.1_cuda13/bin/python3.14)
Loading Zamba2 from Zyphra/Zamba2-7B-Instruct …
==PROF== Disconnected from process 2709580
==WARNING== No kernels were profiled.
==WARNING== Note that specified NVTX include expressions match only start/end ranges.
==WARNING== Refer https://docs.nvidia.com/nsi"
108,1.0,108,,,1,1,0.9259259259259258,1,99.07407407407408,No kernels captured in ncu output,,,"==WARNING== Note: Running with unmodified GPU clocks. If not controlled otherwise, profiling results may be inconsistent.
==PROF== Connected to process 2710353 (/apps/applications/Miniconda/25.11.1/envs/pytorch_2.9.1_cuda13/bin/python3.14)
Loading Zamba2 from Zyphra/Zamba2-7B-Instruct …
==PROF== Disconnected from process 2710353
==WARNING== No kernels were profiled.
==WARNING== Note that specified NVTX include expressions match only start/end ranges.
==WARNING== Refer https://docs.nvidia.com/nsi"
108,1.0,108,,,1,1,0.9259259259259258,1,99.07407407407408,No kernels captured in ncu output,,,"==WARNING== Note: Running with unmodified GPU clocks. If not controlled otherwise, profiling results may be inconsistent.
==PROF== Connected to process 2710637 (/apps/applications/Miniconda/25.11.1/envs/pytorch_2.9.1_cuda13/bin/python3.14)
Loading Zamba2 from Zyphra/Zamba2-7B-Instruct …
==PROF== Disconnected from process 2710637
==WARNING== No kernels were profiled.
==WARNING== Note that specified NVTX include expressions match only start/end ranges.
==WARNING== Refer https://docs.nvidia.com/nsi"
108,1.0,108,,,1,1,0.9259259259259258,1,99.07407407407408,No kernels captured in ncu output,,,"==WARNING== Note: Running with unmodified GPU clocks. If not controlled otherwise, profiling results may be inconsistent.
==PROF== Connected to process 2710805 (/apps/applications/Miniconda/25.11.1/envs/pytorch_2.9.1_cuda13/bin/python3.14)
Loading Zamba2 from Zyphra/Zamba2-7B-Instruct …
==PROF== Disconnected from process 2710805
==WARNING== No kernels were profiled.
==WARNING== Note that specified NVTX include expressions match only start/end ranges.
==WARNING== Refer https://docs.nvidia.com/nsi"
108,1.0,108,,,1,1,0.9259259259259258,1,99.07407407407408,No kernels captured in ncu output,,,"==WARNING== Note: Running with unmodified GPU clocks. If not controlled otherwise, profiling results may be inconsistent.
==PROF== Connected to process 2710971 (/apps/applications/Miniconda/25.11.1/envs/pytorch_2.9.1_cuda13/bin/python3.14)
Loading Zamba2 from Zyphra/Zamba2-7B-Instruct …
==PROF== Disconnected from process 2710971
==WARNING== No kernels were profiled.
==WARNING== Note that specified NVTX include expressions match only start/end ranges.
==WARNING== Refer https://docs.nvidia.com/nsi"
108,1.0,108,,,1,1,0.9259259259259258,1,99.07407407407408,No kernels captured in ncu output,,,"==WARNING== Note: Running with unmodified GPU clocks. If not controlled otherwise, profiling results may be inconsistent.
==PROF== Connected to process 2711141 (/apps/applications/Miniconda/25.11.1/envs/pytorch_2.9.1_cuda13/bin/python3.14)
Loading Zamba2 from Zyphra/Zamba2-7B-Instruct …
==PROF== Disconnected from process 2711141
==WARNING== No kernels were profiled.
==WARNING== Note that specified NVTX include expressions match only start/end ranges.
==WARNING== Refer https://docs.nvidia.com/nsi"
108,1.0,108,,,1,1,0.9259259259259258,1,99.07407407407408,No kernels captured in ncu output,,,"==WARNING== Note: Running with unmodified GPU clocks. If not controlled otherwise, profiling results may be inconsistent.
==PROF== Connected to process 2711312 (/apps/applications/Miniconda/25.11.1/envs/pytorch_2.9.1_cuda13/bin/python3.14)
Loading Zamba2 from Zyphra/Zamba2-7B-Instruct …
==PROF== Disconnected from process 2711312
==WARNING== No kernels were profiled.
==WARNING== Note that specified NVTX include expressions match only start/end ranges.
==WARNING== Refer https://docs.nvidia.com/nsi"
108,1.0,108,,,1,1,0.9259259259259258,1,99.07407407407408,No kernels captured in ncu output,,,"==WARNING== Note: Running with unmodified GPU clocks. If not controlled otherwise, profiling results may be inconsistent.
==PROF== Connected to process 2711836 (/apps/applications/Miniconda/25.11.1/envs/pytorch_2.9.1_cuda13/bin/python3.14)
Loading Zamba2 from Zyphra/Zamba2-7B-Instruct …
==PROF== Disconnected from process 2711836
==WARNING== No kernels were profiled.
==WARNING== Note that specified NVTX include expressions match only start/end ranges.
==WARNING== Refer https://docs.nvidia.com/nsi"
108,1.0,108,,,1,1,0.9259259259259258,1,99.07407407407408,No kernels captured in ncu output,,,"==WARNING== Note: Running with unmodified GPU clocks. If not controlled otherwise, profiling results may be inconsistent.
==PROF== Connected to process 2712005 (/apps/applications/Miniconda/25.11.1/envs/pytorch_2.9.1_cuda13/bin/python3.14)
Loading Zamba2 from Zyphra/Zamba2-7B-Instruct …
==PROF== Disconnected from process 2712005
==WARNING== No kernels were profiled.
==WARNING== Note that specified NVTX include expressions match only start/end ranges.
==WARNING== Refer https://docs.nvidia.com/nsi"
108,1.0,108,,,1,1,0.9259259259259258,1,99.07407407407408,No kernels captured in ncu output,,,"==WARNING== Note: Running with unmodified GPU clocks. If not controlled otherwise, profiling results may be inconsistent.
==PROF== Connected to process 2712174 (/apps/applications/Miniconda/25.11.1/envs/pytorch_2.9.1_cuda13/bin/python3.14)
Loading Zamba2 from Zyphra/Zamba2-7B-Instruct …
==PROF== Disconnected from process 2712174
==WARNING== No kernels were profiled.
==WARNING== Note that specified NVTX include expressions match only start/end ranges.
==WARNING== Refer https://docs.nvidia.com/nsi"
108,1.0,108,,,1,1,0.9259259259259258,1,99.07407407407408,No kernels captured in ncu output,,,"==WARNING== Note: Running with unmodified GPU clocks. If not controlled otherwise, profiling results may be inconsistent.
==PROF== Connected to process 2712343 (/apps/applications/Miniconda/25.11.1/envs/pytorch_2.9.1_cuda13/bin/python3.14)
Loading Zamba2 from Zyphra/Zamba2-7B-Instruct …
==PROF== Disconnected from process 2712343
==WARNING== No kernels were profiled.
==WARNING== Note that specified NVTX include expressions match only start/end ranges.
==WARNING== Refer https://docs.nvidia.com/nsi"
108,1.0,108,,,1,1,0.9259259259259258,1,99.07407407407408,No kernels captured in ncu output,,,"==WARNING== Note: Running with unmodified GPU clocks. If not controlled otherwise, profiling results may be inconsistent.
==PROF== Connected to process 2712515 (/apps/applications/Miniconda/25.11.1/envs/pytorch_2.9.1_cuda13/bin/python3.14)
Loading Zamba2 from Zyphra/Zamba2-7B-Instruct …
==PROF== Disconnected from process 2712515
==WARNING== No kernels were profiled.
==WARNING== Note that specified NVTX include expressions match only start/end ranges.
==WARNING== Refer https://docs.nvidia.com/nsi"
108,1.0,108,,,1,1,0.9259259259259258,1,99.07407407407408,No kernels captured in ncu output,,,"==WARNING== Note: Running with unmodified GPU clocks. If not controlled otherwise, profiling results may be inconsistent.
==PROF== Connected to process 2713041 (/apps/applications/Miniconda/25.11.1/envs/pytorch_2.9.1_cuda13/bin/python3.14)
Loading Zamba2 from Zyphra/Zamba2-7B-Instruct …
==PROF== Disconnected from process 2713041
==WARNING== No kernels were profiled.
==WARNING== Note that specified NVTX include expressions match only start/end ranges.
==WARNING== Refer https://docs.nvidia.com/nsi"
108,1.0,108,,,1,1,0.9259259259259258,1,99.07407407407408,No kernels captured in ncu output,,,"==WARNING== Note: Running with unmodified GPU clocks. If not controlled otherwise, profiling results may be inconsistent.
==PROF== Connected to process 2713207 (/apps/applications/Miniconda/25.11.1/envs/pytorch_2.9.1_cuda13/bin/python3.14)
Loading Zamba2 from Zyphra/Zamba2-7B-Instruct …
==PROF== Disconnected from process 2713207
==WARNING== No kernels were profiled.
==WARNING== Note that specified NVTX include expressions match only start/end ranges.
==WARNING== Refer https://docs.nvidia.com/nsi"
108,1.0,108,,,1,1,0.9259259259259258,1,99.07407407407408,No kernels captured in ncu output,,,"==WARNING== Note: Running with unmodified GPU clocks. If not controlled otherwise, profiling results may be inconsistent.
==PROF== Connected to process 2713376 (/apps/applications/Miniconda/25.11.1/envs/pytorch_2.9.1_cuda13/bin/python3.14)
Loading Zamba2 from Zyphra/Zamba2-7B-Instruct …
==PROF== Disconnected from process 2713376
==WARNING== No kernels were profiled.
==WARNING== Note that specified NVTX include expressions match only start/end ranges.
==WARNING== Refer https://docs.nvidia.com/nsi"
108,1.0,108,,,1,1,0.9259259259259258,1,99.07407407407408,No kernels captured in ncu output,,,"==WARNING== Note: Running with unmodified GPU clocks. If not controlled otherwise, profiling results may be inconsistent.
==PROF== Connected to process 2713547 (/apps/applications/Miniconda/25.11.1/envs/pytorch_2.9.1_cuda13/bin/python3.14)
Loading Zamba2 from Zyphra/Zamba2-7B-Instruct …
==PROF== Disconnected from process 2713547
==WARNING== No kernels were profiled.
==WARNING== Note that specified NVTX include expressions match only start/end ranges.
==WARNING== Refer https://docs.nvidia.com/nsi"
108,1.0,108,32768,64,524288,4855,99.99008277072129,56,0.00991722927871086,ncu exit code 1,"==WARNING== Note: Running with unmodified GPU clocks. If not controlled otherwise, profiling results may be inconsistent.
==PROF== Connected to process 2714073 (/apps/applications/Miniconda/25.11.1/envs/pytorch_2.9.1_cuda13/bin/python3.14)
Loading Zamba2 from Zyphra/Zamba2-7B-Instruct …
==PROF== Disconnected from process 2714073
==ERROR== The application returned an error code (1).
","/apps/applications/Miniconda/25.11.1/envs/pytorch_2.9.1_cuda13/lib/python3.14/site-packages/torch/cuda/__init__.py:63: FutureWarning: The pynvml package is deprecated. Please install nvidia-ml-py instead. If you did not install pynvml directly, please report this to the maintainers of the package that installed pynvml for you.
  import pynvml  # type: ignore[import]
Warning: You are sending unauthenticated requests to the HF Hub. Please set a HF_TOKEN to enable higher rate limits and faster downloads.
[transformers] `torch_dtype` is deprecated! Use `dtype` instead!
Traceback (most recent call last):
  File ""/scratch/ehmoon/whlee/prefill-layer-alloc/stage1_sm_scaling/../src/profiling/_ncu_target.py"", line 132, in <module>
    main()
    ~~~~^^
  File ""/scratch/ehmoon/whlee/prefill-layer-alloc/stage1_sm_scaling/../src/profiling/_ncu_target.py"", line 116, in main
    kernel()
    ~~~~~~^^
  File ""/scratch/ehmoon/whlee/prefill-layer-alloc/stage1_sm_scaling/../src/profiling/_ncu_target.py"",",
