layer_type,model,sm_count,sm_ratio,total_sm,seq_len,batch_size,kernel_name,n_kernels_captured,grid_size,n_waves,last_wave_blocks,wave_efficiency_pct,sm_util_per_sm_pct,achieved_occupancy_pct,analytical_n_blocks,analytical_n_waves,analytical_wave_eff_pct,analytical_last_wave_blocks,analytical_wasted_sm_pct,error,_block_size_parsed,_grid_size_parsed,block_size_raw,gpu__time_duration.sum,gpu__time_duration.sum.unit,grid_size_raw,kernel_duration_ns,kernel_id,kernel_time_ns,ncu_stdout,sm__cycles_active.sum,sm__cycles_active.sum.unit,sm__cycles_elapsed.sum,sm__cycles_elapsed.sum.unit,smsp__warps_active.sum,smsp__warps_active.sum.unit,stderr,warps_active
attn,zamba2,14,0.12962962962962962,108,256,1,"void pytorch_flash::flash_fwd_splitkv_kernel<Flash_fwd_kernel_traits<256, 64, 64, 4, 0, 0, cutlass::bfloat16_t, Flash_kernel_traits<256, 64, 64, 4, cutlass::bfloat16_t>>, 1, 0, 0, 0, 0, 0, 1, 0>(pytorch_flash::Flash_fwd_params)",31,512,37,8,98.84169884169884,79.29977986399275,4.936242283429517,32,3,76.19047619047619,4,23.809523809523814,,128,512,"(128, 1, 1)",39712,ns,"(4, 4, 32)",39712.0,29,,,4767295,cycle,6011738,cycle,18992253,warp,,18992253.0
attn,zamba2,14,0.12962962962962962,108,256,4,"void at::<unnamed>::CatArrayBatchedCopy<at::<unnamed>::OpaqueType<2>, unsigned int, 3, 64, 64>(T1 *, at::<unnamed>::CatArrInputTensorMetadata<T1, T2, T4, T5>, at::<unnamed>::TensorSizeStride<T2, 4>, int, T2)",18,432,31,12,99.53917050691244,95.54807078800545,74.72735872986709,128,10,91.42857142857143,2,8.571428571428575,,512,432,"(512, 1, 1)",104896,ns,"(216, 2, 1)",104896.0,4,,,12465251,cycle,13046052,cycle,623934085,warp,,623934085.0
attn,zamba2,14,0.12962962962962962,108,256,16,"void at::<unnamed>::CatArrayBatchedCopy<at::<unnamed>::OpaqueType<2>, unsigned int, 3, 64, 64>(T1 *, at::<unnamed>::CatArrInputTensorMetadata<T1, T2, T4, T5>, at::<unnamed>::TensorSizeStride<T2, 4>, int, T2)",18,432,31,12,99.53917050691244,98.24689790542195,82.32157559413203,512,37,98.84169884169884,8,1.158301158301156,,512,432,"(512, 1, 1)",326400,ns,"(216, 2, 1)",326400.0,4,,,48811574,cycle,49682560,cycle,2617565836,warp,,2617565836.0
attn,zamba2,14,0.12962962962962962,108,256,32,"void at::<unnamed>::CatArrayBatchedCopy<at::<unnamed>::OpaqueType<2>, unsigned int, 3, 64, 64>(T1 *, at::<unnamed>::CatArrInputTensorMetadata<T1, T2, T4, T5>, at::<unnamed>::TensorSizeStride<T2, 4>, int, T2)",18,432,31,12,99.53917050691244,98.85845194906425,82.00482217045374,1024,74,98.84169884169884,2,1.158301158301156,,512,432,"(512, 1, 1)",767040,ns,"(216, 2, 1)",767040.0,4,,,94522455,cycle,95613934,cycle,5018114339,warp,,5018114339.0
attn,zamba2,14,0.12962962962962962,108,256,64,"void at::<unnamed>::CatArrayBatchedCopy<at::<unnamed>::OpaqueType<2>, unsigned int, 3, 64, 64>(T1 *, at::<unnamed>::CatArrInputTensorMetadata<T1, T2, T4, T5>, at::<unnamed>::TensorSizeStride<T2, 4>, int, T2)",18,432,31,12,99.53917050691244,99.16030611156755,84.90041023787155,2048,147,99.51409135082604,4,0.4859086491739606,,512,432,"(512, 1, 1)",1286048,ns,"(216, 2, 1)",1286048.0,4,,,193953987,cycle,195596398,cycle,10627977236,warp,,10627977236.0
attn,zamba2,14,0.12962962962962962,108,512,1,"void pytorch_flash::flash_fwd_kernel<Flash_fwd_kernel_traits<256, 128, 64, 8, 0, 0, cutlass::bfloat16_t, Flash_kernel_traits<256, 128, 64, 8, cutlass::bfloat16_t>>, 0, 1, 0, 0, 0, 0, 0, 0>(pytorch_flash::Flash_fwd_params)",18,128,10,2,91.42857142857143,61.9058904620318,7.71168041227195,64,5,91.42857142857143,8,8.571428571428575,,256,128,"(256, 1, 1)",69280,ns,"(4, 1, 32)",69280.0,14,,,6498894,cycle,10498022,cycle,51812730,warp,,51812730.0
attn,zamba2,14,0.12962962962962962,108,512,4,"void at::<unnamed>::CatArrayBatchedCopy<at::<unnamed>::OpaqueType<2>, unsigned int, 3, 64, 64>(T1 *, at::<unnamed>::CatArrInputTensorMetadata<T1, T2, T4, T5>, at::<unnamed>::TensorSizeStride<T2, 4>, int, T2)",18,432,31,12,99.53917050691244,97.4538012380797,79.21891987175846,256,19,96.2406015037594,4,3.759398496240607,,512,432,"(512, 1, 1)",178912,ns,"(216, 2, 1)",178912.0,4,,,24530644,cycle,25171562,cycle,1276200930,warp,,1276200930.0
attn,zamba2,14,0.12962962962962962,108,512,16,"void at::<unnamed>::CatArrayBatchedCopy<at::<unnamed>::OpaqueType<2>, unsigned int, 3, 64, 64>(T1 *, at::<unnamed>::CatArrInputTensorMetadata<T1, T2, T4, T5>, at::<unnamed>::TensorSizeStride<T2, 4>, int, T2)",18,432,31,12,99.53917050691244,98.44640539939039,83.55360126094182,1024,74,98.84169884169884,2,1.158301158301156,,512,432,"(512, 1, 1)",648928,ns,"(216, 2, 1)",648928.0,4,,,97138919,cycle,98671880,cycle,5276410187,warp,,5276410187.0
attn,zamba2,14,0.12962962962962962,108,512,32,"void at::<unnamed>::CatArrayBatchedCopy<at::<unnamed>::OpaqueType<2>, unsigned int, 3, 64, 64>(T1 *, at::<unnamed>::CatArrInputTensorMetadata<T1, T2, T4, T5>, at::<unnamed>::TensorSizeStride<T2, 4>, int, T2)",18,432,31,12,99.53917050691244,98.9166275477707,84.72090747248492,2048,147,99.51409135082604,4,0.4859086491739606,,512,432,"(512, 1, 1)",1288544,ns,"(216, 2, 1)",1288544.0,4,,,194058559,cycle,196183962,cycle,10637365307,warp,,10637365307.0
attn,zamba2,14,0.12962962962962962,108,512,64,"void at::<unnamed>::CatArrayBatchedCopy<at::<unnamed>::OpaqueType<2>, unsigned int, 3, 64, 64>(T1 *, at::<unnamed>::CatArrInputTensorMetadata<T1, T2, T4, T5>, at::<unnamed>::TensorSizeStride<T2, 4>, int, T2)",18,432,31,12,99.53917050691244,99.45167590773507,83.73669817029428,4096,293,99.85372988785957,8,0.14627011214042307,,512,432,"(512, 1, 1)",3025536,ns,"(216, 2, 1)",3025536.0,4,,,375162106,cycle,377230552,cycle,20216346159,warp,,20216346159.0
attn,zamba2,14,0.12962962962962962,108,1024,1,"void pytorch_flash::flash_fwd_kernel<Flash_fwd_kernel_traits<256, 128, 64, 8, 0, 0, cutlass::bfloat16_t, Flash_kernel_traits<256, 128, 64, 8, cutlass::bfloat16_t>>, 0, 1, 0, 0, 0, 0, 0, 0>(pytorch_flash::Flash_fwd_params)",18,256,19,4,96.2406015037594,70.0893058021714,8.73987751253185,128,10,91.42857142857143,2,8.571428571428575,,256,256,"(256, 1, 1)",177888,ns,"(8, 1, 32)",177888.0,14,,,18909855,cycle,26979658,cycle,150911300,warp,,150911300.0
attn,zamba2,14,0.12962962962962962,108,1024,4,"void pytorch_flash::flash_fwd_kernel<Flash_fwd_kernel_traits<256, 128, 64, 8, 0, 0, cutlass::bfloat16_t, Flash_kernel_traits<256, 128, 64, 8, cutlass::bfloat16_t>>, 0, 1, 0, 0, 0, 0, 0, 0>(pytorch_flash::Flash_fwd_params)",18,1024,74,2,98.84169884169884,89.34876741594714,11.140291584265182,512,37,98.84169884169884,8,1.158301158301156,,256,1024,"(256, 1, 1)",531680,ns,"(8, 4, 32)",531680.0,16,,,72152709,cycle,80754006,cycle,575758831,warp,,575758831.0
attn,zamba2,14,0.12962962962962962,108,1024,16,"void pytorch_flash::flash_fwd_kernel<Flash_fwd_kernel_traits<256, 128, 64, 8, 0, 0, cutlass::bfloat16_t, Flash_kernel_traits<256, 128, 64, 8, cutlass::bfloat16_t>>, 0, 1, 0, 0, 0, 0, 0, 0>(pytorch_flash::Flash_fwd_params)",18,4096,293,8,99.85372988785957,96.87353100714937,12.07812915371563,2048,147,99.51409135082604,4,0.4859086491739606,,256,4096,"(256, 1, 1)",1935168,ns,"(8, 16, 32)",1935168.0,15,,,285346364,cycle,294555552,cycle,2276915200,warp,,2276915200.0
attn,zamba2,14,0.12962962962962962,108,1024,32,"void pytorch_flash::flash_fwd_kernel<Flash_fwd_kernel_traits<256, 128, 64, 8, 0, 0, cutlass::bfloat16_t, Flash_kernel_traits<256, 128, 64, 8, cutlass::bfloat16_t>>, 0, 1, 0, 0, 0, 0, 0, 0>(pytorch_flash::Flash_fwd_params)",18,8192,586,2,99.85372988785957,98.26940288518719,12.25207897147753,4096,293,99.85372988785957,8,0.14627011214042307,,256,8192,"(256, 1, 1)",3813472,ns,"(8, 32, 32)",3813472.0,15,,,569356755,cycle,579383550,cycle,4543137926,warp,,4543137926.0
attn,zamba2,14,0.12962962962962962,108,1024,64,"void pytorch_flash::flash_fwd_kernel<Flash_fwd_kernel_traits<256, 128, 64, 8, 0, 0, cutlass::bfloat16_t, Flash_kernel_traits<256, 128, 64, 8, cutlass::bfloat16_t>>, 0, 1, 0, 0, 0, 0, 0, 0>(pytorch_flash::Flash_fwd_params)",18,16384,1171,4,99.93900207392949,98.97575504669275,12.340097626810136,8192,586,99.85372988785957,2,0.14627011214042307,,256,16384,"(256, 1, 1)",7563264,ns,"(8, 64, 32)",7563264.0,13,,,1137334000,cycle,1149103636,cycle,9075232673,warp,,9075232673.0
attn,zamba2,14,0.12962962962962962,108,2048,1,"void pytorch_flash::flash_fwd_kernel<Flash_fwd_kernel_traits<256, 128, 64, 8, 0, 0, cutlass::bfloat16_t, Flash_kernel_traits<256, 128, 64, 8, cutlass::bfloat16_t>>, 0, 1, 0, 0, 0, 0, 0, 0>(pytorch_flash::Flash_fwd_params)",18,512,37,8,98.84169884169884,80.149616778153,10.00452552663395,256,19,96.2406015037594,4,3.759398496240607,,256,512,"(256, 1, 1)",531168,ns,"(16, 1, 32)",531168.0,16,,,64661702,cycle,80676246,cycle,516561640,warp,,516561640.0
attn,zamba2,14,0.12962962962962962,108,2048,4,"void pytorch_flash::flash_fwd_kernel<Flash_fwd_kernel_traits<256, 128, 64, 8, 0, 0, cutlass::bfloat16_t, Flash_kernel_traits<256, 128, 64, 8, cutlass::bfloat16_t>>, 0, 1, 0, 0, 0, 0, 0, 0>(pytorch_flash::Flash_fwd_params)",18,2048,147,4,99.51409135082604,93.92734275206068,11.724042150791487,1024,74,98.84169884169884,2,1.158301158301156,,256,2048,"(256, 1, 1)",1786208,ns,"(16, 4, 32)",1786208.0,13,,,254840764,cycle,271316910,cycle,2035795769,warp,,2035795769.0
attn,zamba2,14,0.12962962962962962,108,2048,16,"void pytorch_flash::flash_fwd_kernel<Flash_fwd_kernel_traits<256, 128, 64, 8, 0, 0, cutlass::bfloat16_t, Flash_kernel_traits<256, 128, 64, 8, cutlass::bfloat16_t>>, 0, 1, 0, 0, 0, 0, 0, 0>(pytorch_flash::Flash_fwd_params)",18,8192,586,2,99.85372988785957,98.27701885512016,12.266897364843622,4096,293,99.85372988785957,8,0.14627011214042307,,256,8192,"(256, 1, 1)",6802112,ns,"(16, 16, 32)",6802112.0,14,,,1015499164,cycle,1033302776,cycle,8112268224,warp,,8112268224.0
attn,zamba2,14,0.12962962962962962,108,2048,32,"void pytorch_flash::flash_fwd_kernel<Flash_fwd_kernel_traits<256, 128, 64, 8, 0, 0, cutlass::bfloat16_t, Flash_kernel_traits<256, 128, 64, 8, cutlass::bfloat16_t>>, 0, 1, 0, 0, 0, 0, 0, 0>(pytorch_flash::Flash_fwd_params)",18,16384,1171,4,99.93900207392949,99.05369441141286,12.36381985589416,8192,586,99.85372988785957,2,0.14627011214042307,,256,16384,"(256, 1, 1)",13898880,ns,"(16, 32, 32)",13898880.0,17,,,2029074423,cycle,2048459106,cycle,16209138796,warp,,16209138796.0
attn,zamba2,14,0.12962962962962962,108,2048,64,"void pytorch_flash::flash_fwd_kernel<Flash_fwd_kernel_traits<256, 128, 64, 8, 0, 0, cutlass::bfloat16_t, Flash_kernel_traits<256, 128, 64, 8, cutlass::bfloat16_t>>, 0, 1, 0, 0, 0, 0, 0, 0>(pytorch_flash::Flash_fwd_params)",19,32768,2341,8,99.98169280527247,99.44028060560946,12.411608071550043,16384,1171,99.93900207392949,4,0.06099792607051624,,256,32768,"(256, 1, 1)",30371776,ns,"(16, 64, 32)",30371776.0,14,,,4055774266,cycle,4078602998,cycle,32398094010,warp,,32398094010.0
attn,zamba2,14,0.12962962962962962,108,4096,1,"void pytorch_flash::flash_fwd_kernel<Flash_fwd_kernel_traits<256, 128, 64, 8, 0, 0, cutlass::bfloat16_t, Flash_kernel_traits<256, 128, 64, 8, cutlass::bfloat16_t>>, 0, 1, 0, 0, 0, 0, 0, 0>(pytorch_flash::Flash_fwd_params)",18,1024,74,2,98.84169884169884,88.5357015970845,11.058519680663185,512,37,98.84169884169884,8,1.158301158301156,,256,1024,"(256, 1, 1)",1784000,ns,"(32, 1, 32)",1784000.0,15,,,239903535,cycle,270968130,cycle,1917764095,warp,,1917764095.0
attn,zamba2,14,0.12962962962962962,108,4096,4,"void pytorch_flash::flash_fwd_kernel<Flash_fwd_kernel_traits<256, 128, 64, 8, 0, 0, cutlass::bfloat16_t, Flash_kernel_traits<256, 128, 64, 8, cutlass::bfloat16_t>>, 0, 1, 0, 0, 0, 0, 0, 0>(pytorch_flash::Flash_fwd_params)",18,4096,293,8,99.85372988785957,96.77701551104123,12.087860866566501,2048,147,99.51409135082604,4,0.4859086491739606,,256,4096,"(256, 1, 1)",6498624,ns,"(32, 4, 32)",6498624.0,15,,,955260040,cycle,987073258,cycle,7636226693,warp,,7636226693.0
attn,zamba2,14,0.12962962962962962,108,4096,16,"void pytorch_flash::flash_fwd_kernel<Flash_fwd_kernel_traits<256, 128, 64, 8, 0, 0, cutlass::bfloat16_t, Flash_kernel_traits<256, 128, 64, 8, cutlass::bfloat16_t>>, 0, 1, 0, 0, 0, 0, 0, 0>(pytorch_flash::Flash_fwd_params)",18,16384,1171,4,99.93900207392949,99.10843059615341,12.379038179687642,8192,586,99.85372988785957,2,0.14627011214042307,,256,16384,"(256, 1, 1)",26411584,ns,"(32, 16, 32)",26411584.0,14,,,3815555963,cycle,3849880318,cycle,30501001884,warp,,30501001884.0
attn,zamba2,14,0.12962962962962962,108,4096,32,"void pytorch_flash::flash_fwd_kernel<Flash_fwd_kernel_traits<256, 128, 64, 8, 0, 0, cutlass::bfloat16_t, Flash_kernel_traits<256, 128, 64, 8, cutlass::bfloat16_t>>, 0, 1, 0, 0, 0, 0, 0, 0>(pytorch_flash::Flash_fwd_params)",19,32768,2341,8,99.98169280527247,99.5110502646372,12.429079059463275,16384,1171,99.93900207392949,4,0.06099792607051624,,256,32768,"(256, 1, 1)",50383040,ns,"(32, 32, 32)",50383040.0,17,,,7632407253,cycle,7669909254,cycle,61011141438,warp,,61011141438.0
attn,zamba2,14,0.12962962962962962,108,4096,64,"void pytorch_flash::flash_fwd_kernel<Flash_fwd_kernel_traits<256, 128, 64, 8, 0, 0, cutlass::bfloat16_t, Flash_kernel_traits<256, 128, 64, 8, cutlass::bfloat16_t>>, 0, 1, 0, 0, 0, 0, 0, 0>(pytorch_flash::Flash_fwd_params)",29,65536,4682,2,99.98169280527247,99.70836519169866,12.45146362840633,32768,2341,99.98169280527247,8,0.018307194727529286,,256,65536,"(256, 1, 1)",101573728,ns,"(32, 64, 32)",101573728.0,16,,,15289588251,cycle,15334308432,cycle,122198133573,warp,,122198133573.0
attn,zamba2,14,0.12962962962962962,108,8192,1,"void pytorch_flash::flash_fwd_kernel<Flash_fwd_kernel_traits<256, 128, 64, 8, 0, 0, cutlass::bfloat16_t, Flash_kernel_traits<256, 128, 64, 8, cutlass::bfloat16_t>>, 0, 1, 0, 0, 0, 0, 0, 0>(pytorch_flash::Flash_fwd_params)",18,2048,147,4,99.51409135082604,93.89380824557409,11.732087080706174,1024,74,98.84169884169884,2,1.158301158301156,,256,2048,"(256, 1, 1)",6488832,ns,"(64, 1, 32)",6488832.0,13,,,925381501,cycle,985561794,cycle,7400125946,warp,,7400125946.0
attn,zamba2,14,0.12962962962962962,108,8192,4,"void pytorch_flash::flash_fwd_kernel<Flash_fwd_kernel_traits<256, 128, 64, 8, 0, 0, cutlass::bfloat16_t, Flash_kernel_traits<256, 128, 64, 8, cutlass::bfloat16_t>>, 0, 1, 0, 0, 0, 0, 0, 0>(pytorch_flash::Flash_fwd_params)",18,8192,586,2,99.85372988785957,98.38100290338228,12.292741012778222,4096,293,99.85372988785957,8,0.14627011214042307,,256,8192,"(256, 1, 1)",25535424,ns,"(64, 4, 32)",25535424.0,17,,,3693889337,cycle,3754677456,cycle,29539377634,warp,,29539377634.0
attn,zamba2,14,0.12962962962962962,108,8192,16,"void pytorch_flash::flash_fwd_kernel<Flash_fwd_kernel_traits<256, 128, 64, 8, 0, 0, cutlass::bfloat16_t, Flash_kernel_traits<256, 128, 64, 8, cutlass::bfloat16_t>>, 0, 1, 0, 0, 0, 0, 0, 0>(pytorch_flash::Flash_fwd_params)",19,32768,2341,8,99.98169280527247,99.55159956987119,12.43888346045817,16384,1171,99.93900207392949,4,0.06099792607051624,,256,32768,"(256, 1, 1)",98203040,ns,"(64, 16, 32)",98203040.0,13,,,14774041535,cycle,14840586790,cycle,118144210922,warp,,118144210922.0
attn,zamba2,14,0.12962962962962962,108,8192,32,"void pytorch_flash::flash_fwd_kernel<Flash_fwd_kernel_traits<256, 128, 64, 8, 0, 0, cutlass::bfloat16_t, Flash_kernel_traits<256, 128, 64, 8, cutlass::bfloat16_t>>, 0, 1, 0, 0, 0, 0, 0, 0>(pytorch_flash::Flash_fwd_params)",29,65536,4682,2,99.98169280527247,99.75316711262406,12.46289172612659,32768,2341,99.98169280527247,8,0.018307194727529286,,256,65536,"(256, 1, 1)",196021248,ns,"(64, 32, 32)",196021248.0,16,,,29573118619,cycle,29646295426,cycle,236466284784,warp,,236466284784.0
attn,zamba2,14,0.12962962962962962,108,8192,64,"void pytorch_flash::flash_fwd_kernel<Flash_fwd_kernel_traits<256, 128, 64, 8, 0, 0, cutlass::bfloat16_t, Flash_kernel_traits<256, 128, 64, 8, cutlass::bfloat16_t>>, 0, 1, 0, 0, 0, 0, 0, 0>(pytorch_flash::Flash_fwd_params)",43,131072,9363,4,99.99237118750095,99.85329129829995,12.475405347015691,65536,4682,99.98169280527247,2,0.018307194727529286,,256,131072,"(256, 1, 1)",393044480,ns,"(64, 64, 32)",393044480.0,33,,,59142816521,cycle,59229711662,cycle,472905383405,warp,,472905383405.0
attn,zamba2,14,0.12962962962962962,108,16384,1,"void pytorch_flash::flash_fwd_kernel<Flash_fwd_kernel_traits<256, 128, 64, 8, 0, 0, cutlass::bfloat16_t, Flash_kernel_traits<256, 128, 64, 8, cutlass::bfloat16_t>>, 0, 1, 0, 0, 0, 0, 0, 0>(pytorch_flash::Flash_fwd_params)",18,4096,293,8,99.85372988785957,96.98504251788034,12.120679315403299,2048,147,99.51409135082604,4,0.4859086491739606,,256,4096,"(256, 1, 1)",30020768,ns,"(128, 1, 32)",30020768.0,7,,,3629400224,cycle,3742226770,cycle,29029331587,warp,,29029331587.0
attn,zamba2,14,0.12962962962962962,108,16384,4,"void pytorch_flash::flash_fwd_kernel<Flash_fwd_kernel_traits<256, 128, 64, 8, 0, 0, cutlass::bfloat16_t, Flash_kernel_traits<256, 128, 64, 8, cutlass::bfloat16_t>>, 0, 1, 0, 0, 0, 0, 0, 0>(pytorch_flash::Flash_fwd_params)",18,16384,1171,4,99.93900207392949,99.20981399735562,12.398717246766862,8192,586,99.85372988785957,2,0.14627011214042307,,256,16384,"(256, 1, 1)",97448256,ns,"(128, 4, 32)",97448256.0,13,,,14504673859,cycle,14620200638,cycle,116013909633,warp,,116013909633.0
attn,zamba2,14,0.12962962962962962,108,16384,16,"void pytorch_flash::flash_fwd_kernel<Flash_fwd_kernel_traits<256, 128, 64, 8, 0, 0, cutlass::bfloat16_t, Flash_kernel_traits<256, 128, 64, 8, cutlass::bfloat16_t>>, 0, 1, 0, 0, 0, 0, 0, 0>(pytorch_flash::Flash_fwd_params)",29,65536,4682,2,99.98169280527247,99.78346104842687,12.46974721331734,32768,2341,99.98169280527247,8,0.018307194727529286,,256,65536,"(256, 1, 1)",389933152,ns,"(128, 16, 32)",389933152.0,18,,,58040115429,cycle,58166067622,cycle,464202342169,warp,,464202342169.0
attn,zamba2,14,0.12962962962962962,108,16384,32,"void pytorch_flash::flash_fwd_kernel<Flash_fwd_kernel_traits<256, 128, 64, 8, 0, 0, cutlass::bfloat16_t, Flash_kernel_traits<256, 128, 64, 8, cutlass::bfloat16_t>>, 0, 1, 0, 0, 0, 0, 0, 0>(pytorch_flash::Flash_fwd_params)",43,131072,9363,4,99.99237118750095,99.87963834614895,12.481766495038794,65536,4682,99.98169280527247,2,0.018307194727529286,,256,131072,"(256, 1, 1)",787484000,ns,"(128, 32, 32)",787484000.0,42,,,116080787760,cycle,116220672884,cycle,928409152534,warp,,928409152534.0
attn,zamba2,14,0.12962962962962962,108,16384,64,"void pytorch_flash::flash_fwd_kernel<Flash_fwd_kernel_traits<256, 128, 64, 8, 0, 0, cutlass::bfloat16_t, Flash_kernel_traits<256, 128, 64, 8, cutlass::bfloat16_t>>, 0, 1, 0, 0, 0, 0, 0, 0>(pytorch_flash::Flash_fwd_params)",71,262144,18725,8,99.99771123402633,99.92804568068291,12.487815866535353,131072,9363,99.99237118750095,4,0.007628812499049786,,256,262144,"(256, 1, 1)",1581011040,ns,"(128, 64, 32)",1581011040.0,61,,,232154579136,cycle,232321744666,cycle,1856762348276,warp,,1856762348276.0
attn,zamba2,14,0.12962962962962962,108,32768,1,"void pytorch_flash::flash_fwd_kernel<Flash_fwd_kernel_traits<256, 128, 64, 8, 0, 0, cutlass::bfloat16_t, Flash_kernel_traits<256, 128, 64, 8, cutlass::bfloat16_t>>, 0, 1, 0, 0, 0, 0, 0, 0>(pytorch_flash::Flash_fwd_params)",18,8192,586,2,99.85372988785957,98.60492208355217,12.324353184893813,4096,293,99.85372988785957,8,0.14627011214042307,,256,8192,"(256, 1, 1)",113578016,ns,"(256, 1, 32)",113578016.0,6,,,14324796319,cycle,14527465786,cycle,114586636306,warp,,114586636306.0
attn,zamba2,14,0.12962962962962962,108,32768,4,"void pytorch_flash::flash_fwd_kernel<Flash_fwd_kernel_traits<256, 128, 64, 8, 0, 0, cutlass::bfloat16_t, Flash_kernel_traits<256, 128, 64, 8, cutlass::bfloat16_t>>, 0, 1, 0, 0, 0, 0, 0, 0>(pytorch_flash::Flash_fwd_params)",19,32768,2341,8,99.98169280527247,99.63784082721972,12.45342179495514,16384,1171,99.93900207392949,4,0.06099792607051624,,256,32768,"(256, 1, 1)",425915392,ns,"(256, 4, 32)",425915392.0,6,,,57266340988,cycle,57474490126,cycle,458082603513,warp,,458082603513.0
attn,zamba2,14,0.12962962962962962,108,32768,16,"void pytorch_flash::flash_fwd_kernel<Flash_fwd_kernel_traits<256, 128, 64, 8, 0, 0, cutlass::bfloat16_t, Flash_kernel_traits<256, 128, 64, 8, cutlass::bfloat16_t>>, 0, 1, 0, 0, 0, 0, 0, 0>(pytorch_flash::Flash_fwd_params)",43,131072,9363,4,99.99237118750095,99.8989961262887,12.485758918044738,65536,4682,99.98169280527247,2,0.018307194727529286,,256,131072,"(256, 1, 1)",1610647680,ns,"(256, 16, 32)",1610647680.0,39,,,229101095071,cycle,229332730012,cycle,1832571634526,warp,,1832571634526.0
attn,zamba2,14,0.12962962962962962,108,32768,32,"void pytorch_flash::flash_fwd_kernel<Flash_fwd_kernel_traits<256, 128, 64, 8, 0, 0, cutlass::bfloat16_t, Flash_kernel_traits<256, 128, 64, 8, cutlass::bfloat16_t>>, 0, 1, 0, 0, 0, 0, 0, 0>(pytorch_flash::Flash_fwd_params)",71,262144,18725,8,99.99771123402633,99.9440742780066,12.491392672841581,131072,9363,99.99237118750095,4,0.007628812499049786,,256,262144,"(256, 1, 1)",3233943328,ns,"(256, 32, 32)",3233943328.0,60,,,458196767240,cycle,458453160480,cycle,3665099807783,warp,,3665099807783.0
,,14,0.12962962962962962,108,32768,64,,,,,,,,,262144,18725,99.99771123402633,8,0.0022887659736792187,ncu exit code 1,,,,,,,,,,"==WARNING== Note: Running with unmodified GPU clocks. If not controlled otherwise, profiling results may be inconsistent.
==PROF== Connected to process 955258 (/apps/applications/Miniconda/25.11.1/envs/pytorch_2.9.1_cuda13/bin/python3.14)
==PROF== Disconnected from process 955258
==ERROR== The application returned an error code (1).
""ID"",""Process ID"",""Process Name"",""Host Name"",""Kernel Name"",""Context"",""Stream"",""Block Size"",""Grid Size"",""Device"",""CC"",""Section Name"",""Metric Name"",""Metric Unit"",""Metric Value""
""0"",""955258"",""python3.14"",""127.0.0.1"",""void unnamed>::distribution_elementwise_grid_stride_kernel<float, 4, void normal_and_transform<BFloat16, float, CUDAGeneratorImpl *, void normal_kernel<CUDAGeneratorImpl *>(const TensorBase &, double, double, T1)::[lambda() (instance 1)]::operator ()() lambda() (instance 4)]::operator ()() lambda(float) (instance 1)]>(TensorIteratorBase &, T3, T4)::[lambda(curandStatePhilox4_32_10 *) (instance 2)], void unnamed>::distribution_nullary_kernel<BFloat",,,,,,,"/apps/applications/Miniconda/25.11.1/envs/pytorch_2.9.1_cuda13/lib/python3.14/site-packages/torch/cuda/__init__.py:63: FutureWarning: The pynvml package is deprecated. Please install nvidia-ml-py instead. If you did not install pynvml directly, please report this to the maintainers of the package that installed pynvml for you.
  import pynvml  # type: ignore[import]
Traceback (most recent call last):
  File ""/scratch/ehmoon/whlee/prefill-layer-alloc/stage1_sm_scaling/../src/profiling/_ncu_target.py"", line 190, in <module>
    main()
    ~~~~^^
  File ""/scratch/ehmoon/whlee/prefill-layer-alloc/stage1_sm_scaling/../src/profiling/_ncu_target.py"", line 97, in main
    kv_cache = torch.randn(
        args.batch_size, total_kv_len, 2, n_kv_heads, head_dim,
        device=""cuda"", dtype=dtype
    )
torch.OutOfMemoryError: CUDA out of memory. Tried to allocate 56.00 GiB. GPU 0 has a total capacity of 79.25 GiB of which 50.69 GiB is free. Including non-PyTorch memory, this process has 28.55 GiB ",
attn,zamba2,27,0.25,108,256,1,"void pytorch_flash::flash_fwd_splitkv_kernel<Flash_fwd_kernel_traits<256, 64, 64, 4, 0, 0, cutlass::bfloat16_t, Flash_kernel_traits<256, 64, 64, 4, cutlass::bfloat16_t>>, 1, 0, 0, 0, 0, 0, 1, 0>(pytorch_flash::Flash_fwd_params)",31,512,19,26,99.80506822612085,78.79300853243842,4.904906723823689,32,2,59.25925925925925,5,40.74074074074075,,128,512,"(128, 1, 1)",40000,ns,"(4, 4, 32)",40000.0,27,,,4771848,cycle,6056182,cycle,19011205,warp,,19011205.0
attn,zamba2,27,0.25,108,256,4,"void at::<unnamed>::CatArrayBatchedCopy<at::<unnamed>::OpaqueType<2>, unsigned int, 3, 64, 64>(T1 *, at::<unnamed>::CatArrInputTensorMetadata<T1, T2, T4, T5>, at::<unnamed>::TensorSizeStride<T2, 4>, int, T2)",18,432,16,27,100.0,95.9438197874678,76.38227898806323,128,5,94.81481481481482,20,5.185185185185182,,512,432,"(512, 1, 1)",87328,ns,"(216, 2, 1)",87328.0,4,,,12721713,cycle,13259544,cycle,648188281,warp,,648188281.0
attn,zamba2,27,0.25,108,256,16,"void at::<unnamed>::CatArrayBatchedCopy<at::<unnamed>::OpaqueType<2>, unsigned int, 3, 64, 64>(T1 *, at::<unnamed>::CatArrInputTensorMetadata<T1, T2, T4, T5>, at::<unnamed>::TensorSizeStride<T2, 4>, int, T2)",18,432,16,27,100.0,98.03245667847868,82.1503884895318,512,19,99.80506822612085,26,0.19493177387914784,,512,432,"(512, 1, 1)",327616,ns,"(216, 2, 1)",327616.0,4,,,48806433,cycle,49785994,cycle,2617560799,warp,,2617560799.0
attn,zamba2,27,0.25,108,256,32,"void at::<unnamed>::CatArrayBatchedCopy<at::<unnamed>::OpaqueType<2>, unsigned int, 3, 64, 64>(T1 *, at::<unnamed>::CatArrInputTensorMetadata<T1, T2, T4, T5>, at::<unnamed>::TensorSizeStride<T2, 4>, int, T2)",18,432,16,27,100.0,98.33435217588774,83.40774623436904,1024,38,99.80506822612085,25,0.19493177387914784,,512,432,"(512, 1, 1)",650432,ns,"(216, 2, 1)",650432.0,4,,,97255703,cycle,98903080,cycle,5279541119,warp,,5279541119.0
attn,zamba2,27,0.25,108,256,64,"void at::<unnamed>::CatArrayBatchedCopy<at::<unnamed>::OpaqueType<2>, unsigned int, 3, 64, 64>(T1 *, at::<unnamed>::CatArrInputTensorMetadata<T1, T2, T4, T5>, at::<unnamed>::TensorSizeStride<T2, 4>, int, T2)",18,432,16,27,100.0,99.1171056600436,82.94357186370334,2048,76,99.80506822612085,23,0.19493177387914784,,512,432,"(512, 1, 1)",1521984,ns,"(216, 2, 1)",1521984.0,4,,,188071788,cycle,189747054,cycle,10072510982,warp,,10072510982.0
attn,zamba2,27,0.25,108,512,1,"void at::<unnamed>::CatArrayBatchedCopy<at::<unnamed>::OpaqueType<2>, unsigned int, 3, 64, 64>(T1 *, at::<unnamed>::CatArrInputTensorMetadata<T1, T2, T4, T5>, at::<unnamed>::TensorSizeStride<T2, 4>, int, T2)",18,432,16,27,100.0,91.47927078649893,70.4432866594604,64,3,79.01234567901234,10,20.98765432098766,,512,432,"(512, 1, 1)",47136,ns,"(216, 2, 1)",47136.0,4,,,6539317,cycle,7148414,cycle,322276977,warp,,322276977.0
attn,zamba2,27,0.25,108,512,4,"void at::<unnamed>::CatArrayBatchedCopy<at::<unnamed>::OpaqueType<2>, unsigned int, 3, 64, 64>(T1 *, at::<unnamed>::CatArrInputTensorMetadata<T1, T2, T4, T5>, at::<unnamed>::TensorSizeStride<T2, 4>, int, T2)",18,432,16,27,100.0,97.63990235753285,78.30459366737014,256,10,94.81481481481482,13,5.185185185185182,,512,432,"(512, 1, 1)",199776,ns,"(216, 2, 1)",199776.0,4,,,24288162,cycle,24875242,cycle,1246621259,warp,,1246621259.0
attn,zamba2,27,0.25,108,512,16,"void at::<unnamed>::CatArrayBatchedCopy<at::<unnamed>::OpaqueType<2>, unsigned int, 3, 64, 64>(T1 *, at::<unnamed>::CatArrInputTensorMetadata<T1, T2, T4, T5>, at::<unnamed>::TensorSizeStride<T2, 4>, int, T2)",18,432,16,27,100.0,98.38954359413277,83.48781074825582,1024,38,99.80506822612085,25,0.19493177387914784,,512,432,"(512, 1, 1)",649344,ns,"(216, 2, 1)",649344.0,4,,,97148940,cycle,98739090,cycle,5275846694,warp,,5275846694.0
attn,zamba2,27,0.25,108,512,32,"void at::<unnamed>::CatArrayBatchedCopy<at::<unnamed>::OpaqueType<2>, unsigned int, 3, 64, 64>(T1 *, at::<unnamed>::CatArrInputTensorMetadata<T1, T2, T4, T5>, at::<unnamed>::TensorSizeStride<T2, 4>, int, T2)",18,432,16,27,100.0,99.23180211619668,83.03415637506089,2048,76,99.80506822612085,23,0.19493177387914784,,512,432,"(512, 1, 1)",1520512,ns,"(216, 2, 1)",1520512.0,4,,,188092061,cycle,189548166,cycle,10072942116,warp,,10072942116.0
attn,zamba2,27,0.25,108,512,64,"void at::<unnamed>::CatArrayBatchedCopy<at::<unnamed>::OpaqueType<2>, unsigned int, 3, 64, 64>(T1 *, at::<unnamed>::CatArrInputTensorMetadata<T1, T2, T4, T5>, at::<unnamed>::TensorSizeStride<T2, 4>, int, T2)",18,432,16,27,100.0,99.14407848526604,85.4778315967927,4096,152,99.80506822612085,19,0.19493177387914784,,512,432,"(512, 1, 1)",2574528,ns,"(216, 2, 1)",2574528.0,4,,,388163346,cycle,391514402,cycle,21418113358,warp,,21418113358.0
attn,zamba2,27,0.25,108,1024,1,"void pytorch_flash::flash_fwd_kernel<Flash_fwd_kernel_traits<256, 128, 64, 8, 0, 0, cutlass::bfloat16_t, Flash_kernel_traits<256, 128, 64, 8, cutlass::bfloat16_t>>, 0, 1, 0, 0, 0, 0, 0, 0>(pytorch_flash::Flash_fwd_params)",18,256,10,13,94.81481481481482,70.16342268942454,8.749228691954315,128,5,94.81481481481482,20,5.185185185185182,,256,256,"(256, 1, 1)",177664,ns,"(8, 1, 32)",177664.0,14,,,18909723,cycle,26950970,cycle,150912128,warp,,150912128.0
attn,zamba2,27,0.25,108,1024,4,"void pytorch_flash::flash_fwd_kernel<Flash_fwd_kernel_traits<256, 128, 64, 8, 0, 0, cutlass::bfloat16_t, Flash_kernel_traits<256, 128, 64, 8, cutlass::bfloat16_t>>, 0, 1, 0, 0, 0, 0, 0, 0>(pytorch_flash::Flash_fwd_params)",18,1024,38,25,99.80506822612085,89.37212466392248,11.143198127276763,512,19,99.80506822612085,26,0.19493177387914784,,256,1024,"(256, 1, 1)",531488,ns,"(8, 4, 32)",531488.0,17,,,72153339,cycle,80733606,cycle,575763563,warp,,575763563.0
attn,zamba2,27,0.25,108,1024,16,"void pytorch_flash::flash_fwd_kernel<Flash_fwd_kernel_traits<256, 128, 64, 8, 0, 0, cutlass::bfloat16_t, Flash_kernel_traits<256, 128, 64, 8, cutlass::bfloat16_t>>, 0, 1, 0, 0, 0, 0, 0, 0>(pytorch_flash::Flash_fwd_params)",18,4096,152,19,99.80506822612085,96.8778461686118,12.078638445316226,2048,76,99.80506822612085,23,0.19493177387914784,,256,4096,"(256, 1, 1)",1938720,ns,"(8, 16, 32)",1938720.0,15,,,285334051,cycle,294529722,cycle,2276811535,warp,,2276811535.0
attn,zamba2,27,0.25,108,1024,32,"void pytorch_flash::flash_fwd_kernel<Flash_fwd_kernel_traits<256, 128, 64, 8, 0, 0, cutlass::bfloat16_t, Flash_kernel_traits<256, 128, 64, 8, cutlass::bfloat16_t>>, 0, 1, 0, 0, 0, 0, 0, 0>(pytorch_flash::Flash_fwd_params)",18,8192,304,11,99.80506822612085,98.28398129647331,12.253873113090386,4096,152,99.80506822612085,19,0.19493177387914784,,256,8192,"(256, 1, 1)",3812512,ns,"(8, 32, 32)",3812512.0,16,,,569374605,cycle,579315772,cycle,4543271656,warp,,4543271656.0
attn,zamba2,27,0.25,108,1024,64,"void pytorch_flash::flash_fwd_kernel<Flash_fwd_kernel_traits<256, 128, 64, 8, 0, 0, cutlass::bfloat16_t, Flash_kernel_traits<256, 128, 64, 8, cutlass::bfloat16_t>>, 0, 1, 0, 0, 0, 0, 0, 0>(pytorch_flash::Flash_fwd_params)",18,16384,607,22,99.96949173225944,98.97303513545643,12.339765030150135,8192,304,99.80506822612085,11,0.19493177387914784,,256,16384,"(256, 1, 1)",7563328,ns,"(8, 64, 32)",7563328.0,17,,,1137345767,cycle,1149147104,cycle,9075331359,warp,,9075331359.0
attn,zamba2,27,0.25,108,2048,1,"void pytorch_flash::flash_fwd_kernel<Flash_fwd_kernel_traits<256, 128, 64, 8, 0, 0, cutlass::bfloat16_t, Flash_kernel_traits<256, 128, 64, 8, cutlass::bfloat16_t>>, 0, 1, 0, 0, 0, 0, 0, 0>(pytorch_flash::Flash_fwd_params)",18,512,19,26,99.80506822612085,80.03514025523488,9.990273613006329,256,10,94.81481481481482,13,5.185185185185182,,256,512,"(256, 1, 1)",531744,ns,"(16, 1, 32)",531744.0,17,,,64622554,cycle,80742726,cycle,516250832,warp,,516250832.0
attn,zamba2,27,0.25,108,2048,4,"void pytorch_flash::flash_fwd_kernel<Flash_fwd_kernel_traits<256, 128, 64, 8, 0, 0, cutlass::bfloat16_t, Flash_kernel_traits<256, 128, 64, 8, cutlass::bfloat16_t>>, 0, 1, 0, 0, 0, 0, 0, 0>(pytorch_flash::Flash_fwd_params)",18,2048,76,23,99.80506822612085,93.9703498632092,11.729446709646044,1024,38,99.80506822612085,25,0.19493177387914784,,256,2048,"(256, 1, 1)",1781664,ns,"(16, 4, 32)",1781664.0,13,,,254823087,cycle,271173926,cycle,2035660873,warp,,2035660873.0
attn,zamba2,27,0.25,108,2048,16,"void pytorch_flash::flash_fwd_kernel<Flash_fwd_kernel_traits<256, 128, 64, 8, 0, 0, cutlass::bfloat16_t, Flash_kernel_traits<256, 128, 64, 8, cutlass::bfloat16_t>>, 0, 1, 0, 0, 0, 0, 0, 0>(pytorch_flash::Flash_fwd_params)",18,8192,304,11,99.80506822612085,98.2851681811875,12.267919016131398,4096,152,99.80506822612085,19,0.19493177387914784,,256,8192,"(256, 1, 1)",6800320,ns,"(16, 16, 32)",6800320.0,16,,,1015494087,cycle,1033211934,cycle,8112230613,warp,,8112230613.0
attn,zamba2,27,0.25,108,2048,32,"void pytorch_flash::flash_fwd_kernel<Flash_fwd_kernel_traits<256, 128, 64, 8, 0, 0, cutlass::bfloat16_t, Flash_kernel_traits<256, 128, 64, 8, cutlass::bfloat16_t>>, 0, 1, 0, 0, 0, 0, 0, 0>(pytorch_flash::Flash_fwd_params)",18,16384,607,22,99.96949173225944,99.04662028817403,12.362948090665139,8192,304,99.80506822612085,11,0.19493177387914784,,256,16384,"(256, 1, 1)",13777280,ns,"(16, 32, 32)",13777280.0,16,,,2029245180,cycle,2048777812,cycle,16210517593,warp,,16210517593.0
attn,zamba2,27,0.25,108,2048,64,"void pytorch_flash::flash_fwd_kernel<Flash_fwd_kernel_traits<256, 128, 64, 8, 0, 0, cutlass::bfloat16_t, Flash_kernel_traits<256, 128, 64, 8, cutlass::bfloat16_t>>, 0, 1, 0, 0, 0, 0, 0, 0>(pytorch_flash::Flash_fwd_params)",19,32768,1214,17,99.96949173225944,99.43499702450123,12.410961385711316,16384,607,99.96949173225944,22,0.030508267740558814,,256,32768,"(256, 1, 1)",26816320,ns,"(16, 64, 32)",26816320.0,15,,,4059235329,cycle,4082300448,cycle,32425774864,warp,,32425774864.0
attn,zamba2,27,0.25,108,4096,1,"void pytorch_flash::flash_fwd_kernel<Flash_fwd_kernel_traits<256, 128, 64, 8, 0, 0, cutlass::bfloat16_t, Flash_kernel_traits<256, 128, 64, 8, cutlass::bfloat16_t>>, 0, 1, 0, 0, 0, 0, 0, 0>(pytorch_flash::Flash_fwd_params)",18,1024,38,25,99.80506822612085,88.5431477683627,11.059451981529508,512,19,99.80506822612085,26,0.19493177387914784,,256,1024,"(256, 1, 1)",1779872,ns,"(32, 1, 32)",1779872.0,17,,,239875075,cycle,270913200,cycle,1917536977,warp,,1917536977.0
attn,zamba2,27,0.25,108,4096,4,"void pytorch_flash::flash_fwd_kernel<Flash_fwd_kernel_traits<256, 128, 64, 8, 0, 0, cutlass::bfloat16_t, Flash_kernel_traits<256, 128, 64, 8, cutlass::bfloat16_t>>, 0, 1, 0, 0, 0, 0, 0, 0>(pytorch_flash::Flash_fwd_params)",18,4096,152,19,99.80506822612085,96.75138361785169,12.084650325881405,2048,76,99.80506822612085,23,0.19493177387914784,,256,4096,"(256, 1, 1)",6500832,ns,"(32, 4, 32)",6500832.0,16,,,955269132,cycle,987344156,cycle,7636293681,warp,,7636293681.0
attn,zamba2,27,0.25,108,4096,16,"void pytorch_flash::flash_fwd_kernel<Flash_fwd_kernel_traits<256, 128, 64, 8, 0, 0, cutlass::bfloat16_t, Flash_kernel_traits<256, 128, 64, 8, cutlass::bfloat16_t>>, 0, 1, 0, 0, 0, 0, 0, 0>(pytorch_flash::Flash_fwd_params)",18,16384,607,22,99.96949173225944,99.11268966074928,12.379567902714113,8192,304,99.80506822612085,11,0.19493177387914784,,256,16384,"(256, 1, 1)",28660096,ns,"(32, 16, 32)",28660096.0,14,,,3814402193,cycle,3848550782,cycle,30491773269,warp,,30491773269.0
attn,zamba2,27,0.25,108,4096,32,"void pytorch_flash::flash_fwd_kernel<Flash_fwd_kernel_traits<256, 128, 64, 8, 0, 0, cutlass::bfloat16_t, Flash_kernel_traits<256, 128, 64, 8, cutlass::bfloat16_t>>, 0, 1, 0, 0, 0, 0, 0, 0>(pytorch_flash::Flash_fwd_params)",19,32768,1214,17,99.96949173225944,99.50889540618785,12.428812852843233,16384,607,99.96949173225944,22,0.030508267740558814,,256,32768,"(256, 1, 1)",50411488,ns,"(32, 32, 32)",50411488.0,11,,,7632399681,cycle,7670067736,cycle,61011095334,warp,,61011095334.0
attn,zamba2,27,0.25,108,4096,64,"void pytorch_flash::flash_fwd_kernel<Flash_fwd_kernel_traits<256, 128, 64, 8, 0, 0, cutlass::bfloat16_t, Flash_kernel_traits<256, 128, 64, 8, cutlass::bfloat16_t>>, 0, 1, 0, 0, 0, 0, 0, 0>(pytorch_flash::Flash_fwd_params)",29,65536,2428,7,99.96949173225944,99.7096093355216,12.451618596480577,32768,1214,99.96949173225944,17,0.030508267740558814,,256,65536,"(256, 1, 1)",101410720,ns,"(32, 64, 32)",101410720.0,16,,,15289687646,cycle,15334216780,cycle,122198924045,warp,,122198924045.0
attn,zamba2,27,0.25,108,8192,1,"void pytorch_flash::flash_fwd_kernel<Flash_fwd_kernel_traits<256, 128, 64, 8, 0, 0, cutlass::bfloat16_t, Flash_kernel_traits<256, 128, 64, 8, cutlass::bfloat16_t>>, 0, 1, 0, 0, 0, 0, 0, 0>(pytorch_flash::Flash_fwd_params)",18,2048,76,23,99.80506822612085,93.9784396975689,11.74265661065294,1024,38,99.80506822612085,25,0.19493177387914784,,256,2048,"(256, 1, 1)",6482432,ns,"(64, 1, 32)",6482432.0,13,,,925366736,cycle,984658544,cycle,7400004583,warp,,7400004583.0
attn,zamba2,27,0.25,108,8192,4,"void pytorch_flash::flash_fwd_kernel<Flash_fwd_kernel_traits<256, 128, 64, 8, 0, 0, cutlass::bfloat16_t, Flash_kernel_traits<256, 128, 64, 8, cutlass::bfloat16_t>>, 0, 1, 0, 0, 0, 0, 0, 0>(pytorch_flash::Flash_fwd_params)",18,8192,304,11,99.80506822612085,98.36363344281904,12.290569438688133,4096,152,99.80506822612085,19,0.19493177387914784,,256,8192,"(256, 1, 1)",27632192,ns,"(64, 4, 32)",27632192.0,5,,,3693420976,cycle,3754864320,cycle,29535629221,warp,,29535629221.0
attn,zamba2,27,0.25,108,8192,16,"void pytorch_flash::flash_fwd_kernel<Flash_fwd_kernel_traits<256, 128, 64, 8, 0, 0, cutlass::bfloat16_t, Flash_kernel_traits<256, 128, 64, 8, cutlass::bfloat16_t>>, 0, 1, 0, 0, 0, 0, 0, 0>(pytorch_flash::Flash_fwd_params)",19,32768,1214,17,99.96949173225944,99.55534420190921,12.439349265996382,16384,607,99.96949173225944,22,0.030508267740558814,,256,32768,"(256, 1, 1)",97933504,ns,"(64, 16, 32)",97933504.0,13,,,14774083732,cycle,14840070968,cycle,118144528578,warp,,118144528578.0
attn,zamba2,27,0.25,108,8192,32,"void pytorch_flash::flash_fwd_kernel<Flash_fwd_kernel_traits<256, 128, 64, 8, 0, 0, cutlass::bfloat16_t, Flash_kernel_traits<256, 128, 64, 8, cutlass::bfloat16_t>>, 0, 1, 0, 0, 0, 0, 0, 0>(pytorch_flash::Flash_fwd_params)",29,65536,2428,7,99.96949173225944,99.75339701159257,12.462924400273033,32768,1214,99.96949173225944,17,0.030508267740558814,,256,65536,"(256, 1, 1)",196390848,ns,"(64, 32, 32)",196390848.0,20,,,29572551099,cycle,29645658178,cycle,236461821868,warp,,236461821868.0
attn,zamba2,27,0.25,108,8192,64,"void pytorch_flash::flash_fwd_kernel<Flash_fwd_kernel_traits<256, 128, 64, 8, 0, 0, cutlass::bfloat16_t, Flash_kernel_traits<256, 128, 64, 8, cutlass::bfloat16_t>>, 0, 1, 0, 0, 0, 0, 0, 0>(pytorch_flash::Flash_fwd_params)",43,131072,4855,14,99.99008277072129,99.85383827224432,12.47547505547617,65536,2428,99.96949173225944,7,0.030508267740558814,,256,131072,"(256, 1, 1)",395732704,ns,"(64, 64, 32)",395732704.0,30,,,59142929453,cycle,59229500314,cycle,472906338378,warp,,472906338378.0
attn,zamba2,27,0.25,108,16384,1,"void pytorch_flash::flash_fwd_kernel<Flash_fwd_kernel_traits<256, 128, 64, 8, 0, 0, cutlass::bfloat16_t, Flash_kernel_traits<256, 128, 64, 8, cutlass::bfloat16_t>>, 0, 1, 0, 0, 0, 0, 0, 0>(pytorch_flash::Flash_fwd_params)",18,4096,152,19,99.80506822612085,96.99612477864522,12.122067641027641,2048,76,99.80506822612085,23,0.19493177387914784,,256,4096,"(256, 1, 1)",30023776,ns,"(128, 1, 32)",30023776.0,14,,,3629614435,cycle,3742020048,cycle,29031052887,warp,,29031052887.0
attn,zamba2,27,0.25,108,16384,4,"void pytorch_flash::flash_fwd_kernel<Flash_fwd_kernel_traits<256, 128, 64, 8, 0, 0, cutlass::bfloat16_t, Flash_kernel_traits<256, 128, 64, 8, cutlass::bfloat16_t>>, 0, 1, 0, 0, 0, 0, 0, 0>(pytorch_flash::Flash_fwd_params)",18,16384,607,22,99.96949173225944,99.20916343212842,12.398637398546878,8192,304,99.80506822612085,11,0.19493177387914784,,256,16384,"(256, 1, 1)",97369120,ns,"(128, 4, 32)",97369120.0,8,,,14504512892,cycle,14620134260,cycle,116012635781,warp,,116012635781.0
attn,zamba2,27,0.25,108,16384,16,"void pytorch_flash::flash_fwd_kernel<Flash_fwd_kernel_traits<256, 128, 64, 8, 0, 0, cutlass::bfloat16_t, Flash_kernel_traits<256, 128, 64, 8, cutlass::bfloat16_t>>, 0, 1, 0, 0, 0, 0, 0, 0>(pytorch_flash::Flash_fwd_params)",29,65536,2428,7,99.96949173225944,99.78358697845661,12.469762743071385,32768,1214,99.96949173225944,17,0.030508267740558814,,256,65536,"(256, 1, 1)",393359392,ns,"(128, 16, 32)",393359392.0,22,,,58040140055,cycle,58166018894,cycle,464202531403,warp,,464202531403.0
attn,zamba2,27,0.25,108,16384,32,"void pytorch_flash::flash_fwd_kernel<Flash_fwd_kernel_traits<256, 128, 64, 8, 0, 0, cutlass::bfloat16_t, Flash_kernel_traits<256, 128, 64, 8, cutlass::bfloat16_t>>, 0, 1, 0, 0, 0, 0, 0, 0>(pytorch_flash::Flash_fwd_params)",43,131072,4855,14,99.99008277072129,99.87926951268243,12.481719875938174,65536,2428,99.96949173225944,7,0.030508267740558814,,256,131072,"(256, 1, 1)",787326624,ns,"(128, 32, 32)",787326624.0,36,,,116081069133,cycle,116221383776,cycle,928411363767,warp,,928411363767.0
attn,zamba2,27,0.25,108,16384,64,"void pytorch_flash::flash_fwd_kernel<Flash_fwd_kernel_traits<256, 128, 64, 8, 0, 0, cutlass::bfloat16_t, Flash_kernel_traits<256, 128, 64, 8, cutlass::bfloat16_t>>, 0, 1, 0, 0, 0, 0, 0, 0>(pytorch_flash::Flash_fwd_params)",71,262144,9710,1,99.99008277072129,99.92798373065357,12.487807194775396,131072,4855,99.99008277072129,14,0.00991722927871086,,256,262144,"(256, 1, 1)",1575436288,ns,"(128, 64, 32)",1575436288.0,58,,,232155028555,cycle,232322338436,cycle,1856765804434,warp,,1856765804434.0
attn,zamba2,27,0.25,108,32768,1,"void pytorch_flash::flash_fwd_kernel<Flash_fwd_kernel_traits<256, 128, 64, 8, 0, 0, cutlass::bfloat16_t, Flash_kernel_traits<256, 128, 64, 8, cutlass::bfloat16_t>>, 0, 1, 0, 0, 0, 0, 0, 0>(pytorch_flash::Flash_fwd_params)",18,8192,304,11,99.80506822612085,98.60283503897283,12.324092638864931,4096,152,99.80506822612085,19,0.19493177387914784,,256,8192,"(256, 1, 1)",112433792,ns,"(256, 1, 32)",112433792.0,5,,,14325041926,cycle,14528022364,cycle,114588603823,warp,,114588603823.0
attn,zamba2,27,0.25,108,32768,4,"void pytorch_flash::flash_fwd_kernel<Flash_fwd_kernel_traits<256, 128, 64, 8, 0, 0, cutlass::bfloat16_t, Flash_kernel_traits<256, 128, 64, 8, cutlass::bfloat16_t>>, 0, 1, 0, 0, 0, 0, 0, 0>(pytorch_flash::Flash_fwd_params)",19,32768,1214,17,99.96949173225944,99.63947102269054,12.45362618246071,16384,607,99.96949173225944,22,0.030508267740558814,,256,32768,"(256, 1, 1)",415293856,ns,"(256, 4, 32)",415293856.0,6,,,57280988256,cycle,57488250056,cycle,458199792692,warp,,458199792692.0
attn,zamba2,27,0.25,108,32768,16,"void pytorch_flash::flash_fwd_kernel<Flash_fwd_kernel_traits<256, 128, 64, 8, 0, 0, cutlass::bfloat16_t, Flash_kernel_traits<256, 128, 64, 8, cutlass::bfloat16_t>>, 0, 1, 0, 0, 0, 0, 0, 0>(pytorch_flash::Flash_fwd_params)",43,131072,4855,14,99.99008277072129,99.90019186789972,12.485908541355666,65536,2428,99.96949173225944,7,0.030508267740558814,,256,131072,"(256, 1, 1)",1609535040,ns,"(256, 16, 32)",1609535040.0,38,,,229103401777,cycle,229332294056,cycle,1832590111464,warp,,1832590111464.0
attn,zamba2,27,0.25,108,32768,32,"void pytorch_flash::flash_fwd_kernel<Flash_fwd_kernel_traits<256, 128, 64, 8, 0, 0, cutlass::bfloat16_t, Flash_kernel_traits<256, 128, 64, 8, cutlass::bfloat16_t>>, 0, 1, 0, 0, 0, 0, 0, 0>(pytorch_flash::Flash_fwd_params)",71,262144,9710,1,99.99008277072129,99.9441087937236,12.491397029077994,131072,4855,99.99008277072129,14,0.00991722927871086,,256,262144,"(256, 1, 1)",3237667904,ns,"(256, 32, 32)",3237667904.0,61,,,458199561978,cycle,458455798454,cycle,3665122175214,warp,,3665122175214.0
,,27,0.25,108,32768,64,,,,,,,,,262144,9710,99.99008277072129,1,0.00991722927871086,ncu exit code 1,,,,,,,,,,"==WARNING== Note: Running with unmodified GPU clocks. If not controlled otherwise, profiling results may be inconsistent.
==PROF== Connected to process 963419 (/apps/applications/Miniconda/25.11.1/envs/pytorch_2.9.1_cuda13/bin/python3.14)
==PROF== Disconnected from process 963419
==ERROR== The application returned an error code (1).
""ID"",""Process ID"",""Process Name"",""Host Name"",""Kernel Name"",""Context"",""Stream"",""Block Size"",""Grid Size"",""Device"",""CC"",""Section Name"",""Metric Name"",""Metric Unit"",""Metric Value""
""0"",""963419"",""python3.14"",""127.0.0.1"",""void unnamed>::distribution_elementwise_grid_stride_kernel<float, 4, void normal_and_transform<BFloat16, float, CUDAGeneratorImpl *, void normal_kernel<CUDAGeneratorImpl *>(const TensorBase &, double, double, T1)::[lambda() (instance 1)]::operator ()() lambda() (instance 4)]::operator ()() lambda(float) (instance 1)]>(TensorIteratorBase &, T3, T4)::[lambda(curandStatePhilox4_32_10 *) (instance 2)], void unnamed>::distribution_nullary_kernel<BFloat",,,,,,,"/apps/applications/Miniconda/25.11.1/envs/pytorch_2.9.1_cuda13/lib/python3.14/site-packages/torch/cuda/__init__.py:63: FutureWarning: The pynvml package is deprecated. Please install nvidia-ml-py instead. If you did not install pynvml directly, please report this to the maintainers of the package that installed pynvml for you.
  import pynvml  # type: ignore[import]
Traceback (most recent call last):
  File ""/scratch/ehmoon/whlee/prefill-layer-alloc/stage1_sm_scaling/../src/profiling/_ncu_target.py"", line 190, in <module>
    main()
    ~~~~^^
  File ""/scratch/ehmoon/whlee/prefill-layer-alloc/stage1_sm_scaling/../src/profiling/_ncu_target.py"", line 97, in main
    kv_cache = torch.randn(
        args.batch_size, total_kv_len, 2, n_kv_heads, head_dim,
        device=""cuda"", dtype=dtype
    )
torch.OutOfMemoryError: CUDA out of memory. Tried to allocate 56.00 GiB. GPU 0 has a total capacity of 79.25 GiB of which 50.69 GiB is free. Including non-PyTorch memory, this process has 28.55 GiB ",
attn,zamba2,40,0.37037037037037035,108,256,1,"void pytorch_flash::flash_fwd_splitkv_kernel<Flash_fwd_kernel_traits<256, 64, 64, 4, 0, 0, cutlass::bfloat16_t, Flash_kernel_traits<256, 64, 64, 4, cutlass::bfloat16_t>>, 1, 0, 0, 0, 0, 0, 1, 0>(pytorch_flash::Flash_fwd_params)",31,512,13,32,98.46153846153847,79.97357122373447,4.97827055054453,32,1,80.0,32,19.999999999999996,,128,512,"(128, 1, 1)",39264,ns,"(4, 4, 32)",39264.0,15,,,4752036,cycle,5942008,cycle,18931791,warp,,18931791.0
attn,zamba2,40,0.37037037037037035,108,256,4,"void at::<unnamed>::CatArrayBatchedCopy<at::<unnamed>::OpaqueType<2>, unsigned int, 3, 64, 64>(T1 *, at::<unnamed>::CatArrInputTensorMetadata<T1, T2, T4, T5>, at::<unnamed>::TensorSizeStride<T2, 4>, int, T2)",18,432,11,32,98.18181818181819,96.18034784015188,76.35090640513027,128,4,80.0,8,19.999999999999996,,512,432,"(512, 1, 1)",86976,ns,"(216, 2, 1)",86976.0,4,,,12701419,cycle,13205836,cycle,645297631,warp,,645297631.0
attn,zamba2,40,0.37037037037037035,108,256,16,"void at::<unnamed>::CatArrayBatchedCopy<at::<unnamed>::OpaqueType<2>, unsigned int, 3, 64, 64>(T1 *, at::<unnamed>::CatArrInputTensorMetadata<T1, T2, T4, T5>, at::<unnamed>::TensorSizeStride<T2, 4>, int, T2)",18,432,11,32,98.18181818181819,98.28046042341181,82.29650973618642,512,13,98.46153846153847,32,1.538461538461533,,512,432,"(512, 1, 1)",326688,ns,"(216, 2, 1)",326688.0,4,,,48804056,cycle,49657944,cycle,2615472302,warp,,2615472302.0
attn,zamba2,40,0.37037037037037035,108,256,32,"void at::<unnamed>::CatArrayBatchedCopy<at::<unnamed>::OpaqueType<2>, unsigned int, 3, 64, 64>(T1 *, at::<unnamed>::CatArrInputTensorMetadata<T1, T2, T4, T5>, at::<unnamed>::TensorSizeStride<T2, 4>, int, T2)",18,432,11,32,98.18181818181819,99.00199241462344,82.15254586097596,1024,26,98.46153846153847,24,1.538461538461533,,512,432,"(512, 1, 1)",765568,ns,"(216, 2, 1)",765568.0,4,,,94477538,cycle,95429936,cycle,5017479804,warp,,5017479804.0
attn,zamba2,40,0.37037037037037035,108,256,64,"void at::<unnamed>::CatArrayBatchedCopy<at::<unnamed>::OpaqueType<2>, unsigned int, 3, 64, 64>(T1 *, at::<unnamed>::CatArrInputTensorMetadata<T1, T2, T4, T5>, at::<unnamed>::TensorSizeStride<T2, 4>, int, T2)",18,432,11,32,98.18181818181819,99.00562685094889,84.7945868977089,2048,52,98.46153846153847,8,1.538461538461533,,512,432,"(512, 1, 1)",1288384,ns,"(216, 2, 1)",1288384.0,4,,,193989659,cycle,195938014,cycle,10633269091,warp,,10633269091.0
attn,zamba2,40,0.37037037037037035,108,512,1,"void at::<unnamed>::CatArrayBatchedCopy<at::<unnamed>::OpaqueType<2>, unsigned int, 3, 64, 64>(T1 *, at::<unnamed>::CatArrInputTensorMetadata<T1, T2, T4, T5>, at::<unnamed>::TensorSizeStride<T2, 4>, int, T2)",18,432,11,32,98.18181818181819,92.30971989336282,71.2034786186822,64,2,80.0,24,19.999999999999996,,512,432,"(512, 1, 1)",46944,ns,"(216, 2, 1)",46944.0,4,,,6569884,cycle,7117218,cycle,324333235,warp,,324333235.0
attn,zamba2,40,0.37037037037037035,108,512,4,"void at::<unnamed>::CatArrayBatchedCopy<at::<unnamed>::OpaqueType<2>, unsigned int, 3, 64, 64>(T1 *, at::<unnamed>::CatArrInputTensorMetadata<T1, T2, T4, T5>, at::<unnamed>::TensorSizeStride<T2, 4>, int, T2)",18,432,11,32,98.18181818181819,96.33561674111688,78.71596949517127,256,7,91.42857142857143,16,8.571428571428575,,512,432,"(512, 1, 1)",173856,ns,"(216, 2, 1)",173856.0,4,,,24627081,cycle,25563838,cycle,1287860667,warp,,1287860667.0
attn,zamba2,40,0.37037037037037035,108,512,16,"void at::<unnamed>::CatArrayBatchedCopy<at::<unnamed>::OpaqueType<2>, unsigned int, 3, 64, 64>(T1 *, at::<unnamed>::CatArrInputTensorMetadata<T1, T2, T4, T5>, at::<unnamed>::TensorSizeStride<T2, 4>, int, T2)",18,432,11,32,98.18181818181819,98.59275552847608,81.77267764079481,1024,26,98.46153846153847,24,1.538461538461533,,512,432,"(512, 1, 1)",769088,ns,"(216, 2, 1)",769088.0,4,,,94516862,cycle,95865930,cycle,5017096826,warp,,5017096826.0
attn,zamba2,40,0.37037037037037035,108,512,32,"void at::<unnamed>::CatArrayBatchedCopy<at::<unnamed>::OpaqueType<2>, unsigned int, 3, 64, 64>(T1 *, at::<unnamed>::CatArrInputTensorMetadata<T1, T2, T4, T5>, at::<unnamed>::TensorSizeStride<T2, 4>, int, T2)",18,432,11,32,98.18181818181819,99.11128509213108,84.86664034037959,2048,52,98.46153846153847,8,1.538461538461533,,512,432,"(512, 1, 1)",1287424,ns,"(216, 2, 1)",1287424.0,4,,,194051444,cycle,195791472,cycle,10634345239,warp,,10634345239.0
attn,zamba2,40,0.37037037037037035,108,512,64,"void at::<unnamed>::CatArrayBatchedCopy<at::<unnamed>::OpaqueType<2>, unsigned int, 3, 64, 64>(T1 *, at::<unnamed>::CatArrInputTensorMetadata<T1, T2, T4, T5>, at::<unnamed>::TensorSizeStride<T2, 4>, int, T2)",18,432,11,32,98.18181818181819,99.30074006318637,85.58931612300518,4096,103,99.41747572815534,16,0.5825242718446644,,512,432,"(512, 1, 1)",2570592,ns,"(216, 2, 1)",2570592.0,4,,,388188733,cycle,390922296,cycle,21413614062,warp,,21413614062.0
attn,zamba2,40,0.37037037037037035,108,1024,1,"void pytorch_flash::flash_fwd_kernel<Flash_fwd_kernel_traits<256, 128, 64, 8, 0, 0, cutlass::bfloat16_t, Flash_kernel_traits<256, 128, 64, 8, cutlass::bfloat16_t>>, 0, 1, 0, 0, 0, 0, 0, 0>(pytorch_flash::Flash_fwd_params)",18,256,7,16,91.42857142857143,69.99935997395501,8.728916078434636,128,4,80.0,8,19.999999999999996,,256,256,"(256, 1, 1)",178144,ns,"(8, 1, 32)",178144.0,17,,,18920932,cycle,27030150,cycle,151004103,warp,,151004103.0
attn,zamba2,40,0.37037037037037035,108,1024,4,"void pytorch_flash::flash_fwd_kernel<Flash_fwd_kernel_traits<256, 128, 64, 8, 0, 0, cutlass::bfloat16_t, Flash_kernel_traits<256, 128, 64, 8, cutlass::bfloat16_t>>, 0, 1, 0, 0, 0, 0, 0, 0>(pytorch_flash::Flash_fwd_params)",18,1024,26,24,98.46153846153847,89.39710626779983,11.146358940913917,512,13,98.46153846153847,32,1.538461538461533,,256,1024,"(256, 1, 1)",531488,ns,"(8, 4, 32)",531488.0,10,,,72191353,cycle,80753568,cycle,576069283,warp,,576069283.0
attn,zamba2,40,0.37037037037037035,108,1024,16,"void pytorch_flash::flash_fwd_kernel<Flash_fwd_kernel_traits<256, 128, 64, 8, 0, 0, cutlass::bfloat16_t, Flash_kernel_traits<256, 128, 64, 8, cutlass::bfloat16_t>>, 0, 1, 0, 0, 0, 0, 0, 0>(pytorch_flash::Flash_fwd_params)",18,4096,103,16,99.41747572815534,96.8995698959551,12.081435365502864,2048,52,98.46153846153847,8,1.538461538461533,,256,4096,"(256, 1, 1)",1938144,ns,"(8, 16, 32)",1938144.0,13,,,285351117,cycle,294481304,cycle,2276964378,warp,,2276964378.0
attn,zamba2,40,0.37037037037037035,108,1024,32,"void pytorch_flash::flash_fwd_kernel<Flash_fwd_kernel_traits<256, 128, 64, 8, 0, 0, cutlass::bfloat16_t, Flash_kernel_traits<256, 128, 64, 8, cutlass::bfloat16_t>>, 0, 1, 0, 0, 0, 0, 0, 0>(pytorch_flash::Flash_fwd_params)",18,8192,205,32,99.90243902439025,98.25676023493294,12.250460466242608,4096,103,99.41747572815534,16,0.5825242718446644,,256,8192,"(256, 1, 1)",3813696,ns,"(8, 32, 32)",3813696.0,10,,,569364984,cycle,579466474,cycle,4543187924,warp,,4543187924.0
attn,zamba2,40,0.37037037037037035,108,1024,64,"void pytorch_flash::flash_fwd_kernel<Flash_fwd_kernel_traits<256, 128, 64, 8, 0, 0, cutlass::bfloat16_t, Flash_kernel_traits<256, 128, 64, 8, cutlass::bfloat16_t>>, 0, 1, 0, 0, 0, 0, 0, 0>(pytorch_flash::Flash_fwd_params)",18,16384,410,24,99.90243902439025,98.98565445737911,12.34132095172499,8192,205,99.90243902439025,32,0.09756097560975618,,256,16384,"(256, 1, 1)",7547968,ns,"(8, 64, 32)",7547968.0,17,,,1137402132,cycle,1149057546,cycle,9075768299,warp,,9075768299.0
attn,zamba2,40,0.37037037037037035,108,2048,1,"void pytorch_flash::flash_fwd_kernel<Flash_fwd_kernel_traits<256, 128, 64, 8, 0, 0, cutlass::bfloat16_t, Flash_kernel_traits<256, 128, 64, 8, cutlass::bfloat16_t>>, 0, 1, 0, 0, 0, 0, 0, 0>(pytorch_flash::Flash_fwd_params)",18,512,13,32,98.46153846153847,79.99921206084743,9.985664702107618,256,7,91.42857142857143,16,8.571428571428575,,256,512,"(256, 1, 1)",531808,ns,"(16, 1, 32)",531808.0,6,,,64613490,cycle,80767658,cycle,516172001,warp,,516172001.0
attn,zamba2,40,0.37037037037037035,108,2048,4,"void pytorch_flash::flash_fwd_kernel<Flash_fwd_kernel_traits<256, 128, 64, 8, 0, 0, cutlass::bfloat16_t, Flash_kernel_traits<256, 128, 64, 8, cutlass::bfloat16_t>>, 0, 1, 0, 0, 0, 0, 0, 0>(pytorch_flash::Flash_fwd_params)",18,2048,52,8,98.46153846153847,93.93040339650037,11.724452005379488,1024,26,98.46153846153847,24,1.538461538461533,,256,2048,"(256, 1, 1)",1782208,ns,"(16, 4, 32)",1782208.0,16,,,254792877,cycle,271257088,cycle,2035418054,warp,,2035418054.0
attn,zamba2,40,0.37037037037037035,108,2048,16,"void pytorch_flash::flash_fwd_kernel<Flash_fwd_kernel_traits<256, 128, 64, 8, 0, 0, cutlass::bfloat16_t, Flash_kernel_traits<256, 128, 64, 8, cutlass::bfloat16_t>>, 0, 1, 0, 0, 0, 0, 0, 0>(pytorch_flash::Flash_fwd_params)",18,8192,205,32,99.90243902439025,98.28345658388785,12.267719376056604,4096,103,99.41747572815534,16,0.5825242718446644,,256,8192,"(256, 1, 1)",6802944,ns,"(16, 16, 32)",6802944.0,12,,,1015501571,cycle,1033237542,cycle,8112299657,warp,,8112299657.0
attn,zamba2,40,0.37037037037037035,108,2048,32,"void pytorch_flash::flash_fwd_kernel<Flash_fwd_kernel_traits<256, 128, 64, 8, 0, 0, cutlass::bfloat16_t, Flash_kernel_traits<256, 128, 64, 8, cutlass::bfloat16_t>>, 0, 1, 0, 0, 0, 0, 0, 0>(pytorch_flash::Flash_fwd_params)",18,16384,410,24,99.90243902439025,99.04683646858703,12.362963305770048,8192,205,99.90243902439025,32,0.09756097560975618,,256,16384,"(256, 1, 1)",13932288,ns,"(16, 32, 32)",13932288.0,17,,,2029026512,cycle,2048552568,cycle,16208755346,warp,,16208755346.0
attn,zamba2,40,0.37037037037037035,108,2048,64,"void pytorch_flash::flash_fwd_kernel<Flash_fwd_kernel_traits<256, 128, 64, 8, 0, 0, cutlass::bfloat16_t, Flash_kernel_traits<256, 128, 64, 8, cutlass::bfloat16_t>>, 0, 1, 0, 0, 0, 0, 0, 0>(pytorch_flash::Flash_fwd_params)",19,32768,820,8,99.90243902439025,99.43776587505172,12.411310345200292,16384,410,99.90243902439025,24,0.09756097560975618,,256,32768,"(256, 1, 1)",26817664,ns,"(16, 64, 32)",26817664.0,6,,,4059466293,cycle,4082419046,cycle,32427628633,warp,,32427628633.0
attn,zamba2,40,0.37037037037037035,108,4096,1,"void pytorch_flash::flash_fwd_kernel<Flash_fwd_kernel_traits<256, 128, 64, 8, 0, 0, cutlass::bfloat16_t, Flash_kernel_traits<256, 128, 64, 8, cutlass::bfloat16_t>>, 0, 1, 0, 0, 0, 0, 0, 0>(pytorch_flash::Flash_fwd_params)",18,1024,26,24,98.46153846153847,88.45417033822379,11.048360096535648,512,13,98.46153846153847,32,1.538461538461533,,256,1024,"(256, 1, 1)",1781632,ns,"(32, 1, 32)",1781632.0,15,,,239873345,cycle,271183760,cycle,1917526933,warp,,1917526933.0
attn,zamba2,40,0.37037037037037035,108,4096,4,"void pytorch_flash::flash_fwd_kernel<Flash_fwd_kernel_traits<256, 128, 64, 8, 0, 0, cutlass::bfloat16_t, Flash_kernel_traits<256, 128, 64, 8, cutlass::bfloat16_t>>, 0, 1, 0, 0, 0, 0, 0, 0>(pytorch_flash::Flash_fwd_params)",18,4096,103,16,99.41747572815534,96.77316918910051,12.0873627543277,2048,52,98.46153846153847,8,1.538461538461533,,256,4096,"(256, 1, 1)",6484544,ns,"(32, 4, 32)",6484544.0,17,,,955251104,cycle,987103256,cycle,7636144084,warp,,7636144084.0
attn,zamba2,40,0.37037037037037035,108,4096,16,"void pytorch_flash::flash_fwd_kernel<Flash_fwd_kernel_traits<256, 128, 64, 8, 0, 0, cutlass::bfloat16_t, Flash_kernel_traits<256, 128, 64, 8, cutlass::bfloat16_t>>, 0, 1, 0, 0, 0, 0, 0, 0>(pytorch_flash::Flash_fwd_params)",18,16384,410,24,99.90243902439025,99.10855988822767,12.379058504270947,8192,205,99.90243902439025,32,0.09756097560975618,,256,16384,"(256, 1, 1)",26472992,ns,"(32, 16, 32)",26472992.0,5,,,3815705760,cycle,3850026440,cycle,30502209628,warp,,30502209628.0
attn,zamba2,40,0.37037037037037035,108,4096,32,"void pytorch_flash::flash_fwd_kernel<Flash_fwd_kernel_traits<256, 128, 64, 8, 0, 0, cutlass::bfloat16_t, Flash_kernel_traits<256, 128, 64, 8, cutlass::bfloat16_t>>, 0, 1, 0, 0, 0, 0, 0, 0>(pytorch_flash::Flash_fwd_params)",19,32768,820,8,99.90243902439025,99.510655671316,12.429028732874643,16384,410,99.90243902439025,24,0.09756097560975618,,256,32768,"(256, 1, 1)",50507328,ns,"(32, 32, 32)",50507328.0,6,,,7632595605,cycle,7670128946,cycle,61012641955,warp,,61012641955.0
attn,zamba2,40,0.37037037037037035,108,4096,64,"void pytorch_flash::flash_fwd_kernel<Flash_fwd_kernel_traits<256, 128, 64, 8, 0, 0, cutlass::bfloat16_t, Flash_kernel_traits<256, 128, 64, 8, cutlass::bfloat16_t>>, 0, 1, 0, 0, 0, 0, 0, 0>(pytorch_flash::Flash_fwd_params)",29,65536,1639,16,99.96339231238561,99.71091960484935,12.451784432868392,32768,820,99.90243902439025,8,0.09756097560975618,,256,65536,"(256, 1, 1)",101385664,ns,"(32, 64, 32)",101385664.0,17,,,15289351704,cycle,15333678362,cycle,122196260817,warp,,122196260817.0
attn,zamba2,40,0.37037037037037035,108,8192,1,"void pytorch_flash::flash_fwd_kernel<Flash_fwd_kernel_traits<256, 128, 64, 8, 0, 0, cutlass::bfloat16_t, Flash_kernel_traits<256, 128, 64, 8, cutlass::bfloat16_t>>, 0, 1, 0, 0, 0, 0, 0, 0>(pytorch_flash::Flash_fwd_params)",18,2048,52,8,98.46153846153847,93.90743125763038,11.733780666746508,1024,26,98.46153846153847,24,1.538461538461533,,256,2048,"(256, 1, 1)",6474688,ns,"(64, 1, 32)",6474688.0,14,,,925369278,cycle,985405804,cycle,7400022766,warp,,7400022766.0
attn,zamba2,40,0.37037037037037035,108,8192,4,"void pytorch_flash::flash_fwd_kernel<Flash_fwd_kernel_traits<256, 128, 64, 8, 0, 0, cutlass::bfloat16_t, Flash_kernel_traits<256, 128, 64, 8, cutlass::bfloat16_t>>, 0, 1, 0, 0, 0, 0, 0, 0>(pytorch_flash::Flash_fwd_params)",18,8192,205,32,99.90243902439025,98.37300598862761,12.29174534648743,4096,103,99.41747572815534,16,0.5825242718446644,,256,8192,"(256, 1, 1)",26994912,ns,"(64, 4, 32)",26994912.0,15,,,3693929585,cycle,3755023594,cycle,29539708024,warp,,29539708024.0
attn,zamba2,40,0.37037037037037035,108,8192,16,"void pytorch_flash::flash_fwd_kernel<Flash_fwd_kernel_traits<256, 128, 64, 8, 0, 0, cutlass::bfloat16_t, Flash_kernel_traits<256, 128, 64, 8, cutlass::bfloat16_t>>, 0, 1, 0, 0, 0, 0, 0, 0>(pytorch_flash::Flash_fwd_params)",19,32768,820,8,99.90243902439025,99.55323479182681,12.439087864200246,16384,410,99.90243902439025,24,0.09756097560975618,,256,32768,"(256, 1, 1)",98093696,ns,"(64, 16, 32)",98093696.0,14,,,14773890142,cycle,14840190952,cycle,118143001071,warp,,118143001071.0
attn,zamba2,40,0.37037037037037035,108,8192,32,"void pytorch_flash::flash_fwd_kernel<Flash_fwd_kernel_traits<256, 128, 64, 8, 0, 0, cutlass::bfloat16_t, Flash_kernel_traits<256, 128, 64, 8, cutlass::bfloat16_t>>, 0, 1, 0, 0, 0, 0, 0, 0>(pytorch_flash::Flash_fwd_params)",29,65536,1639,16,99.96339231238561,99.75430557300524,12.463037747266178,32768,820,99.90243902439025,8,0.09756097560975618,,256,65536,"(256, 1, 1)",196251456,ns,"(64, 32, 32)",196251456.0,16,,,29572720574,cycle,29645558058,cycle,236463173834,warp,,236463173834.0
attn,zamba2,40,0.37037037037037035,108,8192,64,"void pytorch_flash::flash_fwd_kernel<Flash_fwd_kernel_traits<256, 128, 64, 8, 0, 0, cutlass::bfloat16_t, Flash_kernel_traits<256, 128, 64, 8, cutlass::bfloat16_t>>, 0, 1, 0, 0, 0, 0, 0, 0>(pytorch_flash::Flash_fwd_params)",43,131072,3277,32,99.99389685688129,99.85352336017758,12.475434719816803,65536,1639,99.96339231238561,16,0.036607687614398365,,256,131072,"(256, 1, 1)",393055040,ns,"(64, 64, 32)",393055040.0,32,,,59143169103,cycle,59229927110,cycle,472908217037,warp,,472908217037.0
attn,zamba2,40,0.37037037037037035,108,16384,1,"void pytorch_flash::flash_fwd_kernel<Flash_fwd_kernel_traits<256, 128, 64, 8, 0, 0, cutlass::bfloat16_t, Flash_kernel_traits<256, 128, 64, 8, cutlass::bfloat16_t>>, 0, 1, 0, 0, 0, 0, 0, 0>(pytorch_flash::Flash_fwd_params)",18,4096,103,16,99.41747572815534,96.99228852077844,12.121587707152305,2048,52,98.46153846153847,8,1.538461538461533,,256,4096,"(256, 1, 1)",28856928,ns,"(128, 1, 32)",28856928.0,5,,,3629828106,cycle,3742388350,cycle,29032760716,warp,,29032760716.0
attn,zamba2,40,0.37037037037037035,108,16384,4,"void pytorch_flash::flash_fwd_kernel<Flash_fwd_kernel_traits<256, 128, 64, 8, 0, 0, cutlass::bfloat16_t, Flash_kernel_traits<256, 128, 64, 8, cutlass::bfloat16_t>>, 0, 1, 0, 0, 0, 0, 0, 0>(pytorch_flash::Flash_fwd_params)",18,16384,410,24,99.90243902439025,99.21156016830804,12.39893807194278,8192,205,99.90243902439025,32,0.09756097560975618,,256,16384,"(256, 1, 1)",97261600,ns,"(128, 4, 32)",97261600.0,12,,,14504131964,cycle,14619397114,cycle,116009599658,warp,,116009599658.0
attn,zamba2,40,0.37037037037037035,108,16384,16,"void pytorch_flash::flash_fwd_kernel<Flash_fwd_kernel_traits<256, 128, 64, 8, 0, 0, cutlass::bfloat16_t, Flash_kernel_traits<256, 128, 64, 8, cutlass::bfloat16_t>>, 0, 1, 0, 0, 0, 0, 0, 0>(pytorch_flash::Flash_fwd_params)",29,65536,1639,16,99.96339231238561,99.7843482990382,12.469858409619437,32768,820,99.90243902439025,8,0.09756097560975618,,256,65536,"(256, 1, 1)",393452032,ns,"(128, 16, 32)",393452032.0,18,,,58040082636,cycle,58165517564,cycle,464202091741,warp,,464202091741.0
attn,zamba2,40,0.37037037037037035,108,16384,32,"void pytorch_flash::flash_fwd_kernel<Flash_fwd_kernel_traits<256, 128, 64, 8, 0, 0, cutlass::bfloat16_t, Flash_kernel_traits<256, 128, 64, 8, cutlass::bfloat16_t>>, 0, 1, 0, 0, 0, 0, 0, 0>(pytorch_flash::Flash_fwd_params)",43,131072,3277,32,99.99389685688129,99.8798945879402,12.481797243524028,65536,1639,99.96339231238561,16,0.036607687614398365,,256,131072,"(256, 1, 1)",784268160,ns,"(128, 32, 32)",784268160.0,30,,,116078674697,cycle,116218259116,cycle,928392157620,warp,,928392157620.0
attn,zamba2,40,0.37037037037037035,108,16384,64,"void pytorch_flash::flash_fwd_kernel<Flash_fwd_kernel_traits<256, 128, 64, 8, 0, 0, cutlass::bfloat16_t, Flash_kernel_traits<256, 128, 64, 8, cutlass::bfloat16_t>>, 0, 1, 0, 0, 0, 0, 0, 0>(pytorch_flash::Flash_fwd_params)",71,262144,6554,24,99.99389685688129,99.9284428168199,12.48786580113921,131072,3277,99.99389685688129,32,0.006103143118707521,,256,262144,"(256, 1, 1)",1580756160,ns,"(128, 64, 32)",1580756160.0,68,,,232156101702,cycle,232322345028,cycle,1856774571082,warp,,1856774571082.0
attn,zamba2,40,0.37037037037037035,108,32768,1,"void pytorch_flash::flash_fwd_kernel<Flash_fwd_kernel_traits<256, 128, 64, 8, 0, 0, cutlass::bfloat16_t, Flash_kernel_traits<256, 128, 64, 8, cutlass::bfloat16_t>>, 0, 1, 0, 0, 0, 0, 0, 0>(pytorch_flash::Flash_fwd_params)",18,8192,205,32,99.90243902439025,98.58456658715012,12.32180935458887,4096,103,99.41747572815534,16,0.5825242718446644,,256,8192,"(256, 1, 1)",113926912,ns,"(256, 1, 32)",113926912.0,5,,,14325900891,cycle,14531585812,cycle,114595475197,warp,,114595475197.0
attn,zamba2,40,0.37037037037037035,108,32768,4,"void pytorch_flash::flash_fwd_kernel<Flash_fwd_kernel_traits<256, 128, 64, 8, 0, 0, cutlass::bfloat16_t, Flash_kernel_traits<256, 128, 64, 8, cutlass::bfloat16_t>>, 0, 1, 0, 0, 0, 0, 0, 0>(pytorch_flash::Flash_fwd_params)",19,32768,820,8,99.90243902439025,99.64019702908713,12.453715545297273,16384,410,99.90243902439025,24,0.09756097560975618,,256,32768,"(256, 1, 1)",420580832,ns,"(256, 4, 32)",420580832.0,6,,,57269743933,cycle,57476546254,cycle,458109796847,warp,,458109796847.0
attn,zamba2,40,0.37037037037037035,108,32768,16,"void pytorch_flash::flash_fwd_kernel<Flash_fwd_kernel_traits<256, 128, 64, 8, 0, 0, cutlass::bfloat16_t, Flash_kernel_traits<256, 128, 64, 8, cutlass::bfloat16_t>>, 0, 1, 0, 0, 0, 0, 0, 0>(pytorch_flash::Flash_fwd_params)",43,131072,3277,32,99.99389685688129,99.8993143070339,12.48579814449735,65536,1639,99.96339231238561,16,0.036607687614398365,,256,131072,"(256, 1, 1)",1598037856,ns,"(256, 16, 32)",1598037856.0,30,,,229110178594,cycle,229341092262,cycle,1832644213902,warp,,1832644213902.0
attn,zamba2,40,0.37037037037037035,108,32768,32,"void pytorch_flash::flash_fwd_kernel<Flash_fwd_kernel_traits<256, 128, 64, 8, 0, 0, cutlass::bfloat16_t, Flash_kernel_traits<256, 128, 64, 8, cutlass::bfloat16_t>>, 0, 1, 0, 0, 0, 0, 0, 0>(pytorch_flash::Flash_fwd_params)",71,262144,6554,24,99.99389685688129,99.94391758541887,12.491373300636868,131072,3277,99.99389685688129,32,0.006103143118707521,,256,262144,"(256, 1, 1)",3230769888,ns,"(256, 32, 32)",3230769888.0,60,,,458213293949,cycle,458470415228,cycle,3665232066503,warp,,3665232066503.0
,,40,0.37037037037037035,108,32768,64,,,,,,,,,262144,6554,99.99389685688129,24,0.006103143118707521,ncu exit code 1,,,,,,,,,,"==WARNING== Note: Running with unmodified GPU clocks. If not controlled otherwise, profiling results may be inconsistent.
==PROF== Connected to process 972106 (/apps/applications/Miniconda/25.11.1/envs/pytorch_2.9.1_cuda13/bin/python3.14)
==PROF== Disconnected from process 972106
==ERROR== The application returned an error code (1).
""ID"",""Process ID"",""Process Name"",""Host Name"",""Kernel Name"",""Context"",""Stream"",""Block Size"",""Grid Size"",""Device"",""CC"",""Section Name"",""Metric Name"",""Metric Unit"",""Metric Value""
""0"",""972106"",""python3.14"",""127.0.0.1"",""void unnamed>::distribution_elementwise_grid_stride_kernel<float, 4, void normal_and_transform<BFloat16, float, CUDAGeneratorImpl *, void normal_kernel<CUDAGeneratorImpl *>(const TensorBase &, double, double, T1)::[lambda() (instance 1)]::operator ()() lambda() (instance 4)]::operator ()() lambda(float) (instance 1)]>(TensorIteratorBase &, T3, T4)::[lambda(curandStatePhilox4_32_10 *) (instance 2)], void unnamed>::distribution_nullary_kernel<BFloat",,,,,,,"/apps/applications/Miniconda/25.11.1/envs/pytorch_2.9.1_cuda13/lib/python3.14/site-packages/torch/cuda/__init__.py:63: FutureWarning: The pynvml package is deprecated. Please install nvidia-ml-py instead. If you did not install pynvml directly, please report this to the maintainers of the package that installed pynvml for you.
  import pynvml  # type: ignore[import]
Traceback (most recent call last):
  File ""/scratch/ehmoon/whlee/prefill-layer-alloc/stage1_sm_scaling/../src/profiling/_ncu_target.py"", line 190, in <module>
    main()
    ~~~~^^
  File ""/scratch/ehmoon/whlee/prefill-layer-alloc/stage1_sm_scaling/../src/profiling/_ncu_target.py"", line 97, in main
    kv_cache = torch.randn(
        args.batch_size, total_kv_len, 2, n_kv_heads, head_dim,
        device=""cuda"", dtype=dtype
    )
torch.OutOfMemoryError: CUDA out of memory. Tried to allocate 56.00 GiB. GPU 0 has a total capacity of 79.25 GiB of which 50.69 GiB is free. Including non-PyTorch memory, this process has 28.55 GiB ",
attn,zamba2,54,0.5,108,256,1,"void pytorch_flash::flash_fwd_splitkv_kernel<Flash_fwd_kernel_traits<256, 64, 64, 4, 0, 0, cutlass::bfloat16_t, Flash_kernel_traits<256, 64, 64, 4, cutlass::bfloat16_t>>, 1, 0, 0, 0, 0, 0, 1, 0>(pytorch_flash::Flash_fwd_params)",31,512,10,26,94.81481481481482,80.34004471280302,5.00119766436637,32,1,59.25925925925925,32,40.74074074074075,,128,512,"(128, 1, 1)",39488,ns,"(4, 4, 32)",39488.0,5,,,4804648,cycle,5980390,cycle,19141832,warp,,19141832.0
attn,zamba2,54,0.5,108,256,4,"void at::<unnamed>::CatArrayBatchedCopy<at::<unnamed>::OpaqueType<2>, unsigned int, 3, 64, 64>(T1 *, at::<unnamed>::CatArrInputTensorMetadata<T1, T2, T4, T5>, at::<unnamed>::TensorSizeStride<T2, 4>, int, T2)",18,432,8,54,100.0,95.75800736533078,74.84568568354241,128,3,79.01234567901234,20,20.98765432098766,,512,432,"(512, 1, 1)",104832,ns,"(216, 2, 1)",104832.0,4,,,12482175,cycle,13035124,cycle,624398588,warp,,624398588.0
attn,zamba2,54,0.5,108,256,16,"void at::<unnamed>::CatArrayBatchedCopy<at::<unnamed>::OpaqueType<2>, unsigned int, 3, 64, 64>(T1 *, at::<unnamed>::CatArrInputTensorMetadata<T1, T2, T4, T5>, at::<unnamed>::TensorSizeStride<T2, 4>, int, T2)",18,432,8,54,100.0,98.0470946230252,82.09826992778858,512,10,94.81481481481482,26,5.185185185185182,,512,432,"(512, 1, 1)",327840,ns,"(216, 2, 1)",327840.0,4,,,48849600,cycle,49822588,cycle,2617822898,warp,,2617822898.0
attn,zamba2,54,0.5,108,256,32,"void at::<unnamed>::CatArrayBatchedCopy<at::<unnamed>::OpaqueType<2>, unsigned int, 3, 64, 64>(T1 *, at::<unnamed>::CatArrInputTensorMetadata<T1, T2, T4, T5>, at::<unnamed>::TensorSizeStride<T2, 4>, int, T2)",18,432,8,54,100.0,98.62205114389887,83.68477287404458,1024,19,99.80506822612085,52,0.19493177387914784,,512,432,"(512, 1, 1)",648192,ns,"(216, 2, 1)",648192.0,4,,,97173380,cycle,98531088,cycle,5277153101,warp,,5277153101.0
attn,zamba2,54,0.5,108,256,64,"void at::<unnamed>::CatArrayBatchedCopy<at::<unnamed>::OpaqueType<2>, unsigned int, 3, 64, 64>(T1 *, at::<unnamed>::CatArrInputTensorMetadata<T1, T2, T4, T5>, at::<unnamed>::TensorSizeStride<T2, 4>, int, T2)",18,432,8,54,100.0,99.27314749757537,84.293938829531,2048,38,99.80506822612085,50,0.19493177387914784,,512,432,"(512, 1, 1)",1365248,ns,"(216, 2, 1)",1365248.0,4,,,190911364,cycle,192309168,cycle,10374718236,warp,,10374718236.0
attn,zamba2,54,0.5,108,512,1,"void at::<unnamed>::CatArrayBatchedCopy<at::<unnamed>::OpaqueType<2>, unsigned int, 3, 64, 64>(T1 *, at::<unnamed>::CatArrInputTensorMetadata<T1, T2, T4, T5>, at::<unnamed>::TensorSizeStride<T2, 4>, int, T2)",18,432,8,54,100.0,92.54321047141788,71.39073341590894,64,2,59.25925925925925,10,40.74074074074075,,512,432,"(512, 1, 1)",46464,ns,"(216, 2, 1)",46464.0,4,,,6529997,cycle,7056160,cycle,322396440,warp,,322396440.0
attn,zamba2,54,0.5,108,512,4,"void at::<unnamed>::CatArrayBatchedCopy<at::<unnamed>::OpaqueType<2>, unsigned int, 3, 64, 64>(T1 *, at::<unnamed>::CatArrInputTensorMetadata<T1, T2, T4, T5>, at::<unnamed>::TensorSizeStride<T2, 4>, int, T2)",18,432,8,54,100.0,96.63645861759775,79.13060443549959,256,5,94.81481481481482,40,5.185185185185182,,512,432,"(512, 1, 1)",168864,ns,"(216, 2, 1)",168864.0,4,,,24788218,cycle,25651000,cycle,1299058646,warp,,1299058646.0
attn,zamba2,54,0.5,108,512,16,"void at::<unnamed>::CatArrayBatchedCopy<at::<unnamed>::OpaqueType<2>, unsigned int, 3, 64, 64>(T1 *, at::<unnamed>::CatArrInputTensorMetadata<T1, T2, T4, T5>, at::<unnamed>::TensorSizeStride<T2, 4>, int, T2)",18,432,8,54,100.0,98.66781309622095,83.05805775567917,1024,19,99.80506822612085,52,0.19493177387914784,,512,432,"(512, 1, 1)",683264,ns,"(216, 2, 1)",683264.0,4,,,96014458,cycle,97310820,cycle,5172766533,warp,,5172766533.0
attn,zamba2,54,0.5,108,512,32,"void at::<unnamed>::CatArrayBatchedCopy<at::<unnamed>::OpaqueType<2>, unsigned int, 3, 64, 64>(T1 *, at::<unnamed>::CatArrInputTensorMetadata<T1, T2, T4, T5>, at::<unnamed>::TensorSizeStride<T2, 4>, int, T2)",18,432,8,54,100.0,99.1404011842271,84.96012845074861,2048,38,99.80506822612085,50,0.19493177387914784,,512,432,"(512, 1, 1)",1285920,ns,"(216, 2, 1)",1285920.0,4,,,193877418,cycle,195558436,cycle,10633388699,warp,,10633388699.0
attn,zamba2,54,0.5,108,512,64,"void at::<unnamed>::CatArrayBatchedCopy<at::<unnamed>::OpaqueType<2>, unsigned int, 3, 64, 64>(T1 *, at::<unnamed>::CatArrInputTensorMetadata<T1, T2, T4, T5>, at::<unnamed>::TensorSizeStride<T2, 4>, int, T2)",18,432,8,54,100.0,99.3674359794944,85.41158425251645,4096,76,99.80506822612085,46,0.19493177387914784,,512,432,"(512, 1, 1)",2608352,ns,"(216, 2, 1)",2608352.0,4,,,386232058,cycle,388690776,cycle,21247164776,warp,,21247164776.0
attn,zamba2,54,0.5,108,1024,1,"void pytorch_flash::flash_fwd_kernel<Flash_fwd_kernel_traits<256, 128, 64, 8, 0, 0, cutlass::bfloat16_t, Flash_kernel_traits<256, 128, 64, 8, cutlass::bfloat16_t>>, 0, 1, 0, 0, 0, 0, 0, 0>(pytorch_flash::Flash_fwd_params)",18,256,5,40,94.81481481481482,70.15521987465347,8.748241425392616,128,3,79.01234567901234,20,20.98765432098766,,256,256,"(256, 1, 1)",177536,ns,"(8, 1, 32)",177536.0,13,,,18899168,cycle,26939076,cycle,150828506,warp,,150828506.0
attn,zamba2,54,0.5,108,1024,4,"void pytorch_flash::flash_fwd_kernel<Flash_fwd_kernel_traits<256, 128, 64, 8, 0, 0, cutlass::bfloat16_t, Flash_kernel_traits<256, 128, 64, 8, cutlass::bfloat16_t>>, 0, 1, 0, 0, 0, 0, 0, 0>(pytorch_flash::Flash_fwd_params)",18,1024,19,52,99.80506822612085,89.27841262274434,11.131554389057463,512,10,94.81481481481482,26,5.185185185185182,,256,1024,"(256, 1, 1)",532608,ns,"(8, 4, 32)",532608.0,13,,,72215201,cycle,80887640,cycle,576259305,warp,,576259305.0
attn,zamba2,54,0.5,108,1024,16,"void pytorch_flash::flash_fwd_kernel<Flash_fwd_kernel_traits<256, 128, 64, 8, 0, 0, cutlass::bfloat16_t, Flash_kernel_traits<256, 128, 64, 8, cutlass::bfloat16_t>>, 0, 1, 0, 0, 0, 0, 0, 0>(pytorch_flash::Flash_fwd_params)",18,4096,76,46,99.80506822612085,96.8950603102711,12.080768497204403,2048,38,99.80506822612085,50,0.19493177387914784,,256,4096,"(256, 1, 1)",1938656,ns,"(8, 16, 32)",1938656.0,14,,,285350573,cycle,294494448,cycle,2276940320,warp,,2276940320.0
attn,zamba2,54,0.5,108,1024,32,"void pytorch_flash::flash_fwd_kernel<Flash_fwd_kernel_traits<256, 128, 64, 8, 0, 0, cutlass::bfloat16_t, Flash_kernel_traits<256, 128, 64, 8, cutlass::bfloat16_t>>, 0, 1, 0, 0, 0, 0, 0, 0>(pytorch_flash::Flash_fwd_params)",18,8192,152,38,99.80506822612085,98.27370382534501,12.252623957985673,4096,76,99.80506822612085,46,0.19493177387914784,,256,8192,"(256, 1, 1)",3812896,ns,"(8, 32, 32)",3812896.0,17,,,569352239,cycle,579353598,cycle,4543105136,warp,,4543105136.0
attn,zamba2,54,0.5,108,1024,64,"void pytorch_flash::flash_fwd_kernel<Flash_fwd_kernel_traits<256, 128, 64, 8, 0, 0, cutlass::bfloat16_t, Flash_kernel_traits<256, 128, 64, 8, cutlass::bfloat16_t>>, 0, 1, 0, 0, 0, 0, 0, 0>(pytorch_flash::Flash_fwd_params)",18,16384,304,22,99.80506822612085,98.97673584725536,12.340235617856264,8192,152,99.80506822612085,38,0.19493177387914784,,256,16384,"(256, 1, 1)",7548544,ns,"(8, 64, 32)",7548544.0,17,,,1137356821,cycle,1149115306,cycle,9075426322,warp,,9075426322.0
attn,zamba2,54,0.5,108,2048,1,"void pytorch_flash::flash_fwd_kernel<Flash_fwd_kernel_traits<256, 128, 64, 8, 0, 0, cutlass::bfloat16_t, Flash_kernel_traits<256, 128, 64, 8, cutlass::bfloat16_t>>, 0, 1, 0, 0, 0, 0, 0, 0>(pytorch_flash::Flash_fwd_params)",18,512,10,26,94.81481481481482,79.93621009691637,9.977947989916325,256,5,94.81481481481482,40,5.185185185185182,,256,512,"(256, 1, 1)",531680,ns,"(16, 1, 32)",531680.0,14,,,64668605,cycle,80900264,cycle,516619921,warp,,516619921.0
attn,zamba2,54,0.5,108,2048,4,"void pytorch_flash::flash_fwd_kernel<Flash_fwd_kernel_traits<256, 128, 64, 8, 0, 0, cutlass::bfloat16_t, Flash_kernel_traits<256, 128, 64, 8, cutlass::bfloat16_t>>, 0, 1, 0, 0, 0, 0, 0, 0>(pytorch_flash::Flash_fwd_params)",18,2048,38,50,99.80506822612085,93.96540649143168,11.728798253833872,1024,19,99.80506822612085,52,0.19493177387914784,,256,2048,"(256, 1, 1)",1785280,ns,"(16, 4, 32)",1785280.0,13,,,254841149,cycle,271207414,cycle,2035799708,warp,,2035799708.0
attn,zamba2,54,0.5,108,2048,16,"void pytorch_flash::flash_fwd_kernel<Flash_fwd_kernel_traits<256, 128, 64, 8, 0, 0, cutlass::bfloat16_t, Flash_kernel_traits<256, 128, 64, 8, cutlass::bfloat16_t>>, 0, 1, 0, 0, 0, 0, 0, 0>(pytorch_flash::Flash_fwd_params)",18,8192,152,38,99.80506822612085,98.28304895508104,12.2676452432645,4096,76,99.80506822612085,46,0.19493177387914784,,256,8192,"(256, 1, 1)",6787456,ns,"(16, 16, 32)",6787456.0,14,,,1015455127,cycle,1033194572,cycle,8111913265,warp,,8111913265.0
attn,zamba2,54,0.5,108,2048,32,"void pytorch_flash::flash_fwd_kernel<Flash_fwd_kernel_traits<256, 128, 64, 8, 0, 0, cutlass::bfloat16_t, Flash_kernel_traits<256, 128, 64, 8, cutlass::bfloat16_t>>, 0, 1, 0, 0, 0, 0, 0, 0>(pytorch_flash::Flash_fwd_params)",18,16384,304,22,99.80506822612085,99.04488021022631,12.362721506364869,8192,152,99.80506822612085,38,0.19493177387914784,,256,16384,"(256, 1, 1)",14377664,ns,"(16, 32, 32)",14377664.0,17,,,2028568325,cycle,2048130424,cycle,16205098266,warp,,16205098266.0
attn,zamba2,54,0.5,108,2048,64,"void pytorch_flash::flash_fwd_kernel<Flash_fwd_kernel_traits<256, 128, 64, 8, 0, 0, cutlass::bfloat16_t, Flash_kernel_traits<256, 128, 64, 8, cutlass::bfloat16_t>>, 0, 1, 0, 0, 0, 0, 0, 0>(pytorch_flash::Flash_fwd_params)",19,32768,607,44,99.96949173225944,99.43746165279663,12.411273943094049,16384,304,99.80506822612085,22,0.19493177387914784,,256,32768,"(256, 1, 1)",26823072,ns,"(16, 64, 32)",26823072.0,16,,,4059340986,cycle,4082305520,cycle,32426631762,warp,,32426631762.0
attn,zamba2,54,0.5,108,4096,1,"void pytorch_flash::flash_fwd_kernel<Flash_fwd_kernel_traits<256, 128, 64, 8, 0, 0, cutlass::bfloat16_t, Flash_kernel_traits<256, 128, 64, 8, cutlass::bfloat16_t>>, 0, 1, 0, 0, 0, 0, 0, 0>(pytorch_flash::Flash_fwd_params)",18,1024,19,52,99.80506822612085,88.58311876116225,11.064439357304117,512,10,94.81481481481482,26,5.185185185185182,,256,1024,"(256, 1, 1)",1779680,ns,"(32, 1, 32)",1779680.0,16,,,239946481,cycle,270871566,cycle,1918106890,warp,,1918106890.0
attn,zamba2,54,0.5,108,4096,4,"void pytorch_flash::flash_fwd_kernel<Flash_fwd_kernel_traits<256, 128, 64, 8, 0, 0, cutlass::bfloat16_t, Flash_kernel_traits<256, 128, 64, 8, cutlass::bfloat16_t>>, 0, 1, 0, 0, 0, 0, 0, 0>(pytorch_flash::Flash_fwd_params)",18,4096,76,46,99.80506822612085,96.77178751865787,12.087195964338877,2048,38,99.80506822612085,50,0.19493177387914784,,256,4096,"(256, 1, 1)",6484608,ns,"(32, 4, 32)",6484608.0,17,,,955249231,cycle,987115414,cycle,7636132767,warp,,7636132767.0
attn,zamba2,54,0.5,108,4096,16,"void pytorch_flash::flash_fwd_kernel<Flash_fwd_kernel_traits<256, 128, 64, 8, 0, 0, cutlass::bfloat16_t, Flash_kernel_traits<256, 128, 64, 8, cutlass::bfloat16_t>>, 0, 1, 0, 0, 0, 0, 0, 0>(pytorch_flash::Flash_fwd_params)",18,16384,304,22,99.80506822612085,99.11142106770507,12.379407078458355,8192,152,99.80506822612085,38,0.19493177387914784,,256,16384,"(256, 1, 1)",27347776,ns,"(32, 16, 32)",27347776.0,5,,,3815009506,cycle,3849212800,cycle,30496622197,warp,,30496622197.0
attn,zamba2,54,0.5,108,4096,32,"void pytorch_flash::flash_fwd_kernel<Flash_fwd_kernel_traits<256, 128, 64, 8, 0, 0, cutlass::bfloat16_t, Flash_kernel_traits<256, 128, 64, 8, cutlass::bfloat16_t>>, 0, 1, 0, 0, 0, 0, 0, 0>(pytorch_flash::Flash_fwd_params)",19,32768,607,44,99.96949173225944,99.50667624429741,12.428538926822357,16384,304,99.80506822612085,22,0.19493177387914784,,256,32768,"(256, 1, 1)",50386080,ns,"(32, 32, 32)",50386080.0,15,,,7632303250,cycle,7670141882,cycle,61010340451,warp,,61010340451.0
attn,zamba2,54,0.5,108,4096,64,"void pytorch_flash::flash_fwd_kernel<Flash_fwd_kernel_traits<256, 128, 64, 8, 0, 0, cutlass::bfloat16_t, Flash_kernel_traits<256, 128, 64, 8, cutlass::bfloat16_t>>, 0, 1, 0, 0, 0, 0, 0, 0>(pytorch_flash::Flash_fwd_params)",29,65536,1214,34,99.96949173225944,99.70956215822213,12.451616507101306,32768,607,99.96949173225944,44,0.030508267740558814,,256,65536,"(256, 1, 1)",101401024,ns,"(32, 64, 32)",101401024.0,16,,,15289549519,cycle,15334085506,cycle,122197857413,warp,,122197857413.0
attn,zamba2,54,0.5,108,8192,1,"void pytorch_flash::flash_fwd_kernel<Flash_fwd_kernel_traits<256, 128, 64, 8, 0, 0, cutlass::bfloat16_t, Flash_kernel_traits<256, 128, 64, 8, cutlass::bfloat16_t>>, 0, 1, 0, 0, 0, 0, 0, 0>(pytorch_flash::Flash_fwd_params)",18,2048,38,50,99.80506822612085,93.93457908377526,11.737161184013184,1024,19,99.80506822612085,52,0.19493177387914784,,256,2048,"(256, 1, 1)",6487552,ns,"(64, 1, 32)",6487552.0,15,,,925317195,cycle,985065568,cycle,7399598943,warp,,7399598943.0
attn,zamba2,54,0.5,108,8192,4,"void pytorch_flash::flash_fwd_kernel<Flash_fwd_kernel_traits<256, 128, 64, 8, 0, 0, cutlass::bfloat16_t, Flash_kernel_traits<256, 128, 64, 8, cutlass::bfloat16_t>>, 0, 1, 0, 0, 0, 0, 0, 0>(pytorch_flash::Flash_fwd_params)",18,8192,152,38,99.80506822612085,98.3666429445035,12.290956490421156,4096,76,99.80506822612085,46,0.19493177387914784,,256,8192,"(256, 1, 1)",24713696,ns,"(64, 4, 32)",24713696.0,17,,,3694284347,cycle,3755627148,cycle,29542559917,warp,,29542559917.0
attn,zamba2,54,0.5,108,8192,16,"void pytorch_flash::flash_fwd_kernel<Flash_fwd_kernel_traits<256, 128, 64, 8, 0, 0, cutlass::bfloat16_t, Flash_kernel_traits<256, 128, 64, 8, cutlass::bfloat16_t>>, 0, 1, 0, 0, 0, 0, 0, 0>(pytorch_flash::Flash_fwd_params)",19,32768,607,44,99.96949173225944,99.55079127220901,12.438786993599251,16384,304,99.80506822612085,22,0.19493177387914784,,256,32768,"(256, 1, 1)",98098848,ns,"(64, 16, 32)",98098848.0,11,,,14773724317,cycle,14840388638,cycle,118141717229,warp,,118141717229.0
attn,zamba2,54,0.5,108,8192,32,"void pytorch_flash::flash_fwd_kernel<Flash_fwd_kernel_traits<256, 128, 64, 8, 0, 0, cutlass::bfloat16_t, Flash_kernel_traits<256, 128, 64, 8, cutlass::bfloat16_t>>, 0, 1, 0, 0, 0, 0, 0, 0>(pytorch_flash::Flash_fwd_params)",29,65536,1214,34,99.96949173225944,99.75372883442498,12.462968840180723,32768,607,99.96949173225944,44,0.030508267740558814,,256,65536,"(256, 1, 1)",196382848,ns,"(64, 32, 32)",196382848.0,26,,,29572725241,cycle,29645734136,cycle,236463270900,warp,,236463270900.0
attn,zamba2,54,0.5,108,8192,64,"void pytorch_flash::flash_fwd_kernel<Flash_fwd_kernel_traits<256, 128, 64, 8, 0, 0, cutlass::bfloat16_t, Flash_kernel_traits<256, 128, 64, 8, cutlass::bfloat16_t>>, 0, 1, 0, 0, 0, 0, 0, 0>(pytorch_flash::Flash_fwd_params)",43,131072,2428,14,99.96949173225944,99.85373963497251,12.475461396277373,65536,1214,99.96949173225944,34,0.030508267740558814,,256,131072,"(256, 1, 1)",393482784,ns,"(64, 64, 32)",393482784.0,32,,,59142950660,cycle,59229580060,cycle,472906457316,warp,,472906457316.0
attn,zamba2,54,0.5,108,16384,1,"void pytorch_flash::flash_fwd_kernel<Flash_fwd_kernel_traits<256, 128, 64, 8, 0, 0, cutlass::bfloat16_t, Flash_kernel_traits<256, 128, 64, 8, cutlass::bfloat16_t>>, 0, 1, 0, 0, 0, 0, 0, 0>(pytorch_flash::Flash_fwd_params)",18,4096,76,46,99.80506822612085,96.98167407303467,12.120264030211676,2048,38,99.80506822612085,50,0.19493177387914784,,256,4096,"(256, 1, 1)",30003328,ns,"(128, 1, 32)",30003328.0,5,,,3629556316,cycle,3742517698,cycle,29030593688,warp,,29030593688.0
attn,zamba2,54,0.5,108,16384,4,"void pytorch_flash::flash_fwd_kernel<Flash_fwd_kernel_traits<256, 128, 64, 8, 0, 0, cutlass::bfloat16_t, Flash_kernel_traits<256, 128, 64, 8, cutlass::bfloat16_t>>, 0, 1, 0, 0, 0, 0, 0, 0>(pytorch_flash::Flash_fwd_params)",18,16384,304,22,99.80506822612085,99.20772042656924,12.398460441478356,8192,152,99.80506822612085,38,0.19493177387914784,,256,16384,"(256, 1, 1)",97436928,ns,"(128, 4, 32)",97436928.0,10,,,14504289357,cycle,14620121594,cycle,116010879509,warp,,116010879509.0
attn,zamba2,54,0.5,108,16384,16,"void pytorch_flash::flash_fwd_kernel<Flash_fwd_kernel_traits<256, 128, 64, 8, 0, 0, cutlass::bfloat16_t, Flash_kernel_traits<256, 128, 64, 8, cutlass::bfloat16_t>>, 0, 1, 0, 0, 0, 0, 0, 0>(pytorch_flash::Flash_fwd_params)",29,65536,1214,34,99.96949173225944,99.7833133844915,12.46972987887303,32768,607,99.96949173225944,44,0.030508267740558814,,256,65536,"(256, 1, 1)",393240192,ns,"(128, 16, 32)",393240192.0,26,,,58040255502,cycle,58166294076,cycle,464203504117,warp,,464203504117.0
attn,zamba2,54,0.5,108,16384,32,"void pytorch_flash::flash_fwd_kernel<Flash_fwd_kernel_traits<256, 128, 64, 8, 0, 0, cutlass::bfloat16_t, Flash_kernel_traits<256, 128, 64, 8, cutlass::bfloat16_t>>, 0, 1, 0, 0, 0, 0, 0, 0>(pytorch_flash::Flash_fwd_params)",43,131072,2428,14,99.96949173225944,99.87962176416649,12.481765404578878,65536,1214,99.96949173225944,34,0.030508267740558814,,256,131072,"(256, 1, 1)",787217152,ns,"(128, 32, 32)",787217152.0,35,,,116079447838,cycle,116219350642,cycle,928398508919,warp,,928398508919.0
attn,zamba2,54,0.5,108,16384,64,"void pytorch_flash::flash_fwd_kernel<Flash_fwd_kernel_traits<256, 128, 64, 8, 0, 0, cutlass::bfloat16_t, Flash_kernel_traits<256, 128, 64, 8, cutlass::bfloat16_t>>, 0, 1, 0, 0, 0, 0, 0, 0>(pytorch_flash::Flash_fwd_params)",71,262144,4855,28,99.99008277072129,99.92824196889553,12.487840820245147,131072,2428,99.96949173225944,14,0.030508267740558814,,256,262144,"(256, 1, 1)",1585935264,ns,"(128, 64, 32)",1585935264.0,69,,,232153475754,cycle,232320184144,cycle,1856753586509,warp,,1856753586509.0
attn,zamba2,54,0.5,108,32768,1,"void pytorch_flash::flash_fwd_kernel<Flash_fwd_kernel_traits<256, 128, 64, 8, 0, 0, cutlass::bfloat16_t, Flash_kernel_traits<256, 128, 64, 8, cutlass::bfloat16_t>>, 0, 1, 0, 0, 0, 0, 0, 0>(pytorch_flash::Flash_fwd_params)",18,8192,152,38,99.80506822612085,98.58584142314264,12.32196903434005,4096,76,99.80506822612085,46,0.19493177387914784,,256,8192,"(256, 1, 1)",116550112,ns,"(256, 1, 32)",116550112.0,5,,,14325873511,cycle,14531370128,cycle,114595259356,warp,,114595259356.0
attn,zamba2,54,0.5,108,32768,4,"void pytorch_flash::flash_fwd_kernel<Flash_fwd_kernel_traits<256, 128, 64, 8, 0, 0, cutlass::bfloat16_t, Flash_kernel_traits<256, 128, 64, 8, cutlass::bfloat16_t>>, 0, 1, 0, 0, 0, 0, 0, 0>(pytorch_flash::Flash_fwd_params)",19,32768,607,44,99.96949173225944,99.63644291333551,12.453247493867876,16384,304,99.80506822612085,22,0.19493177387914784,,256,32768,"(256, 1, 1)",427610208,ns,"(256, 4, 32)",427610208.0,6,,,57271667477,cycle,57480642426,cycle,458125226392,warp,,458125226392.0
attn,zamba2,54,0.5,108,32768,16,"void pytorch_flash::flash_fwd_kernel<Flash_fwd_kernel_traits<256, 128, 64, 8, 0, 0, cutlass::bfloat16_t, Flash_kernel_traits<256, 128, 64, 8, cutlass::bfloat16_t>>, 0, 1, 0, 0, 0, 0, 0, 0>(pytorch_flash::Flash_fwd_params)",43,131072,2428,14,99.96949173225944,99.90031308112361,12.485923202941866,65536,1214,99.96949173225944,34,0.030508267740558814,,256,131072,"(256, 1, 1)",1614070688,ns,"(256, 16, 32)",1614070688.0,33,,,229109421089,cycle,229338041116,cycle,1832638188088,warp,,1832638188088.0
attn,zamba2,54,0.5,108,32768,32,"void pytorch_flash::flash_fwd_kernel<Flash_fwd_kernel_traits<256, 128, 64, 8, 0, 0, cutlass::bfloat16_t, Flash_kernel_traits<256, 128, 64, 8, cutlass::bfloat16_t>>, 0, 1, 0, 0, 0, 0, 0, 0>(pytorch_flash::Flash_fwd_params)",71,262144,4855,28,99.99008277072129,99.94427589197252,12.491417916950834,131072,2428,99.96949173225944,14,0.030508267740558814,,256,262144,"(256, 1, 1)",3229252192,ns,"(256, 32, 32)",3229252192.0,64,,,458202224934,cycle,458457696396,cycle,3665143477072,warp,,3665143477072.0
,,54,0.5,108,32768,64,,,,,,,,,262144,4855,99.99008277072129,28,0.00991722927871086,ncu exit code 1,,,,,,,,,,"==WARNING== Note: Running with unmodified GPU clocks. If not controlled otherwise, profiling results may be inconsistent.
==PROF== Connected to process 980760 (/apps/applications/Miniconda/25.11.1/envs/pytorch_2.9.1_cuda13/bin/python3.14)
==PROF== Disconnected from process 980760
==ERROR== The application returned an error code (1).
""ID"",""Process ID"",""Process Name"",""Host Name"",""Kernel Name"",""Context"",""Stream"",""Block Size"",""Grid Size"",""Device"",""CC"",""Section Name"",""Metric Name"",""Metric Unit"",""Metric Value""
""0"",""980760"",""python3.14"",""127.0.0.1"",""void unnamed>::distribution_elementwise_grid_stride_kernel<float, 4, void normal_and_transform<BFloat16, float, CUDAGeneratorImpl *, void normal_kernel<CUDAGeneratorImpl *>(const TensorBase &, double, double, T1)::[lambda() (instance 1)]::operator ()() lambda() (instance 4)]::operator ()() lambda(float) (instance 1)]>(TensorIteratorBase &, T3, T4)::[lambda(curandStatePhilox4_32_10 *) (instance 2)], void unnamed>::distribution_nullary_kernel<BFloat",,,,,,,"/apps/applications/Miniconda/25.11.1/envs/pytorch_2.9.1_cuda13/lib/python3.14/site-packages/torch/cuda/__init__.py:63: FutureWarning: The pynvml package is deprecated. Please install nvidia-ml-py instead. If you did not install pynvml directly, please report this to the maintainers of the package that installed pynvml for you.
  import pynvml  # type: ignore[import]
Traceback (most recent call last):
  File ""/scratch/ehmoon/whlee/prefill-layer-alloc/stage1_sm_scaling/../src/profiling/_ncu_target.py"", line 190, in <module>
    main()
    ~~~~^^
  File ""/scratch/ehmoon/whlee/prefill-layer-alloc/stage1_sm_scaling/../src/profiling/_ncu_target.py"", line 97, in main
    kv_cache = torch.randn(
        args.batch_size, total_kv_len, 2, n_kv_heads, head_dim,
        device=""cuda"", dtype=dtype
    )
torch.OutOfMemoryError: CUDA out of memory. Tried to allocate 56.00 GiB. GPU 0 has a total capacity of 79.25 GiB of which 50.69 GiB is free. Including non-PyTorch memory, this process has 28.55 GiB ",
attn,zamba2,68,0.6296296296296297,108,256,1,"void pytorch_flash::flash_fwd_splitkv_kernel<Flash_fwd_kernel_traits<256, 64, 64, 4, 0, 0, cutlass::bfloat16_t, Flash_kernel_traits<256, 64, 64, 4, cutlass::bfloat16_t>>, 1, 0, 0, 0, 0, 0, 1, 0>(pytorch_flash::Flash_fwd_params)",31,512,8,36,94.11764705882352,79.81078866990757,4.968214392871832,32,1,47.05882352941176,32,52.94117647058824,,128,512,"(128, 1, 1)",39168,ns,"(4, 4, 32)",39168.0,15,,,4734791,cycle,5932520,cycle,18863380,warp,,18863380.0
attn,zamba2,68,0.6296296296296297,108,256,4,"void at::<unnamed>::CatArrayBatchedCopy<at::<unnamed>::OpaqueType<2>, unsigned int, 3, 64, 64>(T1 *, at::<unnamed>::CatArrInputTensorMetadata<T1, T2, T4, T5>, at::<unnamed>::TensorSizeStride<T2, 4>, int, T2)",18,432,7,24,90.75630252100841,95.52964396883797,75.69912800089259,128,2,94.11764705882352,60,5.882352941176472,,512,432,"(512, 1, 1)",87648,ns,"(216, 2, 1)",87648.0,4,,,12714795,cycle,13309790,cycle,644825278,warp,,644825278.0
attn,zamba2,68,0.6296296296296297,108,256,16,"void at::<unnamed>::CatArrayBatchedCopy<at::<unnamed>::OpaqueType<2>, unsigned int, 3, 64, 64>(T1 *, at::<unnamed>::CatArrInputTensorMetadata<T1, T2, T4, T5>, at::<unnamed>::TensorSizeStride<T2, 4>, int, T2)",18,432,7,24,90.75630252100841,98.36561014306541,82.48789708495326,512,8,94.11764705882352,36,5.882352941176472,,512,432,"(512, 1, 1)",326336,ns,"(216, 2, 1)",326336.0,4,,,48775839,cycle,49586272,cycle,2617771073,warp,,2617771073.0
attn,zamba2,68,0.6296296296296297,108,256,32,"void at::<unnamed>::CatArrayBatchedCopy<at::<unnamed>::OpaqueType<2>, unsigned int, 3, 64, 64>(T1 *, at::<unnamed>::CatArrInputTensorMetadata<T1, T2, T4, T5>, at::<unnamed>::TensorSizeStride<T2, 4>, int, T2)",18,432,7,24,90.75630252100841,98.66461321086807,83.73473319145239,1024,16,94.11764705882352,4,5.882352941176472,,512,432,"(512, 1, 1)",647808,ns,"(216, 2, 1)",647808.0,4,,,97146816,cycle,98461660,cycle,5276582931,warp,,5276582931.0
attn,zamba2,68,0.6296296296296297,108,256,64,"void at::<unnamed>::CatArrayBatchedCopy<at::<unnamed>::OpaqueType<2>, unsigned int, 3, 64, 64>(T1 *, at::<unnamed>::CatArrInputTensorMetadata<T1, T2, T4, T5>, at::<unnamed>::TensorSizeStride<T2, 4>, int, T2)",18,432,7,24,90.75630252100841,99.21993662250807,84.98617068909144,2048,31,97.15370018975332,8,2.8462998102466774,,512,432,"(512, 1, 1)",1285760,ns,"(216, 2, 1)",1285760.0,4,,,193913299,cycle,195437838,cycle,10630088614,warp,,10630088614.0
attn,zamba2,68,0.6296296296296297,108,512,1,"void at::<unnamed>::CatArrayBatchedCopy<at::<unnamed>::OpaqueType<2>, unsigned int, 3, 64, 64>(T1 *, at::<unnamed>::CatArrInputTensorMetadata<T1, T2, T4, T5>, at::<unnamed>::TensorSizeStride<T2, 4>, int, T2)",18,432,7,24,90.75630252100841,93.15200012763256,71.8076176448886,64,1,94.11764705882352,64,5.882352941176472,,512,432,"(512, 1, 1)",46304,ns,"(216, 2, 1)",46304.0,4,,,6539412,cycle,7020152,cycle,322624250,warp,,322624250.0
attn,zamba2,68,0.6296296296296297,108,512,4,"void at::<unnamed>::CatArrayBatchedCopy<at::<unnamed>::OpaqueType<2>, unsigned int, 3, 64, 64>(T1 *, at::<unnamed>::CatArrInputTensorMetadata<T1, T2, T4, T5>, at::<unnamed>::TensorSizeStride<T2, 4>, int, T2)",18,432,7,24,90.75630252100841,96.62118590994405,79.30098297318287,256,4,94.11764705882352,52,5.882352941176472,,512,432,"(512, 1, 1)",168544,ns,"(216, 2, 1)",168544.0,4,,,24743648,cycle,25608926,cycle,1299720323,warp,,1299720323.0
attn,zamba2,68,0.6296296296296297,108,512,16,"void at::<unnamed>::CatArrayBatchedCopy<at::<unnamed>::OpaqueType<2>, unsigned int, 3, 64, 64>(T1 *, at::<unnamed>::CatArrInputTensorMetadata<T1, T2, T4, T5>, at::<unnamed>::TensorSizeStride<T2, 4>, int, T2)",18,432,7,24,90.75630252100841,98.31646670533038,83.42910233715246,1024,16,94.11764705882352,4,5.882352941176472,,512,432,"(512, 1, 1)",649888,ns,"(216, 2, 1)",649888.0,4,,,97106775,cycle,98769594,cycle,5273765482,warp,,5273765482.0
attn,zamba2,68,0.6296296296296297,108,512,32,"void at::<unnamed>::CatArrayBatchedCopy<at::<unnamed>::OpaqueType<2>, unsigned int, 3, 64, 64>(T1 *, at::<unnamed>::CatArrInputTensorMetadata<T1, T2, T4, T5>, at::<unnamed>::TensorSizeStride<T2, 4>, int, T2)",18,432,7,24,90.75630252100841,98.83091843834544,84.63889614929283,2048,31,97.15370018975332,8,2.8462998102466774,,512,432,"(512, 1, 1)",1290304,ns,"(216, 2, 1)",1290304.0,4,,,193839391,cycle,196132338,cycle,10624271736,warp,,10624271736.0
attn,zamba2,68,0.6296296296296297,108,512,64,"void at::<unnamed>::CatArrayBatchedCopy<at::<unnamed>::OpaqueType<2>, unsigned int, 3, 64, 64>(T1 *, at::<unnamed>::CatArrInputTensorMetadata<T1, T2, T4, T5>, at::<unnamed>::TensorSizeStride<T2, 4>, int, T2)",18,432,7,24,90.75630252100841,99.19562230825927,85.52318649964657,4096,61,98.74638379942141,16,1.253616200578589,,512,432,"(512, 1, 1)",2572064,ns,"(216, 2, 1)",2572064.0,4,,,387993769,cycle,391140012,cycle,21408985724,warp,,21408985724.0
attn,zamba2,68,0.6296296296296297,108,1024,1,"void pytorch_flash::flash_fwd_kernel<Flash_fwd_kernel_traits<256, 128, 64, 8, 0, 0, cutlass::bfloat16_t, Flash_kernel_traits<256, 128, 64, 8, cutlass::bfloat16_t>>, 0, 1, 0, 0, 0, 0, 0, 0>(pytorch_flash::Flash_fwd_params)",18,256,4,52,94.11764705882352,70.1195404492554,8.743856424084093,128,2,94.11764705882352,60,5.882352941176472,,256,256,"(256, 1, 1)",177952,ns,"(8, 1, 32)",177952.0,13,,,18928568,cycle,26994712,cycle,151064247,warp,,151064247.0
attn,zamba2,68,0.6296296296296297,108,1024,4,"void pytorch_flash::flash_fwd_kernel<Flash_fwd_kernel_traits<256, 128, 64, 8, 0, 0, cutlass::bfloat16_t, Flash_kernel_traits<256, 128, 64, 8, cutlass::bfloat16_t>>, 0, 1, 0, 0, 0, 0, 0, 0>(pytorch_flash::Flash_fwd_params)",18,1024,16,4,94.11764705882352,89.47853353467514,11.156368931048284,512,8,94.11764705882352,36,5.882352941176472,,256,1024,"(256, 1, 1)",530112,ns,"(8, 4, 32)",530112.0,14,,,72173548,cycle,80660182,cycle,575919839,warp,,575919839.0
attn,zamba2,68,0.6296296296296297,108,1024,16,"void pytorch_flash::flash_fwd_kernel<Flash_fwd_kernel_traits<256, 128, 64, 8, 0, 0, cutlass::bfloat16_t, Flash_kernel_traits<256, 128, 64, 8, cutlass::bfloat16_t>>, 0, 1, 0, 0, 0, 0, 0, 0>(pytorch_flash::Flash_fwd_params)",18,4096,61,16,98.74638379942141,96.87612559946977,12.078440266525046,2048,31,97.15370018975332,8,2.8462998102466774,,256,4096,"(256, 1, 1)",1938592,ns,"(8, 16, 32)",1938592.0,13,,,285331136,cycle,294531944,cycle,2276791355,warp,,2276791355.0
attn,zamba2,68,0.6296296296296297,108,1024,32,"void pytorch_flash::flash_fwd_kernel<Flash_fwd_kernel_traits<256, 128, 64, 8, 0, 0, cutlass::bfloat16_t, Flash_kernel_traits<256, 128, 64, 8, cutlass::bfloat16_t>>, 0, 1, 0, 0, 0, 0, 0, 0>(pytorch_flash::Flash_fwd_params)",18,8192,121,32,99.56246961594555,98.26687513630331,12.251778499877972,4096,61,98.74638379942141,16,1.253616200578589,,256,8192,"(256, 1, 1)",3813216,ns,"(8, 32, 32)",3813216.0,14,,,569346455,cycle,579387972,cycle,4543061183,warp,,4543061183.0
attn,zamba2,68,0.6296296296296297,108,1024,64,"void pytorch_flash::flash_fwd_kernel<Flash_fwd_kernel_traits<256, 128, 64, 8, 0, 0, cutlass::bfloat16_t, Flash_kernel_traits<256, 128, 64, 8, cutlass::bfloat16_t>>, 0, 1, 0, 0, 0, 0, 0, 0>(pytorch_flash::Flash_fwd_params)",18,16384,241,64,99.97559189650964,98.97603391649798,12.34010558052168,8192,121,99.56246961594555,32,0.437530384054452,,256,16384,"(256, 1, 1)",7562016,ns,"(8, 64, 32)",7562016.0,16,,,1137316568,cycle,1149082786,cycle,9075073856,warp,,9075073856.0
attn,zamba2,68,0.6296296296296297,108,2048,1,"void pytorch_flash::flash_fwd_kernel<Flash_fwd_kernel_traits<256, 128, 64, 8, 0, 0, cutlass::bfloat16_t, Flash_kernel_traits<256, 128, 64, 8, cutlass::bfloat16_t>>, 0, 1, 0, 0, 0, 0, 0, 0>(pytorch_flash::Flash_fwd_params)",18,512,8,36,94.11764705882352,79.95768958129591,9.98055791631978,256,4,94.11764705882352,52,5.882352941176472,,256,512,"(256, 1, 1)",532448,ns,"(16, 1, 32)",532448.0,13,,,64655291,cycle,80861880,cycle,516509873,warp,,516509873.0
attn,zamba2,68,0.6296296296296297,108,2048,4,"void pytorch_flash::flash_fwd_kernel<Flash_fwd_kernel_traits<256, 128, 64, 8, 0, 0, cutlass::bfloat16_t, Flash_kernel_traits<256, 128, 64, 8, cutlass::bfloat16_t>>, 0, 1, 0, 0, 0, 0, 0, 0>(pytorch_flash::Flash_fwd_params)",18,2048,31,8,97.15370018975332,93.98489758398779,11.731236904004865,1024,16,94.11764705882352,4,5.882352941176472,,256,2048,"(256, 1, 1)",1781696,ns,"(16, 4, 32)",1781696.0,17,,,254875640,cycle,271187868,cycle,2036076240,warp,,2036076240.0
attn,zamba2,68,0.6296296296296297,108,2048,16,"void pytorch_flash::flash_fwd_kernel<Flash_fwd_kernel_traits<256, 128, 64, 8, 0, 0, cutlass::bfloat16_t, Flash_kernel_traits<256, 128, 64, 8, cutlass::bfloat16_t>>, 0, 1, 0, 0, 0, 0, 0, 0>(pytorch_flash::Flash_fwd_params)",18,8192,121,32,99.56246961594555,98.28972953452677,12.26845926876351,4096,61,98.74638379942141,16,1.253616200578589,,256,8192,"(256, 1, 1)",6787104,ns,"(16, 16, 32)",6787104.0,16,,,1015456415,cycle,1033125658,cycle,8111910435,warp,,8111910435.0
attn,zamba2,68,0.6296296296296297,108,2048,32,"void pytorch_flash::flash_fwd_kernel<Flash_fwd_kernel_traits<256, 128, 64, 8, 0, 0, cutlass::bfloat16_t, Flash_kernel_traits<256, 128, 64, 8, cutlass::bfloat16_t>>, 0, 1, 0, 0, 0, 0, 0, 0>(pytorch_flash::Flash_fwd_params)",18,16384,241,64,99.97559189650964,99.05099626827476,12.36349108072485,8192,121,99.56246961594555,32,0.437530384054452,,256,16384,"(256, 1, 1)",14717792,ns,"(16, 32, 32)",14717792.0,17,,,2028174941,cycle,2047606806,cycle,16201963829,warp,,16201963829.0
attn,zamba2,68,0.6296296296296297,108,2048,64,"void pytorch_flash::flash_fwd_kernel<Flash_fwd_kernel_traits<256, 128, 64, 8, 0, 0, cutlass::bfloat16_t, Flash_kernel_traits<256, 128, 64, 8, cutlass::bfloat16_t>>, 0, 1, 0, 0, 0, 0, 0, 0>(pytorch_flash::Flash_fwd_params)",19,32768,482,60,99.97559189650964,99.4382468344191,12.411363637547305,16384,241,99.97559189650964,64,0.024408103490358712,,256,32768,"(256, 1, 1)",29630048,ns,"(16, 64, 32)",29630048.0,18,,,4056275029,cycle,4079190008,cycle,32402118743,warp,,32402118743.0
attn,zamba2,68,0.6296296296296297,108,4096,1,"void pytorch_flash::flash_fwd_kernel<Flash_fwd_kernel_traits<256, 128, 64, 8, 0, 0, cutlass::bfloat16_t, Flash_kernel_traits<256, 128, 64, 8, cutlass::bfloat16_t>>, 0, 1, 0, 0, 0, 0, 0, 0>(pytorch_flash::Flash_fwd_params)",18,1024,16,4,94.11764705882352,88.5404521685202,11.059086777094237,512,8,94.11764705882352,36,5.882352941176472,,256,1024,"(256, 1, 1)",1784192,ns,"(32, 1, 32)",1784192.0,12,,,239893109,cycle,270941816,cycle,1917676195,warp,,1917676195.0
attn,zamba2,68,0.6296296296296297,108,4096,4,"void pytorch_flash::flash_fwd_kernel<Flash_fwd_kernel_traits<256, 128, 64, 8, 0, 0, cutlass::bfloat16_t, Flash_kernel_traits<256, 128, 64, 8, cutlass::bfloat16_t>>, 0, 1, 0, 0, 0, 0, 0, 0>(pytorch_flash::Flash_fwd_params)",18,4096,61,16,98.74638379942141,96.8302633368997,12.094483815387592,2048,31,97.15370018975332,8,2.8462998102466774,,256,4096,"(256, 1, 1)",6494528,ns,"(32, 4, 32)",6494528.0,16,,,955250582,cycle,986520690,cycle,7636133452,warp,,7636133452.0
attn,zamba2,68,0.6296296296296297,108,4096,16,"void pytorch_flash::flash_fwd_kernel<Flash_fwd_kernel_traits<256, 128, 64, 8, 0, 0, cutlass::bfloat16_t, Flash_kernel_traits<256, 128, 64, 8, cutlass::bfloat16_t>>, 0, 1, 0, 0, 0, 0, 0, 0>(pytorch_flash::Flash_fwd_params)",18,16384,241,64,99.97559189650964,99.11149744137033,12.379410806156416,8192,121,99.56246961594555,32,0.437530384054452,,256,16384,"(256, 1, 1)",28318560,ns,"(32, 16, 32)",28318560.0,14,,,3814532873,cycle,3848728928,cycle,30492797748,warp,,30492797748.0
attn,zamba2,68,0.6296296296296297,108,4096,32,"void pytorch_flash::flash_fwd_kernel<Flash_fwd_kernel_traits<256, 128, 64, 8, 0, 0, cutlass::bfloat16_t, Flash_kernel_traits<256, 128, 64, 8, cutlass::bfloat16_t>>, 0, 1, 0, 0, 0, 0, 0, 0>(pytorch_flash::Flash_fwd_params)",19,32768,482,60,99.97559189650964,99.50679049551678,12.428551774081129,16384,241,99.97559189650964,64,0.024408103490358712,,256,32768,"(256, 1, 1)",50505376,ns,"(32, 32, 32)",50505376.0,16,,,7632157113,cycle,7669986214,cycle,61009165291,warp,,61009165291.0
attn,zamba2,68,0.6296296296296297,108,4096,64,"void pytorch_flash::flash_fwd_kernel<Flash_fwd_kernel_traits<256, 128, 64, 8, 0, 0, cutlass::bfloat16_t, Flash_kernel_traits<256, 128, 64, 8, cutlass::bfloat16_t>>, 0, 1, 0, 0, 0, 0, 0, 0>(pytorch_flash::Flash_fwd_params)",29,65536,964,52,99.97559189650964,99.70975000911908,12.451637699202827,32768,482,99.97559189650964,60,0.024408103490358712,,256,65536,"(256, 1, 1)",101488704,ns,"(32, 64, 32)",101488704.0,16,,,15289614126,cycle,15334121412,cycle,122198351525,warp,,122198351525.0
attn,zamba2,68,0.6296296296296297,108,8192,1,"void pytorch_flash::flash_fwd_kernel<Flash_fwd_kernel_traits<256, 128, 64, 8, 0, 0, cutlass::bfloat16_t, Flash_kernel_traits<256, 128, 64, 8, cutlass::bfloat16_t>>, 0, 1, 0, 0, 0, 0, 0, 0>(pytorch_flash::Flash_fwd_params)",18,2048,31,8,97.15370018975332,93.92571225755077,11.73606719401211,1024,16,94.11764705882352,4,5.882352941176472,,256,2048,"(256, 1, 1)",6485504,ns,"(64, 1, 32)",6485504.0,16,,,925298768,cycle,985138942,cycle,7399460364,warp,,7399460364.0
attn,zamba2,68,0.6296296296296297,108,8192,4,"void pytorch_flash::flash_fwd_kernel<Flash_fwd_kernel_traits<256, 128, 64, 8, 0, 0, cutlass::bfloat16_t, Flash_kernel_traits<256, 128, 64, 8, cutlass::bfloat16_t>>, 0, 1, 0, 0, 0, 0, 0, 0>(pytorch_flash::Flash_fwd_params)",18,8192,121,32,99.56246961594555,98.37411464346695,12.29188043046555,4096,61,98.74638379942141,16,1.253616200578589,,256,8192,"(256, 1, 1)",25821568,ns,"(64, 4, 32)",25821568.0,5,,,3694014915,cycle,3755068016,cycle,29540382119,warp,,29540382119.0
attn,zamba2,68,0.6296296296296297,108,8192,16,"void pytorch_flash::flash_fwd_kernel<Flash_fwd_kernel_traits<256, 128, 64, 8, 0, 0, cutlass::bfloat16_t, Flash_kernel_traits<256, 128, 64, 8, cutlass::bfloat16_t>>, 0, 1, 0, 0, 0, 0, 0, 0>(pytorch_flash::Flash_fwd_params)",19,32768,482,60,99.97559189650964,99.553595892887,12.439135946187589,16384,241,99.97559189650964,64,0.024408103490358712,,256,32768,"(256, 1, 1)",98235808,ns,"(64, 16, 32)",98235808.0,7,,,14774026264,cycle,14840273856,cycle,118144117743,warp,,118144117743.0
attn,zamba2,68,0.6296296296296297,108,8192,32,"void pytorch_flash::flash_fwd_kernel<Flash_fwd_kernel_traits<256, 128, 64, 8, 0, 0, cutlass::bfloat16_t, Flash_kernel_traits<256, 128, 64, 8, cutlass::bfloat16_t>>, 0, 1, 0, 0, 0, 0, 0, 0>(pytorch_flash::Flash_fwd_params)",29,65536,964,52,99.97559189650964,99.75409108091009,12.4630123360131,32768,482,99.97559189650964,60,0.024408103490358712,,256,65536,"(256, 1, 1)",196388896,ns,"(64, 32, 32)",196388896.0,21,,,29572456034,cycle,29645356610,cycle,236461084887,warp,,236461084887.0
attn,zamba2,68,0.6296296296296297,108,8192,64,"void pytorch_flash::flash_fwd_kernel<Flash_fwd_kernel_traits<256, 128, 64, 8, 0, 0, cutlass::bfloat16_t, Flash_kernel_traits<256, 128, 64, 8, cutlass::bfloat16_t>>, 0, 1, 0, 0, 0, 0, 0, 0>(pytorch_flash::Flash_fwd_params)",43,131072,1928,36,99.97559189650964,99.85421380251307,12.475520971171951,65536,964,99.97559189650964,52,0.024408103490358712,,256,131072,"(256, 1, 1)",392833408,ns,"(64, 64, 32)",392833408.0,31,,,59143016741,cycle,59229364980,cycle,472906998347,warp,,472906998347.0
attn,zamba2,68,0.6296296296296297,108,16384,1,"void pytorch_flash::flash_fwd_kernel<Flash_fwd_kernel_traits<256, 128, 64, 8, 0, 0, cutlass::bfloat16_t, Flash_kernel_traits<256, 128, 64, 8, cutlass::bfloat16_t>>, 0, 1, 0, 0, 0, 0, 0, 0>(pytorch_flash::Flash_fwd_params)",18,4096,61,16,98.74638379942141,96.9842411512518,12.120584422057703,2048,31,97.15370018975332,8,2.8462998102466774,,256,4096,"(256, 1, 1)",26586880,ns,"(128, 1, 32)",26586880.0,16,,,3629710834,cycle,3742577960,cycle,29031828557,warp,,29031828557.0
attn,zamba2,68,0.6296296296296297,108,16384,4,"void pytorch_flash::flash_fwd_kernel<Flash_fwd_kernel_traits<256, 128, 64, 8, 0, 0, cutlass::bfloat16_t, Flash_kernel_traits<256, 128, 64, 8, cutlass::bfloat16_t>>, 0, 1, 0, 0, 0, 0, 0, 0>(pytorch_flash::Flash_fwd_params)",18,16384,241,64,99.97559189650964,99.20774552817353,12.398460986848567,8192,121,99.56246961594555,32,0.437530384054452,,256,16384,"(256, 1, 1)",97676864,ns,"(128, 4, 32)",97676864.0,8,,,14503873769,cycle,14619698988,cycle,116007531227,warp,,116007531227.0
attn,zamba2,68,0.6296296296296297,108,16384,16,"void pytorch_flash::flash_fwd_kernel<Flash_fwd_kernel_traits<256, 128, 64, 8, 0, 0, cutlass::bfloat16_t, Flash_kernel_traits<256, 128, 64, 8, cutlass::bfloat16_t>>, 0, 1, 0, 0, 0, 0, 0, 0>(pytorch_flash::Flash_fwd_params)",29,65536,964,52,99.97559189650964,99.78268882136574,12.46965068442548,32768,482,99.97559189650964,60,0.024408103490358712,,256,65536,"(256, 1, 1)",393274208,ns,"(128, 16, 32)",393274208.0,23,,,58040637346,cycle,58167040828,cycle,464206515502,warp,,464206515502.0
attn,zamba2,68,0.6296296296296297,108,16384,32,"void pytorch_flash::flash_fwd_kernel<Flash_fwd_kernel_traits<256, 128, 64, 8, 0, 0, cutlass::bfloat16_t, Flash_kernel_traits<256, 128, 64, 8, cutlass::bfloat16_t>>, 0, 1, 0, 0, 0, 0, 0, 0>(pytorch_flash::Flash_fwd_params)",43,131072,1928,36,99.97559189650964,99.87986868620858,12.48179422967335,65536,964,99.97559189650964,52,0.024408103490358712,,256,131072,"(256, 1, 1)",780606144,ns,"(128, 32, 32)",780606144.0,30,,,116079326742,cycle,116218942084,cycle,928397389237,warp,,928397389237.0
attn,zamba2,68,0.6296296296296297,108,16384,64,"void pytorch_flash::flash_fwd_kernel<Flash_fwd_kernel_traits<256, 128, 64, 8, 0, 0, cutlass::bfloat16_t, Flash_kernel_traits<256, 128, 64, 8, cutlass::bfloat16_t>>, 0, 1, 0, 0, 0, 0, 0, 0>(pytorch_flash::Flash_fwd_params)",71,262144,3856,4,99.97559189650964,99.92810233206583,12.487823136345682,131072,1928,99.97559189650964,36,0.024408103490358712,,256,262144,"(256, 1, 1)",1581946848,ns,"(128, 64, 32)",1581946848.0,61,,,232155107530,cycle,232322141732,cycle,1856766602628,warp,,1856766602628.0
attn,zamba2,68,0.6296296296296297,108,32768,1,"void pytorch_flash::flash_fwd_kernel<Flash_fwd_kernel_traits<256, 128, 64, 8, 0, 0, cutlass::bfloat16_t, Flash_kernel_traits<256, 128, 64, 8, cutlass::bfloat16_t>>, 0, 1, 0, 0, 0, 0, 0, 0>(pytorch_flash::Flash_fwd_params)",18,8192,121,32,99.56246961594555,98.60711562380419,12.324627262039746,4096,61,98.74638379942141,16,1.253616200578589,,256,8192,"(256, 1, 1)",116519616,ns,"(256, 1, 32)",116519616.0,5,,,14325077380,cycle,14527427650,cycle,114588883752,warp,,114588883752.0
attn,zamba2,68,0.6296296296296297,108,32768,4,"void pytorch_flash::flash_fwd_kernel<Flash_fwd_kernel_traits<256, 128, 64, 8, 0, 0, cutlass::bfloat16_t, Flash_kernel_traits<256, 128, 64, 8, cutlass::bfloat16_t>>, 0, 1, 0, 0, 0, 0, 0, 0>(pytorch_flash::Flash_fwd_params)",19,32768,482,60,99.97559189650964,99.6374874783597,12.453377682576757,16384,241,99.97559189650964,64,0.024408103490358712,,256,32768,"(256, 1, 1)",400437792,ns,"(256, 4, 32)",400437792.0,17,,,57270156946,cycle,57478523792,cycle,458113129868,warp,,458113129868.0
attn,zamba2,68,0.6296296296296297,108,32768,16,"void pytorch_flash::flash_fwd_kernel<Flash_fwd_kernel_traits<256, 128, 64, 8, 0, 0, cutlass::bfloat16_t, Flash_kernel_traits<256, 128, 64, 8, cutlass::bfloat16_t>>, 0, 1, 0, 0, 0, 0, 0, 0>(pytorch_flash::Flash_fwd_params)",43,131072,1928,36,99.97559189650964,99.90058724824243,12.485957354398229,65536,964,99.97559189650964,52,0.024408103490358712,,256,131072,"(256, 1, 1)",1598775072,ns,"(256, 16, 32)",1598775072.0,30,,,229103193879,cycle,229331178314,cycle,1832588359976,warp,,1832588359976.0
attn,zamba2,68,0.6296296296296297,108,32768,32,"void pytorch_flash::flash_fwd_kernel<Flash_fwd_kernel_traits<256, 128, 64, 8, 0, 0, cutlass::bfloat16_t, Flash_kernel_traits<256, 128, 64, 8, cutlass::bfloat16_t>>, 0, 1, 0, 0, 0, 0, 0, 0>(pytorch_flash::Flash_fwd_params)",71,262144,3856,4,99.97559189650964,99.94403549572964,12.491387886165558,131072,1928,99.97559189650964,36,0.024408103490358712,,256,262144,"(256, 1, 1)",3237259584,ns,"(256, 32, 32)",3237259584.0,61,,,458195007941,cycle,458451578094,cycle,3665085752958,warp,,3665085752958.0
,,68,0.6296296296296297,108,32768,64,,,,,,,,,262144,3856,99.97559189650964,4,0.024408103490358712,ncu exit code 1,,,,,,,,,,"==WARNING== Note: Running with unmodified GPU clocks. If not controlled otherwise, profiling results may be inconsistent.
==PROF== Connected to process 988778 (/apps/applications/Miniconda/25.11.1/envs/pytorch_2.9.1_cuda13/bin/python3.14)
==PROF== Disconnected from process 988778
==ERROR== The application returned an error code (1).
""ID"",""Process ID"",""Process Name"",""Host Name"",""Kernel Name"",""Context"",""Stream"",""Block Size"",""Grid Size"",""Device"",""CC"",""Section Name"",""Metric Name"",""Metric Unit"",""Metric Value""
""0"",""988778"",""python3.14"",""127.0.0.1"",""void unnamed>::distribution_elementwise_grid_stride_kernel<float, 4, void normal_and_transform<BFloat16, float, CUDAGeneratorImpl *, void normal_kernel<CUDAGeneratorImpl *>(const TensorBase &, double, double, T1)::[lambda() (instance 1)]::operator ()() lambda() (instance 4)]::operator ()() lambda(float) (instance 1)]>(TensorIteratorBase &, T3, T4)::[lambda(curandStatePhilox4_32_10 *) (instance 2)], void unnamed>::distribution_nullary_kernel<BFloat",,,,,,,"/apps/applications/Miniconda/25.11.1/envs/pytorch_2.9.1_cuda13/lib/python3.14/site-packages/torch/cuda/__init__.py:63: FutureWarning: The pynvml package is deprecated. Please install nvidia-ml-py instead. If you did not install pynvml directly, please report this to the maintainers of the package that installed pynvml for you.
  import pynvml  # type: ignore[import]
Traceback (most recent call last):
  File ""/scratch/ehmoon/whlee/prefill-layer-alloc/stage1_sm_scaling/../src/profiling/_ncu_target.py"", line 190, in <module>
    main()
    ~~~~^^
  File ""/scratch/ehmoon/whlee/prefill-layer-alloc/stage1_sm_scaling/../src/profiling/_ncu_target.py"", line 97, in main
    kv_cache = torch.randn(
        args.batch_size, total_kv_len, 2, n_kv_heads, head_dim,
        device=""cuda"", dtype=dtype
    )
torch.OutOfMemoryError: CUDA out of memory. Tried to allocate 56.00 GiB. GPU 0 has a total capacity of 79.25 GiB of which 50.69 GiB is free. Including non-PyTorch memory, this process has 28.55 GiB ",
attn,zamba2,81,0.75,108,256,1,"void pytorch_flash::flash_fwd_splitkv_kernel<Flash_fwd_kernel_traits<256, 64, 64, 4, 0, 0, cutlass::bfloat16_t, Flash_kernel_traits<256, 64, 64, 4, cutlass::bfloat16_t>>, 1, 0, 0, 0, 0, 0, 1, 0>(pytorch_flash::Flash_fwd_params)",31,512,7,26,90.29982363315696,79.584519190388,4.954187643996928,32,1,39.50617283950617,32,60.49382716049383,,128,512,"(128, 1, 1)",39488,ns,"(4, 4, 32)",39488.0,17,,,4756520,cycle,5976690,cycle,18950172,warp,,18950172.0
attn,zamba2,81,0.75,108,256,4,"void at::<unnamed>::CatArrayBatchedCopy<at::<unnamed>::OpaqueType<2>, unsigned int, 3, 64, 64>(T1 *, at::<unnamed>::CatArrInputTensorMetadata<T1, T2, T4, T5>, at::<unnamed>::TensorSizeStride<T2, 4>, int, T2)",18,432,6,27,88.88888888888889,95.37608185611973,76.48865852286664,128,2,79.01234567901234,47,20.98765432098766,,512,432,"(512, 1, 1)",87520,ns,"(216, 2, 1)",87520.0,4,,,12675157,cycle,13289660,cycle,650565290,warp,,650565290.0
attn,zamba2,81,0.75,108,256,16,"void at::<unnamed>::CatArrayBatchedCopy<at::<unnamed>::OpaqueType<2>, unsigned int, 3, 64, 64>(T1 *, at::<unnamed>::CatArrInputTensorMetadata<T1, T2, T4, T5>, at::<unnamed>::TensorSizeStride<T2, 4>, int, T2)",18,432,6,27,88.88888888888889,97.91968290669398,82.03773649972682,512,7,90.29982363315696,26,9.700176366843039,,512,432,"(512, 1, 1)",327904,ns,"(216, 2, 1)",327904.0,4,,,48820678,cycle,49857880,cycle,2617745678,warp,,2617745678.0
attn,zamba2,81,0.75,108,256,32,"void at::<unnamed>::CatArrayBatchedCopy<at::<unnamed>::OpaqueType<2>, unsigned int, 3, 64, 64>(T1 *, at::<unnamed>::CatArrInputTensorMetadata<T1, T2, T4, T5>, at::<unnamed>::TensorSizeStride<T2, 4>, int, T2)",18,432,6,27,88.88888888888889,98.99335980163335,84.01010890314585,1024,13,97.24596391263059,52,2.754036087369416,,512,432,"(512, 1, 1)",644896,ns,"(216, 2, 1)",644896.0,4,,,97095273,cycle,98082612,cycle,5273555786,warp,,5273555786.0
attn,zamba2,81,0.75,108,256,64,"void at::<unnamed>::CatArrayBatchedCopy<at::<unnamed>::OpaqueType<2>, unsigned int, 3, 64, 64>(T1 *, at::<unnamed>::CatArrInputTensorMetadata<T1, T2, T4, T5>, at::<unnamed>::TensorSizeStride<T2, 4>, int, T2)",18,432,6,27,88.88888888888889,99.12447991845914,84.92476053200255,2048,26,97.24596391263059,23,2.754036087369416,,512,432,"(512, 1, 1)",1286560,ns,"(216, 2, 1)",1286560.0,4,,,193958099,cycle,195671240,cycle,10635093248,warp,,10635093248.0
attn,zamba2,81,0.75,108,512,1,"void at::<unnamed>::CatArrayBatchedCopy<at::<unnamed>::OpaqueType<2>, unsigned int, 3, 64, 64>(T1 *, at::<unnamed>::CatArrInputTensorMetadata<T1, T2, T4, T5>, at::<unnamed>::TensorSizeStride<T2, 4>, int, T2)",18,432,6,27,88.88888888888889,92.61852529461922,71.19814187496118,64,1,79.01234567901234,64,20.98765432098766,,512,432,"(512, 1, 1)",46752,ns,"(216, 2, 1)",46752.0,4,,,6560837,cycle,7083720,cycle,322782529,warp,,322782529.0
attn,zamba2,81,0.75,108,512,4,"void at::<unnamed>::CatArrayBatchedCopy<at::<unnamed>::OpaqueType<2>, unsigned int, 3, 64, 64>(T1 *, at::<unnamed>::CatArrInputTensorMetadata<T1, T2, T4, T5>, at::<unnamed>::TensorSizeStride<T2, 4>, int, T2)",18,432,6,27,88.88888888888889,96.75004312844784,79.34396971602357,256,4,79.01234567901234,13,20.98765432098766,,512,432,"(512, 1, 1)",168640,ns,"(216, 2, 1)",168640.0,4,,,24788464,cycle,25621140,cycle,1301045092,warp,,1301045092.0
attn,zamba2,81,0.75,108,512,16,"void at::<unnamed>::CatArrayBatchedCopy<at::<unnamed>::OpaqueType<2>, unsigned int, 3, 64, 64>(T1 *, at::<unnamed>::CatArrInputTensorMetadata<T1, T2, T4, T5>, at::<unnamed>::TensorSizeStride<T2, 4>, int, T2)",18,432,6,27,88.88888888888889,98.75279144891866,83.81021664141669,1024,13,97.24596391263059,52,2.754036087369416,,512,432,"(512, 1, 1)",646880,ns,"(216, 2, 1)",646880.0,4,,,97149372,cycle,98376330,cycle,5276762579,warp,,5276762579.0
attn,zamba2,81,0.75,108,512,32,"void at::<unnamed>::CatArrayBatchedCopy<at::<unnamed>::OpaqueType<2>, unsigned int, 3, 64, 64>(T1 *, at::<unnamed>::CatArrInputTensorMetadata<T1, T2, T4, T5>, at::<unnamed>::TensorSizeStride<T2, 4>, int, T2)",18,432,6,27,88.88888888888889,99.19537720711253,84.95770342512299,2048,26,97.24596391263059,23,2.754036087369416,,512,432,"(512, 1, 1)",1285536,ns,"(216, 2, 1)",1285536.0,4,,,193930222,cycle,195503286,cycle,10630086522,warp,,10630086522.0
attn,zamba2,81,0.75,108,512,64,"void at::<unnamed>::CatArrayBatchedCopy<at::<unnamed>::OpaqueType<2>, unsigned int, 3, 64, 64>(T1 *, at::<unnamed>::CatArrInputTensorMetadata<T1, T2, T4, T5>, at::<unnamed>::TensorSizeStride<T2, 4>, int, T2)",18,432,6,27,88.88888888888889,99.13041188370605,86.01928893153855,4096,51,99.15274751876059,46,0.8472524812394133,,512,432,"(512, 1, 1)",2646816,ns,"(216, 2, 1)",2646816.0,4,,,384268744,cycle,387639612,cycle,21340469623,warp,,21340469623.0
attn,zamba2,81,0.75,108,1024,1,"void pytorch_flash::flash_fwd_kernel<Flash_fwd_kernel_traits<256, 128, 64, 8, 0, 0, cutlass::bfloat16_t, Flash_kernel_traits<256, 128, 64, 8, cutlass::bfloat16_t>>, 0, 1, 0, 0, 0, 0, 0, 0>(pytorch_flash::Flash_fwd_params)",18,256,4,13,79.01234567901234,70.02452731229546,8.731968924487887,128,2,79.01234567901234,47,20.98765432098766,,256,256,"(256, 1, 1)",177792,ns,"(8, 1, 32)",177792.0,16,,,18883856,cycle,26967488,cycle,150706731,warp,,150706731.0
attn,zamba2,81,0.75,108,1024,4,"void pytorch_flash::flash_fwd_kernel<Flash_fwd_kernel_traits<256, 128, 64, 8, 0, 0, cutlass::bfloat16_t, Flash_kernel_traits<256, 128, 64, 8, cutlass::bfloat16_t>>, 0, 1, 0, 0, 0, 0, 0, 0>(pytorch_flash::Flash_fwd_params)",18,1024,13,52,97.24596391263059,89.33399950173508,11.138509162827061,512,7,90.29982363315696,26,9.700176366843039,,256,1024,"(256, 1, 1)",531936,ns,"(8, 4, 32)",531936.0,13,,,72182220,cycle,80800390,cycle,575997366,warp,,575997366.0
attn,zamba2,81,0.75,108,1024,16,"void pytorch_flash::flash_fwd_kernel<Flash_fwd_kernel_traits<256, 128, 64, 8, 0, 0, cutlass::bfloat16_t, Flash_kernel_traits<256, 128, 64, 8, cutlass::bfloat16_t>>, 0, 1, 0, 0, 0, 0, 0, 0>(pytorch_flash::Flash_fwd_params)",18,4096,51,46,99.15274751876059,96.88573305327357,12.079586891530871,2048,26,97.24596391263059,23,2.754036087369416,,256,4096,"(256, 1, 1)",1938752,ns,"(8, 16, 32)",1938752.0,16,,,285342323,cycle,294514284,cycle,2276870966,warp,,2276870966.0
attn,zamba2,81,0.75,108,1024,32,"void pytorch_flash::flash_fwd_kernel<Flash_fwd_kernel_traits<256, 128, 64, 8, 0, 0, cutlass::bfloat16_t, Flash_kernel_traits<256, 128, 64, 8, cutlass::bfloat16_t>>, 0, 1, 0, 0, 0, 0, 0, 0>(pytorch_flash::Flash_fwd_params)",18,8192,102,11,99.15274751876059,98.25895135345445,12.250783856767928,4096,51,99.15274751876059,46,0.8472524812394133,,256,8192,"(256, 1, 1)",3806784,ns,"(8, 32, 32)",3806784.0,13,,,569401147,cycle,579490356,cycle,4543495103,warp,,4543495103.0
attn,zamba2,81,0.75,108,1024,64,"void pytorch_flash::flash_fwd_kernel<Flash_fwd_kernel_traits<256, 128, 64, 8, 0, 0, cutlass::bfloat16_t, Flash_kernel_traits<256, 128, 64, 8, cutlass::bfloat16_t>>, 0, 1, 0, 0, 0, 0, 0, 0>(pytorch_flash::Flash_fwd_params)",18,16384,203,22,99.64118469865596,98.97195082619645,12.33962365434724,8192,102,99.15274751876059,11,0.8472524812394133,,256,16384,"(256, 1, 1)",7548864,ns,"(8, 64, 32)",7548864.0,17,,,1137395661,cycle,1149210106,cycle,9075724933,warp,,9075724933.0
attn,zamba2,81,0.75,108,2048,1,"void pytorch_flash::flash_fwd_kernel<Flash_fwd_kernel_traits<256, 128, 64, 8, 0, 0, cutlass::bfloat16_t, Flash_kernel_traits<256, 128, 64, 8, cutlass::bfloat16_t>>, 0, 1, 0, 0, 0, 0, 0, 0>(pytorch_flash::Flash_fwd_params)",18,512,7,26,90.29982363315696,80.09525071023701,9.997748818115477,256,4,79.01234567901234,13,20.98765432098766,,256,512,"(256, 1, 1)",531552,ns,"(16, 1, 32)",531552.0,12,,,64653077,cycle,80720238,cycle,516493225,warp,,516493225.0
attn,zamba2,81,0.75,108,2048,4,"void pytorch_flash::flash_fwd_kernel<Flash_fwd_kernel_traits<256, 128, 64, 8, 0, 0, cutlass::bfloat16_t, Flash_kernel_traits<256, 128, 64, 8, cutlass::bfloat16_t>>, 0, 1, 0, 0, 0, 0, 0, 0>(pytorch_flash::Flash_fwd_params)",18,2048,26,23,97.24596391263059,93.9290933974307,11.724295544148381,1024,13,97.24596391263059,52,2.754036087369416,,256,2048,"(256, 1, 1)",1783584,ns,"(16, 4, 32)",1783584.0,5,,,254963036,cycle,271442028,cycle,2036778598,warp,,2036778598.0
attn,zamba2,81,0.75,108,2048,16,"void pytorch_flash::flash_fwd_kernel<Flash_fwd_kernel_traits<256, 128, 64, 8, 0, 0, cutlass::bfloat16_t, Flash_kernel_traits<256, 128, 64, 8, cutlass::bfloat16_t>>, 0, 1, 0, 0, 0, 0, 0, 0>(pytorch_flash::Flash_fwd_params)",18,8192,102,11,99.15274751876059,98.2767510026341,12.266878771514538,4096,51,99.15274751876059,46,0.8472524812394133,,256,8192,"(256, 1, 1)",6799936,ns,"(16, 16, 32)",6799936.0,13,,,1015511981,cycle,1033318634,cycle,8112380426,warp,,8112380426.0
attn,zamba2,81,0.75,108,2048,32,"void pytorch_flash::flash_fwd_kernel<Flash_fwd_kernel_traits<256, 128, 64, 8, 0, 0, cutlass::bfloat16_t, Flash_kernel_traits<256, 128, 64, 8, cutlass::bfloat16_t>>, 0, 1, 0, 0, 0, 0, 0, 0>(pytorch_flash::Flash_fwd_params)",18,16384,203,22,99.64118469865596,99.0582268301437,12.364394343890478,8192,102,99.15274751876059,11,0.8472524812394133,,256,16384,"(256, 1, 1)",14079936,ns,"(16, 32, 32)",14079936.0,17,,,2028931842,cycle,2048221442,cycle,16208011272,warp,,16208011272.0
attn,zamba2,81,0.75,108,2048,64,"void pytorch_flash::flash_fwd_kernel<Flash_fwd_kernel_traits<256, 128, 64, 8, 0, 0, cutlass::bfloat16_t, Flash_kernel_traits<256, 128, 64, 8, cutlass::bfloat16_t>>, 0, 1, 0, 0, 0, 0, 0, 0>(pytorch_flash::Flash_fwd_params)",19,32768,405,44,99.88721231519585,99.43983838042601,12.411538366301228,16384,203,99.64118469865596,22,0.3588153013440398,,256,32768,"(256, 1, 1)",30736416,ns,"(16, 64, 32)",30736416.0,18,,,4055482563,cycle,4078327790,cycle,32395725975,warp,,32395725975.0
attn,zamba2,81,0.75,108,4096,1,"void pytorch_flash::flash_fwd_kernel<Flash_fwd_kernel_traits<256, 128, 64, 8, 0, 0, cutlass::bfloat16_t, Flash_kernel_traits<256, 128, 64, 8, cutlass::bfloat16_t>>, 0, 1, 0, 0, 0, 0, 0, 0>(pytorch_flash::Flash_fwd_params)",18,1024,13,52,97.24596391263059,88.49513343256766,11.053460968150103,512,7,90.29982363315696,26,9.700176366843039,,256,1024,"(256, 1, 1)",1784832,ns,"(32, 1, 32)",1784832.0,12,,,239887498,cycle,271074226,cycle,1917637361,warp,,1917637361.0
attn,zamba2,81,0.75,108,4096,4,"void pytorch_flash::flash_fwd_kernel<Flash_fwd_kernel_traits<256, 128, 64, 8, 0, 0, cutlass::bfloat16_t, Flash_kernel_traits<256, 128, 64, 8, cutlass::bfloat16_t>>, 0, 1, 0, 0, 0, 0, 0, 0>(pytorch_flash::Flash_fwd_params)",18,4096,51,46,99.15274751876059,96.775886532531,12.087694186623686,2048,26,97.24596391263059,23,2.754036087369416,,256,4096,"(256, 1, 1)",6484192,ns,"(32, 4, 32)",6484192.0,13,,,955228970,cycle,987052668,cycle,7635962110,warp,,7635962110.0
attn,zamba2,81,0.75,108,4096,16,"void pytorch_flash::flash_fwd_kernel<Flash_fwd_kernel_traits<256, 128, 64, 8, 0, 0, cutlass::bfloat16_t, Flash_kernel_traits<256, 128, 64, 8, cutlass::bfloat16_t>>, 0, 1, 0, 0, 0, 0, 0, 0>(pytorch_flash::Flash_fwd_params)",18,16384,203,22,99.64118469865596,99.09662891686773,12.377567178191633,8192,102,99.15274751876059,11,0.8472524812394133,,256,16384,"(256, 1, 1)",26878816,ns,"(32, 16, 32)",26878816.0,5,,,3815517743,cycle,3850300242,cycle,30500703937,warp,,30500703937.0
attn,zamba2,81,0.75,108,4096,32,"void pytorch_flash::flash_fwd_kernel<Flash_fwd_kernel_traits<256, 128, 64, 8, 0, 0, cutlass::bfloat16_t, Flash_kernel_traits<256, 128, 64, 8, cutlass::bfloat16_t>>, 0, 1, 0, 0, 0, 0, 0, 0>(pytorch_flash::Flash_fwd_params)",19,32768,405,44,99.88721231519585,99.50545002709103,12.428382071064686,16384,203,99.64118469865596,22,0.3588153013440398,,256,32768,"(256, 1, 1)",50388416,ns,"(32, 32, 32)",50388416.0,16,,,7632389758,cycle,7670323340,cycle,61011013810,warp,,61011013810.0
attn,zamba2,81,0.75,108,4096,64,"void pytorch_flash::flash_fwd_kernel<Flash_fwd_kernel_traits<256, 128, 64, 8, 0, 0, cutlass::bfloat16_t, Flash_kernel_traits<256, 128, 64, 8, cutlass::bfloat16_t>>, 0, 1, 0, 0, 0, 0, 0, 0>(pytorch_flash::Flash_fwd_params)",29,65536,810,7,99.88721231519585,99.71032015775549,12.451706412514076,32768,405,99.88721231519585,44,0.1127876848041498,,256,65536,"(256, 1, 1)",101679904,ns,"(32, 64, 32)",101679904.0,16,,,15289539873,cycle,15333959262,cycle,122197733678,warp,,122197733678.0
attn,zamba2,81,0.75,108,8192,1,"void pytorch_flash::flash_fwd_kernel<Flash_fwd_kernel_traits<256, 128, 64, 8, 0, 0, cutlass::bfloat16_t, Flash_kernel_traits<256, 128, 64, 8, cutlass::bfloat16_t>>, 0, 1, 0, 0, 0, 0, 0, 0>(pytorch_flash::Flash_fwd_params)",18,2048,26,23,97.24596391263059,93.91857466796925,11.735171263802345,1024,13,97.24596391263059,52,2.754036087369416,,256,2048,"(256, 1, 1)",6473760,ns,"(64, 1, 32)",6473760.0,16,,,925365187,cycle,985284530,cycle,7399988930,warp,,7399988930.0
attn,zamba2,81,0.75,108,8192,4,"void pytorch_flash::flash_fwd_kernel<Flash_fwd_kernel_traits<256, 128, 64, 8, 0, 0, cutlass::bfloat16_t, Flash_kernel_traits<256, 128, 64, 8, cutlass::bfloat16_t>>, 0, 1, 0, 0, 0, 0, 0, 0>(pytorch_flash::Flash_fwd_params)",18,8192,102,11,99.15274751876059,98.36185553604658,12.290351809310703,4096,51,99.15274751876059,46,0.8472524812394133,,256,8192,"(256, 1, 1)",30120352,ns,"(64, 4, 32)",30120352.0,8,,,3692892175,cycle,3754394582,cycle,29531411356,warp,,29531411356.0
attn,zamba2,81,0.75,108,8192,16,"void pytorch_flash::flash_fwd_kernel<Flash_fwd_kernel_traits<256, 128, 64, 8, 0, 0, cutlass::bfloat16_t, Flash_kernel_traits<256, 128, 64, 8, cutlass::bfloat16_t>>, 0, 1, 0, 0, 0, 0, 0, 0>(pytorch_flash::Flash_fwd_params)",19,32768,405,44,99.88721231519585,99.55364640088108,12.439141430490668,16384,203,99.64118469865596,22,0.3588153013440398,,256,32768,"(256, 1, 1)",98092384,ns,"(64, 16, 32)",98092384.0,16,,,14773941762,cycle,14840181446,cycle,118143434151,warp,,118143434151.0
attn,zamba2,81,0.75,108,8192,32,"void pytorch_flash::flash_fwd_kernel<Flash_fwd_kernel_traits<256, 128, 64, 8, 0, 0, cutlass::bfloat16_t, Flash_kernel_traits<256, 128, 64, 8, cutlass::bfloat16_t>>, 0, 1, 0, 0, 0, 0, 0, 0>(pytorch_flash::Flash_fwd_params)",29,65536,810,7,99.88721231519585,99.75266901006478,12.462834598457812,32768,405,99.88721231519585,44,0.1127876848041498,,256,65536,"(256, 1, 1)",196550496,ns,"(64, 32, 32)",196550496.0,18,,,29573027432,cycle,29646352048,cycle,236465652494,warp,,236465652494.0
attn,zamba2,81,0.75,108,8192,64,"void pytorch_flash::flash_fwd_kernel<Flash_fwd_kernel_traits<256, 128, 64, 8, 0, 0, cutlass::bfloat16_t, Flash_kernel_traits<256, 128, 64, 8, cutlass::bfloat16_t>>, 0, 1, 0, 0, 0, 0, 0, 0>(pytorch_flash::Flash_fwd_params)",43,131072,1619,14,99.94890917270988,99.85371694462793,12.475457936041574,65536,810,99.88721231519585,7,0.1127876848041498,,256,131072,"(256, 1, 1)",393512864,ns,"(64, 64, 32)",393512864.0,34,,,59143310336,cycle,59229953722,cycle,472909309576,warp,,472909309576.0
attn,zamba2,81,0.75,108,16384,1,"void pytorch_flash::flash_fwd_kernel<Flash_fwd_kernel_traits<256, 128, 64, 8, 0, 0, cutlass::bfloat16_t, Flash_kernel_traits<256, 128, 64, 8, cutlass::bfloat16_t>>, 0, 1, 0, 0, 0, 0, 0, 0>(pytorch_flash::Flash_fwd_params)",18,4096,51,46,99.15274751876059,96.98146723279292,12.120234970527214,2048,26,97.24596391263059,23,2.754036087369416,,256,4096,"(256, 1, 1)",27210336,ns,"(128, 1, 32)",27210336.0,6,,,3629646470,cycle,3742618640,cycle,29031307086,warp,,29031307086.0
attn,zamba2,81,0.75,108,16384,4,"void pytorch_flash::flash_fwd_kernel<Flash_fwd_kernel_traits<256, 128, 64, 8, 0, 0, cutlass::bfloat16_t, Flash_kernel_traits<256, 128, 64, 8, cutlass::bfloat16_t>>, 0, 1, 0, 0, 0, 0, 0, 0>(pytorch_flash::Flash_fwd_params)",18,16384,203,22,99.64118469865596,99.20823753344251,12.398526409454938,8192,102,99.15274751876059,11,0.8472524812394133,,256,16384,"(256, 1, 1)",97158848,ns,"(128, 4, 32)",97158848.0,9,,,14504425686,cycle,14620182806,cycle,116011982484,warp,,116011982484.0
attn,zamba2,81,0.75,108,16384,16,"void pytorch_flash::flash_fwd_kernel<Flash_fwd_kernel_traits<256, 128, 64, 8, 0, 0, cutlass::bfloat16_t, Flash_kernel_traits<256, 128, 64, 8, cutlass::bfloat16_t>>, 0, 1, 0, 0, 0, 0, 0, 0>(pytorch_flash::Flash_fwd_params)",29,65536,810,7,99.88721231519585,99.78305875955999,12.469697291299466,32768,405,99.88721231519585,44,0.1127876848041498,,256,65536,"(256, 1, 1)",393077024,ns,"(128, 16, 32)",393077024.0,22,,,58040503469,cycle,58166691010,cycle,464205458772,warp,,464205458772.0
attn,zamba2,81,0.75,108,16384,32,"void pytorch_flash::flash_fwd_kernel<Flash_fwd_kernel_traits<256, 128, 64, 8, 0, 0, cutlass::bfloat16_t, Flash_kernel_traits<256, 128, 64, 8, cutlass::bfloat16_t>>, 0, 1, 0, 0, 0, 0, 0, 0>(pytorch_flash::Flash_fwd_params)",43,131072,1619,14,99.94890917270988,99.88013920238413,12.481829794301099,65536,810,99.88721231519585,7,0.1127876848041498,,256,131072,"(256, 1, 1)",787441504,ns,"(128, 32, 32)",787441504.0,42,,,116078542040,cycle,116217841672,cycle,928391244039,warp,,928391244039.0
attn,zamba2,81,0.75,108,16384,64,"void pytorch_flash::flash_fwd_kernel<Flash_fwd_kernel_traits<256, 128, 64, 8, 0, 0, cutlass::bfloat16_t, Flash_kernel_traits<256, 128, 64, 8, cutlass::bfloat16_t>>, 0, 1, 0, 0, 0, 0, 0, 0>(pytorch_flash::Flash_fwd_params)",71,262144,3237,28,99.97978619129891,99.92828338070915,12.487845342175993,131072,1619,99.94890917270988,14,0.051090827290123375,,256,262144,"(256, 1, 1)",1579032544,ns,"(128, 64, 32)",1579032544.0,66,,,232154628144,cycle,232321241084,cycle,1856762706150,warp,,1856762706150.0
attn,zamba2,81,0.75,108,32768,1,"void pytorch_flash::flash_fwd_kernel<Flash_fwd_kernel_traits<256, 128, 64, 8, 0, 0, cutlass::bfloat16_t, Flash_kernel_traits<256, 128, 64, 8, cutlass::bfloat16_t>>, 0, 1, 0, 0, 0, 0, 0, 0>(pytorch_flash::Flash_fwd_params)",18,8192,102,11,99.15274751876059,98.60683141935448,12.324592349551976,4096,51,99.15274751876059,46,0.8472524812394133,,256,8192,"(256, 1, 1)",116528000,ns,"(256, 1, 32)",116528000.0,5,,,14325615021,cycle,14528014758,cycle,114593190106,warp,,114593190106.0
attn,zamba2,81,0.75,108,32768,4,"void pytorch_flash::flash_fwd_kernel<Flash_fwd_kernel_traits<256, 128, 64, 8, 0, 0, cutlass::bfloat16_t, Flash_kernel_traits<256, 128, 64, 8, cutlass::bfloat16_t>>, 0, 1, 0, 0, 0, 0, 0, 0>(pytorch_flash::Flash_fwd_params)",19,32768,405,44,99.88721231519585,99.63504348169711,12.453072188929882,16384,203,99.64118469865596,22,0.3588153013440398,,256,32768,"(256, 1, 1)",397182560,ns,"(256, 4, 32)",397182560.0,9,,,57265715753,cycle,57475476250,cycle,458077603094,warp,,458077603094.0
attn,zamba2,81,0.75,108,32768,16,"void pytorch_flash::flash_fwd_kernel<Flash_fwd_kernel_traits<256, 128, 64, 8, 0, 0, cutlass::bfloat16_t, Flash_kernel_traits<256, 128, 64, 8, cutlass::bfloat16_t>>, 0, 1, 0, 0, 0, 0, 0, 0>(pytorch_flash::Flash_fwd_params)",43,131072,1619,14,99.94890917270988,99.90058648983808,12.485957703894124,65536,810,99.88721231519585,7,0.1127876848041498,,256,131072,"(256, 1, 1)",1599087520,ns,"(256, 16, 32)",1599087520.0,30,,,229099620468,cycle,229327603088,cycle,1832559841595,warp,,1832559841595.0
attn,zamba2,81,0.75,108,32768,32,"void pytorch_flash::flash_fwd_kernel<Flash_fwd_kernel_traits<256, 128, 64, 8, 0, 0, cutlass::bfloat16_t, Flash_kernel_traits<256, 128, 64, 8, cutlass::bfloat16_t>>, 0, 1, 0, 0, 0, 0, 0, 0>(pytorch_flash::Flash_fwd_params)",71,262144,3237,28,99.97978619129891,99.94422152171371,12.491411216812292,131072,1619,99.94890917270988,14,0.051090827290123375,,256,262144,"(256, 1, 1)",3231432608,ns,"(256, 32, 32)",3231432608.0,60,,,458198347914,cycle,458454066616,cycle,3665112492877,warp,,3665112492877.0
,,81,0.75,108,32768,64,,,,,,,,,262144,3237,99.97978619129891,28,0.020213808701086133,ncu exit code 1,,,,,,,,,,"==WARNING== Note: Running with unmodified GPU clocks. If not controlled otherwise, profiling results may be inconsistent.
==PROF== Connected to process 997330 (/apps/applications/Miniconda/25.11.1/envs/pytorch_2.9.1_cuda13/bin/python3.14)
==PROF== Disconnected from process 997330
==ERROR== The application returned an error code (1).
""ID"",""Process ID"",""Process Name"",""Host Name"",""Kernel Name"",""Context"",""Stream"",""Block Size"",""Grid Size"",""Device"",""CC"",""Section Name"",""Metric Name"",""Metric Unit"",""Metric Value""
""0"",""997330"",""python3.14"",""127.0.0.1"",""void unnamed>::distribution_elementwise_grid_stride_kernel<float, 4, void normal_and_transform<BFloat16, float, CUDAGeneratorImpl *, void normal_kernel<CUDAGeneratorImpl *>(const TensorBase &, double, double, T1)::[lambda() (instance 1)]::operator ()() lambda() (instance 4)]::operator ()() lambda(float) (instance 1)]>(TensorIteratorBase &, T3, T4)::[lambda(curandStatePhilox4_32_10 *) (instance 2)], void unnamed>::distribution_nullary_kernel<BFloat",,,,,,,"/apps/applications/Miniconda/25.11.1/envs/pytorch_2.9.1_cuda13/lib/python3.14/site-packages/torch/cuda/__init__.py:63: FutureWarning: The pynvml package is deprecated. Please install nvidia-ml-py instead. If you did not install pynvml directly, please report this to the maintainers of the package that installed pynvml for you.
  import pynvml  # type: ignore[import]
Traceback (most recent call last):
  File ""/scratch/ehmoon/whlee/prefill-layer-alloc/stage1_sm_scaling/../src/profiling/_ncu_target.py"", line 190, in <module>
    main()
    ~~~~^^
  File ""/scratch/ehmoon/whlee/prefill-layer-alloc/stage1_sm_scaling/../src/profiling/_ncu_target.py"", line 97, in main
    kv_cache = torch.randn(
        args.batch_size, total_kv_len, 2, n_kv_heads, head_dim,
        device=""cuda"", dtype=dtype
    )
torch.OutOfMemoryError: CUDA out of memory. Tried to allocate 56.00 GiB. GPU 0 has a total capacity of 79.25 GiB of which 50.69 GiB is free. Including non-PyTorch memory, this process has 28.55 GiB ",
attn,zamba2,94,0.8703703703703703,108,256,1,"void pytorch_flash::flash_fwd_splitkv_kernel<Flash_fwd_kernel_traits<256, 64, 64, 4, 0, 0, cutlass::bfloat16_t, Flash_kernel_traits<256, 64, 64, 4, cutlass::bfloat16_t>>, 1, 0, 0, 0, 0, 0, 1, 0>(pytorch_flash::Flash_fwd_params)",31,512,6,42,90.78014184397163,79.89003089076147,4.97329166750065,32,1,34.04255319148936,32,65.95744680851064,,128,512,"(128, 1, 1)",39584,ns,"(4, 4, 32)",39584.0,25,,,4789663,cycle,5995320,cycle,19082544,warp,,19082544.0
attn,zamba2,94,0.8703703703703703,108,256,4,"void at::<unnamed>::CatArrayBatchedCopy<at::<unnamed>::OpaqueType<2>, unsigned int, 3, 64, 64>(T1 *, at::<unnamed>::CatArrInputTensorMetadata<T1, T2, T4, T5>, at::<unnamed>::TensorSizeStride<T2, 4>, int, T2)",18,432,5,56,91.91489361702128,95.22252379876534,74.37059378415634,128,2,68.08510638297872,34,31.914893617021278,,512,432,"(512, 1, 1)",105280,ns,"(216, 2, 1)",105280.0,4,,,12475598,cycle,13101520,cycle,623595406,warp,,623595406.0
attn,zamba2,94,0.8703703703703703,108,256,16,"void at::<unnamed>::CatArrayBatchedCopy<at::<unnamed>::OpaqueType<2>, unsigned int, 3, 64, 64>(T1 *, at::<unnamed>::CatArrInputTensorMetadata<T1, T2, T4, T5>, at::<unnamed>::TensorSizeStride<T2, 4>, int, T2)",18,432,5,56,91.91489361702128,98.16360592279449,82.22671552549265,512,6,90.78014184397163,42,9.219858156028371,,512,432,"(512, 1, 1)",327424,ns,"(216, 2, 1)",327424.0,4,,,48850610,cycle,49764482,cycle,2618860739,warp,,2618860739.0
attn,zamba2,94,0.8703703703703703,108,256,32,"void at::<unnamed>::CatArrayBatchedCopy<at::<unnamed>::OpaqueType<2>, unsigned int, 3, 64, 64>(T1 *, at::<unnamed>::CatArrInputTensorMetadata<T1, T2, T4, T5>, at::<unnamed>::TensorSizeStride<T2, 4>, int, T2)",18,432,5,56,91.91489361702128,98.53379450400033,83.68178471504734,1024,11,99.03288201160542,84,0.9671179883945835,,512,432,"(512, 1, 1)",648000,ns,"(216, 2, 1)",648000.0,4,,,97072359,cycle,98516818,cycle,5276200419,warp,,5276200419.0
attn,zamba2,94,0.8703703703703703,108,256,64,"void at::<unnamed>::CatArrayBatchedCopy<at::<unnamed>::OpaqueType<2>, unsigned int, 3, 64, 64>(T1 *, at::<unnamed>::CatArrInputTensorMetadata<T1, T2, T4, T5>, at::<unnamed>::TensorSizeStride<T2, 4>, int, T2)",18,432,5,56,91.91489361702128,99.0691525209111,84.89318432029886,2048,22,99.03288201160542,74,0.9671179883945835,,512,432,"(512, 1, 1)",1285920,ns,"(216, 2, 1)",1285920.0,4,,,193968954,cycle,195791474,cycle,10637671482,warp,,10637671482.0
attn,zamba2,94,0.8703703703703703,108,512,1,"void pytorch_flash::flash_fwd_kernel<Flash_fwd_kernel_traits<256, 128, 64, 8, 0, 0, cutlass::bfloat16_t, Flash_kernel_traits<256, 128, 64, 8, cutlass::bfloat16_t>>, 0, 1, 0, 0, 0, 0, 0, 0>(pytorch_flash::Flash_fwd_params)",18,128,2,34,68.08510638297872,61.92368416891274,7.713816300242741,64,1,68.08510638297872,64,31.914893617021278,,256,128,"(256, 1, 1)",69280,ns,"(4, 1, 32)",69280.0,15,,,6500492,cycle,10497586,cycle,51824928,warp,,51824928.0
attn,zamba2,94,0.8703703703703703,108,512,4,"void at::<unnamed>::CatArrayBatchedCopy<at::<unnamed>::OpaqueType<2>, unsigned int, 3, 64, 64>(T1 *, at::<unnamed>::CatArrInputTensorMetadata<T1, T2, T4, T5>, at::<unnamed>::TensorSizeStride<T2, 4>, int, T2)",18,432,5,56,91.91489361702128,97.04429573538856,79.54725359826027,256,3,90.78014184397163,68,9.219858156028371,,512,432,"(512, 1, 1)",167744,ns,"(216, 2, 1)",167744.0,4,,,24743157,cycle,25496766,cycle,1298046535,warp,,1298046535.0
attn,zamba2,94,0.8703703703703703,108,512,16,"void at::<unnamed>::CatArrayBatchedCopy<at::<unnamed>::OpaqueType<2>, unsigned int, 3, 64, 64>(T1 *, at::<unnamed>::CatArrInputTensorMetadata<T1, T2, T4, T5>, at::<unnamed>::TensorSizeStride<T2, 4>, int, T2)",18,432,5,56,91.91489361702128,98.55829366630341,82.96870844658083,1024,11,99.03288201160542,84,0.9671179883945835,,512,432,"(512, 1, 1)",684000,ns,"(216, 2, 1)",684000.0,4,,,96030098,cycle,97434822,cycle,5173786457,warp,,5173786457.0
attn,zamba2,94,0.8703703703703703,108,512,32,"void at::<unnamed>::CatArrayBatchedCopy<at::<unnamed>::OpaqueType<2>, unsigned int, 3, 64, 64>(T1 *, at::<unnamed>::CatArrInputTensorMetadata<T1, T2, T4, T5>, at::<unnamed>::TensorSizeStride<T2, 4>, int, T2)",18,432,5,56,91.91489361702128,99.00973865485898,84.78830407707612,2048,22,99.03288201160542,74,0.9671179883945835,,512,432,"(512, 1, 1)",1289184,ns,"(216, 2, 1)",1289184.0,4,,,194132252,cycle,196073896,cycle,10639854794,warp,,10639854794.0
attn,zamba2,94,0.8703703703703703,108,512,64,"void at::<unnamed>::CatArrayBatchedCopy<at::<unnamed>::OpaqueType<2>, unsigned int, 3, 64, 64>(T1 *, at::<unnamed>::CatArrInputTensorMetadata<T1, T2, T4, T5>, at::<unnamed>::TensorSizeStride<T2, 4>, int, T2)",18,432,5,56,91.91489361702128,99.08010445624917,85.46189261241996,4096,44,99.03288201160542,54,0.9671179883945835,,512,432,"(512, 1, 1)",2573024,ns,"(216, 2, 1)",2573024.0,4,,,388172720,cycle,391776656,cycle,21428463682,warp,,21428463682.0
attn,zamba2,94,0.8703703703703703,108,1024,1,"void pytorch_flash::flash_fwd_kernel<Flash_fwd_kernel_traits<256, 128, 64, 8, 0, 0, cutlass::bfloat16_t, Flash_kernel_traits<256, 128, 64, 8, cutlass::bfloat16_t>>, 0, 1, 0, 0, 0, 0, 0, 0>(pytorch_flash::Flash_fwd_params)",18,256,3,68,90.78014184397163,70.03507697640845,8.733348628537293,128,2,68.08510638297872,34,31.914893617021278,,256,256,"(256, 1, 1)",177760,ns,"(8, 1, 32)",177760.0,13,,,18926275,cycle,27023994,cycle,151046375,warp,,151046375.0
attn,zamba2,94,0.8703703703703703,108,1024,4,"void pytorch_flash::flash_fwd_kernel<Flash_fwd_kernel_traits<256, 128, 64, 8, 0, 0, cutlass::bfloat16_t, Flash_kernel_traits<256, 128, 64, 8, cutlass::bfloat16_t>>, 0, 1, 0, 0, 0, 0, 0, 0>(pytorch_flash::Flash_fwd_params)",18,1024,11,84,99.03288201160542,89.32543112939547,11.13731460344285,512,6,90.78014184397163,42,9.219858156028371,,256,1024,"(256, 1, 1)",531200,ns,"(8, 4, 32)",531200.0,17,,,72207570,cycle,80836520,cycle,576193123,warp,,576193123.0
attn,zamba2,94,0.8703703703703703,108,1024,16,"void pytorch_flash::flash_fwd_kernel<Flash_fwd_kernel_traits<256, 128, 64, 8, 0, 0, cutlass::bfloat16_t, Flash_kernel_traits<256, 128, 64, 8, cutlass::bfloat16_t>>, 0, 1, 0, 0, 0, 0, 0, 0>(pytorch_flash::Flash_fwd_params)",18,4096,44,54,99.03288201160542,96.90961076618547,12.082557056075949,2048,22,99.03288201160542,74,0.9671179883945835,,256,4096,"(256, 1, 1)",1937632,ns,"(8, 16, 32)",1937632.0,14,,,285351851,cycle,294451550,cycle,2276945698,warp,,2276945698.0
attn,zamba2,94,0.8703703703703703,108,1024,32,"void pytorch_flash::flash_fwd_kernel<Flash_fwd_kernel_traits<256, 128, 64, 8, 0, 0, cutlass::bfloat16_t, Flash_kernel_traits<256, 128, 64, 8, cutlass::bfloat16_t>>, 0, 1, 0, 0, 0, 0, 0, 0>(pytorch_flash::Flash_fwd_params)",18,8192,88,14,99.03288201160542,98.28134384598202,12.253581719989395,4096,44,99.03288201160542,54,0.9671179883945835,,256,8192,"(256, 1, 1)",3811968,ns,"(8, 32, 32)",3811968.0,12,,,569383334,cycle,579340200,cycle,4543355190,warp,,4543355190.0
attn,zamba2,94,0.8703703703703703,108,1024,64,"void pytorch_flash::flash_fwd_kernel<Flash_fwd_kernel_traits<256, 128, 64, 8, 0, 0, cutlass::bfloat16_t, Flash_kernel_traits<256, 128, 64, 8, cutlass::bfloat16_t>>, 0, 1, 0, 0, 0, 0, 0, 0>(pytorch_flash::Flash_fwd_params)",18,16384,175,28,99.59878419452887,98.97630036873248,12.340162743465207,8192,88,99.03288201160542,14,0.9671179883945835,,256,16384,"(256, 1, 1)",7548416,ns,"(8, 64, 32)",7548416.0,15,,,1137389026,cycle,1149152900,cycle,9075669634,warp,,9075669634.0
attn,zamba2,94,0.8703703703703703,108,2048,1,"void pytorch_flash::flash_fwd_kernel<Flash_fwd_kernel_traits<256, 128, 64, 8, 0, 0, cutlass::bfloat16_t, Flash_kernel_traits<256, 128, 64, 8, cutlass::bfloat16_t>>, 0, 1, 0, 0, 0, 0, 0, 0>(pytorch_flash::Flash_fwd_params)",18,512,6,42,90.78014184397163,80.04327274692932,9.991193923135022,256,3,90.78014184397163,68,9.219858156028371,,256,512,"(256, 1, 1)",531520,ns,"(16, 1, 32)",531520.0,16,,,64620250,cycle,80731644,cycle,516227527,warp,,516227527.0
attn,zamba2,94,0.8703703703703703,108,2048,4,"void pytorch_flash::flash_fwd_kernel<Flash_fwd_kernel_traits<256, 128, 64, 8, 0, 0, cutlass::bfloat16_t, Flash_kernel_traits<256, 128, 64, 8, cutlass::bfloat16_t>>, 0, 1, 0, 0, 0, 0, 0, 0>(pytorch_flash::Flash_fwd_params)",18,2048,22,74,99.03288201160542,93.9771794821146,11.730256996687146,1024,11,99.03288201160542,84,0.9671179883945835,,256,2048,"(256, 1, 1)",1781184,ns,"(16, 4, 32)",1781184.0,15,,,254816675,cycle,271147396,cycle,2035602329,warp,,2035602329.0
attn,zamba2,94,0.8703703703703703,108,2048,16,"void pytorch_flash::flash_fwd_kernel<Flash_fwd_kernel_traits<256, 128, 64, 8, 0, 0, cutlass::bfloat16_t, Flash_kernel_traits<256, 128, 64, 8, cutlass::bfloat16_t>>, 0, 1, 0, 0, 0, 0, 0, 0>(pytorch_flash::Flash_fwd_params)",18,8192,88,14,99.03288201160542,98.2928533309933,12.268868028354925,4096,44,99.03288201160542,54,0.9671179883945835,,256,8192,"(256, 1, 1)",6787392,ns,"(16, 16, 32)",6787392.0,16,,,1015549820,cycle,1033187852,cycle,8112669059,warp,,8112669059.0
attn,zamba2,94,0.8703703703703703,108,2048,32,"void pytorch_flash::flash_fwd_kernel<Flash_fwd_kernel_traits<256, 128, 64, 8, 0, 0, cutlass::bfloat16_t, Flash_kernel_traits<256, 128, 64, 8, cutlass::bfloat16_t>>, 0, 1, 0, 0, 0, 0, 0, 0>(pytorch_flash::Flash_fwd_params)",18,16384,175,28,99.59878419452887,99.04770548003073,12.36307138291771,8192,88,99.03288201160542,14,0.9671179883945835,,256,16384,"(256, 1, 1)",14367872,ns,"(16, 32, 32)",14367872.0,14,,,2028603330,cycle,2048107344,cycle,16205374268,warp,,16205374268.0
attn,zamba2,94,0.8703703703703703,108,2048,64,"void pytorch_flash::flash_fwd_kernel<Flash_fwd_kernel_traits<256, 128, 64, 8, 0, 0, cutlass::bfloat16_t, Flash_kernel_traits<256, 128, 64, 8, cutlass::bfloat16_t>>, 0, 1, 0, 0, 0, 0, 0, 0>(pytorch_flash::Flash_fwd_params)",19,32768,349,56,99.88416753032982,99.43306915536365,12.410701468390215,16384,175,99.59878419452887,28,0.40121580547112234,,256,32768,"(256, 1, 1)",30367328,ns,"(16, 64, 32)",30367328.0,18,,,4055529349,cycle,4078652488,cycle,32396120590,warp,,32396120590.0
attn,zamba2,94,0.8703703703703703,108,4096,1,"void pytorch_flash::flash_fwd_kernel<Flash_fwd_kernel_traits<256, 128, 64, 8, 0, 0, cutlass::bfloat16_t, Flash_kernel_traits<256, 128, 64, 8, cutlass::bfloat16_t>>, 0, 1, 0, 0, 0, 0, 0, 0>(pytorch_flash::Flash_fwd_params)",18,1024,11,84,99.03288201160542,88.64902979696897,11.072662590806939,512,6,90.78014184397163,42,9.219858156028371,,256,1024,"(256, 1, 1)",1781760,ns,"(32, 1, 32)",1781760.0,12,,,239942533,cycle,270665718,cycle,1918073709,warp,,1918073709.0
attn,zamba2,94,0.8703703703703703,108,4096,4,"void pytorch_flash::flash_fwd_kernel<Flash_fwd_kernel_traits<256, 128, 64, 8, 0, 0, cutlass::bfloat16_t, Flash_kernel_traits<256, 128, 64, 8, cutlass::bfloat16_t>>, 0, 1, 0, 0, 0, 0, 0, 0>(pytorch_flash::Flash_fwd_params)",18,4096,44,54,99.03288201160542,96.78305082902916,12.088590732848028,2048,22,99.03288201160542,74,0.9671179883945835,,256,4096,"(256, 1, 1)",6484096,ns,"(32, 4, 32)",6484096.0,14,,,955297651,cycle,987050566,cycle,7636512208,warp,,7636512208.0
attn,zamba2,94,0.8703703703703703,108,4096,16,"void pytorch_flash::flash_fwd_kernel<Flash_fwd_kernel_traits<256, 128, 64, 8, 0, 0, cutlass::bfloat16_t, Flash_kernel_traits<256, 128, 64, 8, cutlass::bfloat16_t>>, 0, 1, 0, 0, 0, 0, 0, 0>(pytorch_flash::Flash_fwd_params)",18,16384,175,28,99.59878419452887,99.10886399069648,12.37908778826166,8192,88,99.03288201160542,14,0.9671179883945835,,256,16384,"(256, 1, 1)",30868704,ns,"(32, 16, 32)",30868704.0,5,,,3813557650,cycle,3847847202,cycle,30485016518,warp,,30485016518.0
attn,zamba2,94,0.8703703703703703,108,4096,32,"void pytorch_flash::flash_fwd_kernel<Flash_fwd_kernel_traits<256, 128, 64, 8, 0, 0, cutlass::bfloat16_t, Flash_kernel_traits<256, 128, 64, 8, cutlass::bfloat16_t>>, 0, 1, 0, 0, 0, 0, 0, 0>(pytorch_flash::Flash_fwd_params)",19,32768,349,56,99.88416753032982,99.50542030529411,12.428382218744078,16384,175,99.59878419452887,28,0.40121580547112234,,256,32768,"(256, 1, 1)",50527648,ns,"(32, 32, 32)",50527648.0,15,,,7632306849,cycle,7670242310,cycle,61010370009,warp,,61010370009.0
attn,zamba2,94,0.8703703703703703,108,4096,64,"void pytorch_flash::flash_fwd_kernel<Flash_fwd_kernel_traits<256, 128, 64, 8, 0, 0, cutlass::bfloat16_t, Flash_kernel_traits<256, 128, 64, 8, cutlass::bfloat16_t>>, 0, 1, 0, 0, 0, 0, 0, 0>(pytorch_flash::Flash_fwd_params)",29,65536,698,18,99.88416753032982,99.70954939582349,12.451611887982281,32768,349,99.88416753032982,56,0.11583246967018512,,256,65536,"(256, 1, 1)",101545408,ns,"(32, 64, 32)",101545408.0,16,,,15289640252,cycle,15334178466,cycle,122198552883,warp,,122198552883.0
attn,zamba2,94,0.8703703703703703,108,8192,1,"void pytorch_flash::flash_fwd_kernel<Flash_fwd_kernel_traits<256, 128, 64, 8, 0, 0, cutlass::bfloat16_t, Flash_kernel_traits<256, 128, 64, 8, cutlass::bfloat16_t>>, 0, 1, 0, 0, 0, 0, 0, 0>(pytorch_flash::Flash_fwd_params)",18,2048,22,74,99.03288201160542,93.95030470611385,11.739141511358248,1024,11,99.03288201160542,84,0.9671179883945835,,256,2048,"(256, 1, 1)",6485824,ns,"(64, 1, 32)",6485824.0,12,,,925421533,cycle,985011742,cycle,7400443027,warp,,7400443027.0
attn,zamba2,94,0.8703703703703703,108,8192,4,"void pytorch_flash::flash_fwd_kernel<Flash_fwd_kernel_traits<256, 128, 64, 8, 0, 0, cutlass::bfloat16_t, Flash_kernel_traits<256, 128, 64, 8, cutlass::bfloat16_t>>, 0, 1, 0, 0, 0, 0, 0, 0>(pytorch_flash::Flash_fwd_params)",18,8192,88,14,99.03288201160542,98.37589283104505,12.292099022114938,4096,44,99.03288201160542,54,0.9671179883945835,,256,8192,"(256, 1, 1)",24668832,ns,"(64, 4, 32)",24668832.0,17,,,3694252692,cycle,3755241844,cycle,29542274943,warp,,29542274943.0
attn,zamba2,94,0.8703703703703703,108,8192,16,"void pytorch_flash::flash_fwd_kernel<Flash_fwd_kernel_traits<256, 128, 64, 8, 0, 0, cutlass::bfloat16_t, Flash_kernel_traits<256, 128, 64, 8, cutlass::bfloat16_t>>, 0, 1, 0, 0, 0, 0, 0, 0>(pytorch_flash::Flash_fwd_params)",19,32768,349,56,99.88416753032982,99.55411929309156,12.439198126474038,16384,175,99.59878419452887,28,0.40121580547112234,,256,32768,"(256, 1, 1)",98093824,ns,"(64, 16, 32)",98093824.0,12,,,14774180750,cycle,14840351012,cycle,118145322563,warp,,118145322563.0
attn,zamba2,94,0.8703703703703703,108,8192,32,"void pytorch_flash::flash_fwd_kernel<Flash_fwd_kernel_traits<256, 128, 64, 8, 0, 0, cutlass::bfloat16_t, Flash_kernel_traits<256, 128, 64, 8, cutlass::bfloat16_t>>, 0, 1, 0, 0, 0, 0, 0, 0>(pytorch_flash::Flash_fwd_params)",29,65536,698,18,99.88416753032982,99.75344044585862,12.462930734910353,32768,349,99.88416753032982,56,0.11583246967018512,,256,65536,"(256, 1, 1)",197474496,ns,"(64, 32, 32)",197474496.0,16,,,29572759135,cycle,29645853820,cycle,236463502551,warp,,236463502551.0
attn,zamba2,94,0.8703703703703703,108,8192,64,"void pytorch_flash::flash_fwd_kernel<Flash_fwd_kernel_traits<256, 128, 64, 8, 0, 0, cutlass::bfloat16_t, Flash_kernel_traits<256, 128, 64, 8, cutlass::bfloat16_t>>, 0, 1, 0, 0, 0, 0, 0, 0>(pytorch_flash::Flash_fwd_params)",43,131072,1395,36,99.955769084115,99.85324589052165,12.475401204217519,65536,698,99.88416753032982,18,0.11583246967018512,,256,131072,"(256, 1, 1)",392265888,ns,"(64, 64, 32)",392265888.0,30,,,59143579655,cycle,59230502852,cycle,472911543428,warp,,472911543428.0
attn,zamba2,94,0.8703703703703703,108,16384,1,"void pytorch_flash::flash_fwd_kernel<Flash_fwd_kernel_traits<256, 128, 64, 8, 0, 0, cutlass::bfloat16_t, Flash_kernel_traits<256, 128, 64, 8, cutlass::bfloat16_t>>, 0, 1, 0, 0, 0, 0, 0, 0>(pytorch_flash::Flash_fwd_params)",18,4096,44,54,99.03288201160542,96.98694440654421,12.120920574594338,2048,22,99.03288201160542,74,0.9671179883945835,,256,4096,"(256, 1, 1)",30020064,ns,"(128, 1, 32)",30020064.0,6,,,3629296128,cycle,3742046056,cycle,29028507540,warp,,29028507540.0
attn,zamba2,94,0.8703703703703703,108,16384,4,"void pytorch_flash::flash_fwd_kernel<Flash_fwd_kernel_traits<256, 128, 64, 8, 0, 0, cutlass::bfloat16_t, Flash_kernel_traits<256, 128, 64, 8, cutlass::bfloat16_t>>, 0, 1, 0, 0, 0, 0, 0, 0>(pytorch_flash::Flash_fwd_params)",18,16384,175,28,99.59878419452887,99.21018814360605,12.398768413803355,8192,88,99.03288201160542,14,0.9671179883945835,,256,16384,"(256, 1, 1)",97561152,ns,"(128, 4, 32)",97561152.0,11,,,14504109659,cycle,14619576810,cycle,116009438192,warp,,116009438192.0
attn,zamba2,94,0.8703703703703703,108,16384,16,"void pytorch_flash::flash_fwd_kernel<Flash_fwd_kernel_traits<256, 128, 64, 8, 0, 0, cutlass::bfloat16_t, Flash_kernel_traits<256, 128, 64, 8, cutlass::bfloat16_t>>, 0, 1, 0, 0, 0, 0, 0, 0>(pytorch_flash::Flash_fwd_params)",29,65536,698,18,99.88416753032982,99.78236552917612,12.46961092192103,32768,349,99.88416753032982,56,0.11583246967018512,,256,65536,"(256, 1, 1)",393105696,ns,"(128, 16, 32)",393105696.0,18,,,58041016673,cycle,58167609442,cycle,464209573120,warp,,464209573120.0
attn,zamba2,94,0.8703703703703703,108,16384,32,"void pytorch_flash::flash_fwd_kernel<Flash_fwd_kernel_traits<256, 128, 64, 8, 0, 0, cutlass::bfloat16_t, Flash_kernel_traits<256, 128, 64, 8, cutlass::bfloat16_t>>, 0, 1, 0, 0, 0, 0, 0, 0>(pytorch_flash::Flash_fwd_params)",43,131072,1395,36,99.955769084115,99.87958679434122,12.4817604668305,65536,698,99.88416753032982,18,0.11583246967018512,,256,131072,"(256, 1, 1)",787082528,ns,"(128, 32, 32)",787082528.0,32,,,116079642183,cycle,116219585912,cycle,928400021061,warp,,928400021061.0
attn,zamba2,94,0.8703703703703703,108,16384,64,"void pytorch_flash::flash_fwd_kernel<Flash_fwd_kernel_traits<256, 128, 64, 8, 0, 0, cutlass::bfloat16_t, Flash_kernel_traits<256, 128, 64, 8, cutlass::bfloat16_t>>, 0, 1, 0, 0, 0, 0, 0, 0>(pytorch_flash::Flash_fwd_params)",71,262144,2789,72,99.99160837026922,99.9281094088584,12.487823201323055,131072,1395,99.955769084115,36,0.04423091588500183,,256,262144,"(256, 1, 1)",1575122240,ns,"(128, 64, 32)",1575122240.0,58,,,232156797473,cycle,232323816438,cycle,1856779996886,warp,,1856779996886.0
attn,zamba2,94,0.8703703703703703,108,32768,1,"void pytorch_flash::flash_fwd_kernel<Flash_fwd_kernel_traits<256, 128, 64, 8, 0, 0, cutlass::bfloat16_t, Flash_kernel_traits<256, 128, 64, 8, cutlass::bfloat16_t>>, 0, 1, 0, 0, 0, 0, 0, 0>(pytorch_flash::Flash_fwd_params)",18,8192,88,14,99.03288201160542,98.60783824091114,12.324718350795184,4096,44,99.03288201160542,54,0.9671179883945835,,256,8192,"(256, 1, 1)",115102880,ns,"(256, 1, 32)",115102880.0,5,,,14325690687,cycle,14527943156,cycle,114593796873,warp,,114593796873.0
attn,zamba2,94,0.8703703703703703,108,32768,4,"void pytorch_flash::flash_fwd_kernel<Flash_fwd_kernel_traits<256, 128, 64, 8, 0, 0, cutlass::bfloat16_t, Flash_kernel_traits<256, 128, 64, 8, cutlass::bfloat16_t>>, 0, 1, 0, 0, 0, 0, 0, 0>(pytorch_flash::Flash_fwd_params)",19,32768,349,56,99.88416753032982,99.63714414236313,12.453334773728955,16384,175,99.59878419452887,28,0.40121580547112234,,256,32768,"(256, 1, 1)",443472096,ns,"(256, 4, 32)",443472096.0,6,,,57272038407,cycle,57480610168,cycle,458128180109,warp,,458128180109.0
attn,zamba2,94,0.8703703703703703,108,32768,16,"void pytorch_flash::flash_fwd_kernel<Flash_fwd_kernel_traits<256, 128, 64, 8, 0, 0, cutlass::bfloat16_t, Flash_kernel_traits<256, 128, 64, 8, cutlass::bfloat16_t>>, 0, 1, 0, 0, 0, 0, 0, 0>(pytorch_flash::Flash_fwd_params)",43,131072,1395,36,99.955769084115,99.89974796130889,12.485853148359553,65536,698,99.88416753032982,18,0.11583246967018512,,256,131072,"(256, 1, 1)",1613646240,ns,"(256, 16, 32)",1613646240.0,34,,,229101511663,cycle,229331421088,cycle,1832575005446,warp,,1832575005446.0
attn,zamba2,94,0.8703703703703703,108,32768,32,"void pytorch_flash::flash_fwd_kernel<Flash_fwd_kernel_traits<256, 128, 64, 8, 0, 0, cutlass::bfloat16_t, Flash_kernel_traits<256, 128, 64, 8, cutlass::bfloat16_t>>, 0, 1, 0, 0, 0, 0, 0, 0>(pytorch_flash::Flash_fwd_params)",71,262144,2789,72,99.99160837026922,99.94424759866725,12.491414464146581,131072,1395,99.955769084115,36,0.04423091588500183,,256,262144,"(256, 1, 1)",3235281792,ns,"(256, 32, 32)",3235281792.0,69,,,458194733124,cycle,458450330192,cycle,3665083574818,warp,,3665083574818.0
,,94,0.8703703703703703,108,32768,64,,,,,,,,,262144,2789,99.99160837026922,72,0.008391629730786221,ncu exit code 1,,,,,,,,,,"==WARNING== Note: Running with unmodified GPU clocks. If not controlled otherwise, profiling results may be inconsistent.
==PROF== Connected to process 1005641 (/apps/applications/Miniconda/25.11.1/envs/pytorch_2.9.1_cuda13/bin/python3.14)
==PROF== Disconnected from process 1005641
==ERROR== The application returned an error code (1).
""ID"",""Process ID"",""Process Name"",""Host Name"",""Kernel Name"",""Context"",""Stream"",""Block Size"",""Grid Size"",""Device"",""CC"",""Section Name"",""Metric Name"",""Metric Unit"",""Metric Value""
""0"",""1005641"",""python3.14"",""127.0.0.1"",""void unnamed>::distribution_elementwise_grid_stride_kernel<float, 4, void normal_and_transform<BFloat16, float, CUDAGeneratorImpl *, void normal_kernel<CUDAGeneratorImpl *>(const TensorBase &, double, double, T1)::[lambda() (instance 1)]::operator ()() lambda() (instance 4)]::operator ()() lambda(float) (instance 1)]>(TensorIteratorBase &, T3, T4)::[lambda(curandStatePhilox4_32_10 *) (instance 2)], void unnamed>::distribution_nullary_kernel<BFl",,,,,,,"/apps/applications/Miniconda/25.11.1/envs/pytorch_2.9.1_cuda13/lib/python3.14/site-packages/torch/cuda/__init__.py:63: FutureWarning: The pynvml package is deprecated. Please install nvidia-ml-py instead. If you did not install pynvml directly, please report this to the maintainers of the package that installed pynvml for you.
  import pynvml  # type: ignore[import]
Traceback (most recent call last):
  File ""/scratch/ehmoon/whlee/prefill-layer-alloc/stage1_sm_scaling/../src/profiling/_ncu_target.py"", line 190, in <module>
    main()
    ~~~~^^
  File ""/scratch/ehmoon/whlee/prefill-layer-alloc/stage1_sm_scaling/../src/profiling/_ncu_target.py"", line 97, in main
    kv_cache = torch.randn(
        args.batch_size, total_kv_len, 2, n_kv_heads, head_dim,
        device=""cuda"", dtype=dtype
    )
torch.OutOfMemoryError: CUDA out of memory. Tried to allocate 56.00 GiB. GPU 0 has a total capacity of 79.25 GiB of which 50.69 GiB is free. Including non-PyTorch memory, this process has 28.55 GiB ",
attn,zamba2,108,1.0,108,256,1,"void pytorch_flash::flash_fwd_splitkv_kernel<Flash_fwd_kernel_traits<256, 64, 64, 4, 0, 0, cutlass::bfloat16_t, Flash_kernel_traits<256, 64, 64, 4, cutlass::bfloat16_t>>, 1, 0, 0, 0, 0, 0, 1, 0>(pytorch_flash::Flash_fwd_params)",31,512,5,80,94.81481481481482,79.08859920752953,4.923450129251163,32,1,29.629629629629626,32,70.37037037037037,,128,512,"(128, 1, 1)",39808,ns,"(4, 4, 32)",39808.0,25,,,4764854,cycle,6024704,cycle,18983891,warp,,18983891.0
attn,zamba2,108,1.0,108,256,4,"void at::<unnamed>::CatArrayBatchedCopy<at::<unnamed>::OpaqueType<2>, unsigned int, 3, 64, 64>(T1 *, at::<unnamed>::CatArrInputTensorMetadata<T1, T2, T4, T5>, at::<unnamed>::TensorSizeStride<T2, 4>, int, T2)",18,432,4,108,100.0,95.88769421516108,76.29461764679631,128,2,59.25925925925925,20,40.74074074074075,,512,432,"(512, 1, 1)",87104,ns,"(216, 2, 1)",87104.0,4,,,12677220,cycle,13220904,cycle,645557642,warp,,645557642.0
attn,zamba2,108,1.0,108,256,16,"void at::<unnamed>::CatArrayBatchedCopy<at::<unnamed>::OpaqueType<2>, unsigned int, 3, 64, 64>(T1 *, at::<unnamed>::CatArrInputTensorMetadata<T1, T2, T4, T5>, at::<unnamed>::TensorSizeStride<T2, 4>, int, T2)",18,432,4,108,100.0,98.24545880295052,82.27833396264823,512,5,94.81481481481482,80,5.185185185185182,,512,432,"(512, 1, 1)",327072,ns,"(216, 2, 1)",327072.0,4,,,48832754,cycle,49704846,cycle,2617364428,warp,,2617364428.0
attn,zamba2,108,1.0,108,256,32,"void at::<unnamed>::CatArrayBatchedCopy<at::<unnamed>::OpaqueType<2>, unsigned int, 3, 64, 64>(T1 *, at::<unnamed>::CatArrInputTensorMetadata<T1, T2, T4, T5>, at::<unnamed>::TensorSizeStride<T2, 4>, int, T2)",18,432,4,108,100.0,98.84094642349729,83.9932992328143,1024,10,94.81481481481482,52,5.185185185185182,,512,432,"(512, 1, 1)",645760,ns,"(216, 2, 1)",645760.0,4,,,97007265,cycle,98144816,cycle,5275844415,warp,,5275844415.0
attn,zamba2,108,1.0,108,256,64,"void at::<unnamed>::CatArrayBatchedCopy<at::<unnamed>::OpaqueType<2>, unsigned int, 3, 64, 64>(T1 *, at::<unnamed>::CatArrInputTensorMetadata<T1, T2, T4, T5>, at::<unnamed>::TensorSizeStride<T2, 4>, int, T2)",18,432,4,108,100.0,98.99485901285094,84.80781604010922,2048,19,99.80506822612085,104,0.19493177387914784,,512,432,"(512, 1, 1)",1288512,ns,"(216, 2, 1)",1288512.0,4,,,194005761,cycle,195975592,cycle,10636967651,warp,,10636967651.0
attn,zamba2,108,1.0,108,512,1,"void at::<unnamed>::CatArrayBatchedCopy<at::<unnamed>::OpaqueType<2>, unsigned int, 3, 64, 64>(T1 *, at::<unnamed>::CatArrInputTensorMetadata<T1, T2, T4, T5>, at::<unnamed>::TensorSizeStride<T2, 4>, int, T2)",18,432,4,108,100.0,93.17206895188909,71.58497468660623,64,1,59.25925925925925,64,40.74074074074075,,512,432,"(512, 1, 1)",46400,ns,"(216, 2, 1)",46400.0,4,,,6553837,cycle,7034122,cycle,322263965,warp,,322263965.0
attn,zamba2,108,1.0,108,512,4,"void at::<unnamed>::CatArrayBatchedCopy<at::<unnamed>::OpaqueType<2>, unsigned int, 3, 64, 64>(T1 *, at::<unnamed>::CatArrInputTensorMetadata<T1, T2, T4, T5>, at::<unnamed>::TensorSizeStride<T2, 4>, int, T2)",18,432,4,108,100.0,97.45979639607205,80.10626733902124,256,3,79.01234567901234,40,20.98765432098766,,512,432,"(512, 1, 1)",166752,ns,"(216, 2, 1)",166752.0,4,,,24699359,cycle,25343126,cycle,1299291665,warp,,1299291665.0
attn,zamba2,108,1.0,108,512,16,"void at::<unnamed>::CatArrayBatchedCopy<at::<unnamed>::OpaqueType<2>, unsigned int, 3, 64, 64>(T1 *, at::<unnamed>::CatArrInputTensorMetadata<T1, T2, T4, T5>, at::<unnamed>::TensorSizeStride<T2, 4>, int, T2)",18,432,4,108,100.0,98.4237386830122,83.58877913799626,1024,10,94.81481481481482,52,5.185185185185182,,512,432,"(512, 1, 1)",648064,ns,"(216, 2, 1)",648064.0,4,,,97102337,cycle,98657436,cycle,5277858962,warp,,5277858962.0
attn,zamba2,108,1.0,108,512,32,"void at::<unnamed>::CatArrayBatchedCopy<at::<unnamed>::OpaqueType<2>, unsigned int, 3, 64, 64>(T1 *, at::<unnamed>::CatArrInputTensorMetadata<T1, T2, T4, T5>, at::<unnamed>::TensorSizeStride<T2, 4>, int, T2)",18,432,4,108,100.0,99.04390883479165,84.86564049398905,2048,19,99.80506822612085,104,0.19493177387914784,,512,432,"(512, 1, 1)",1287232,ns,"(216, 2, 1)",1287232.0,4,,,193916112,cycle,195788024,cycle,10634032677,warp,,10634032677.0
attn,zamba2,108,1.0,108,512,64,"void at::<unnamed>::CatArrayBatchedCopy<at::<unnamed>::OpaqueType<2>, unsigned int, 3, 64, 64>(T1 *, at::<unnamed>::CatArrInputTensorMetadata<T1, T2, T4, T5>, at::<unnamed>::TensorSizeStride<T2, 4>, int, T2)",18,432,4,108,100.0,99.30552842997315,85.61070497337305,4096,38,99.80506822612085,100,0.19493177387914784,,512,432,"(512, 1, 1)",2569568,ns,"(216, 2, 1)",2569568.0,4,,,388112045,cycle,390826222,cycle,21413701368,warp,,21413701368.0
attn,zamba2,108,1.0,108,1024,1,"void pytorch_flash::flash_fwd_kernel<Flash_fwd_kernel_traits<256, 128, 64, 8, 0, 0, cutlass::bfloat16_t, Flash_kernel_traits<256, 128, 64, 8, cutlass::bfloat16_t>>, 0, 1, 0, 0, 0, 0, 0, 0>(pytorch_flash::Flash_fwd_params)",18,256,3,40,79.01234567901234,70.03159239845444,8.73298120532919,128,2,59.25925925925925,20,40.74074074074075,,256,256,"(256, 1, 1)",177728,ns,"(8, 1, 32)",177728.0,14,,,18916183,cycle,27010928,cycle,150966993,warp,,150966993.0
attn,zamba2,108,1.0,108,1024,4,"void pytorch_flash::flash_fwd_kernel<Flash_fwd_kernel_traits<256, 128, 64, 8, 0, 0, cutlass::bfloat16_t, Flash_kernel_traits<256, 128, 64, 8, cutlass::bfloat16_t>>, 0, 1, 0, 0, 0, 0, 0, 0>(pytorch_flash::Flash_fwd_params)",18,1024,10,52,94.81481481481482,89.4566788284452,11.153717233394444,512,5,94.81481481481482,80,5.185185185185182,,256,1024,"(256, 1, 1)",530272,ns,"(8, 4, 32)",530272.0,12,,,72186965,cycle,80694886,cycle,576030682,warp,,576030682.0
attn,zamba2,108,1.0,108,1024,16,"void pytorch_flash::flash_fwd_kernel<Flash_fwd_kernel_traits<256, 128, 64, 8, 0, 0, cutlass::bfloat16_t, Flash_kernel_traits<256, 128, 64, 8, cutlass::bfloat16_t>>, 0, 1, 0, 0, 0, 0, 0, 0>(pytorch_flash::Flash_fwd_params)",18,4096,38,100,99.80506822612085,96.91479658024363,12.083204615909105,2048,19,99.80506822612085,104,0.19493177387914784,,256,4096,"(256, 1, 1)",1934208,ns,"(8, 16, 32)",1934208.0,15,,,285330233,cycle,294413488,cycle,2276773387,warp,,2276773387.0
attn,zamba2,108,1.0,108,1024,32,"void pytorch_flash::flash_fwd_kernel<Flash_fwd_kernel_traits<256, 128, 64, 8, 0, 0, cutlass::bfloat16_t, Flash_kernel_traits<256, 128, 64, 8, cutlass::bfloat16_t>>, 0, 1, 0, 0, 0, 0, 0, 0>(pytorch_flash::Flash_fwd_params)",18,8192,76,92,99.80506822612085,98.27302787214094,12.25250234714925,4096,38,99.80506822612085,100,0.19493177387914784,,256,8192,"(256, 1, 1)",3813120,ns,"(8, 32, 32)",3813120.0,14,,,569431281,cycle,579438014,cycle,4543722001,warp,,4543722001.0
attn,zamba2,108,1.0,108,1024,64,"void pytorch_flash::flash_fwd_kernel<Flash_fwd_kernel_traits<256, 128, 64, 8, 0, 0, cutlass::bfloat16_t, Flash_kernel_traits<256, 128, 64, 8, cutlass::bfloat16_t>>, 0, 1, 0, 0, 0, 0, 0, 0>(pytorch_flash::Flash_fwd_params)",18,16384,152,76,99.80506822612085,98.97585826705416,12.340089502821135,8192,76,99.80506822612085,92,0.19493177387914784,,256,16384,"(256, 1, 1)",7548768,ns,"(8, 64, 32)",7548768.0,16,,,1137386224,cycle,1149155202,cycle,9075633949,warp,,9075633949.0
attn,zamba2,108,1.0,108,2048,1,"void pytorch_flash::flash_fwd_kernel<Flash_fwd_kernel_traits<256, 128, 64, 8, 0, 0, cutlass::bfloat16_t, Flash_kernel_traits<256, 128, 64, 8, cutlass::bfloat16_t>>, 0, 1, 0, 0, 0, 0, 0, 0>(pytorch_flash::Flash_fwd_params)",18,512,5,80,94.81481481481482,80.09482321641576,9.997687630130883,256,3,79.01234567901234,40,20.98765432098766,,256,512,"(256, 1, 1)",531744,ns,"(16, 1, 32)",531744.0,14,,,64679993,cycle,80754274,cycle,516707844,warp,,516707844.0
attn,zamba2,108,1.0,108,2048,4,"void pytorch_flash::flash_fwd_kernel<Flash_fwd_kernel_traits<256, 128, 64, 8, 0, 0, cutlass::bfloat16_t, Flash_kernel_traits<256, 128, 64, 8, cutlass::bfloat16_t>>, 0, 1, 0, 0, 0, 0, 0, 0>(pytorch_flash::Flash_fwd_params)",18,2048,19,104,99.80506822612085,93.96234124106287,11.72843235420326,1024,10,94.81481481481482,52,5.185185185185182,,256,2048,"(256, 1, 1)",1785280,ns,"(16, 4, 32)",1785280.0,13,,,254825285,cycle,271199378,cycle,2035675878,warp,,2035675878.0
attn,zamba2,108,1.0,108,2048,16,"void pytorch_flash::flash_fwd_kernel<Flash_fwd_kernel_traits<256, 128, 64, 8, 0, 0, cutlass::bfloat16_t, Flash_kernel_traits<256, 128, 64, 8, cutlass::bfloat16_t>>, 0, 1, 0, 0, 0, 0, 0, 0>(pytorch_flash::Flash_fwd_params)",18,8192,76,92,99.80506822612085,98.28425053769877,12.26781085822447,4096,38,99.80506822612085,100,0.19493177387914784,,256,8192,"(256, 1, 1)",6788480,ns,"(16, 16, 32)",6788480.0,5,,,1015665954,cycle,1033396448,cycle,8113607786,warp,,8113607786.0
attn,zamba2,108,1.0,108,2048,32,"void pytorch_flash::flash_fwd_kernel<Flash_fwd_kernel_traits<256, 128, 64, 8, 0, 0, cutlass::bfloat16_t, Flash_kernel_traits<256, 128, 64, 8, cutlass::bfloat16_t>>, 0, 1, 0, 0, 0, 0, 0, 0>(pytorch_flash::Flash_fwd_params)",18,16384,152,76,99.80506822612085,99.04814813420549,12.363140221568083,8192,76,99.80506822612085,92,0.19493177387914784,,256,16384,"(256, 1, 1)",13461568,ns,"(16, 32, 32)",13461568.0,14,,,2029629674,cycle,2049134398,cycle,16213590973,warp,,16213590973.0
attn,zamba2,108,1.0,108,2048,64,"void pytorch_flash::flash_fwd_kernel<Flash_fwd_kernel_traits<256, 128, 64, 8, 0, 0, cutlass::bfloat16_t, Flash_kernel_traits<256, 128, 64, 8, cutlass::bfloat16_t>>, 0, 1, 0, 0, 0, 0, 0, 0>(pytorch_flash::Flash_fwd_params)",19,32768,304,44,99.80506822612085,99.43870878490722,12.411405853880032,16384,152,99.80506822612085,76,0.19493177387914784,,256,32768,"(256, 1, 1)",28984000,ns,"(16, 64, 32)",28984000.0,6,,,4057439542,cycle,4080342144,cycle,32411380718,warp,,32411380718.0
attn,zamba2,108,1.0,108,4096,1,"void pytorch_flash::flash_fwd_kernel<Flash_fwd_kernel_traits<256, 128, 64, 8, 0, 0, cutlass::bfloat16_t, Flash_kernel_traits<256, 128, 64, 8, cutlass::bfloat16_t>>, 0, 1, 0, 0, 0, 0, 0, 0>(pytorch_flash::Flash_fwd_params)",18,1024,10,52,94.81481481481482,88.56307505049877,11.061923397805133,512,5,94.81481481481482,80,5.185185185185182,,256,1024,"(256, 1, 1)",1779712,ns,"(32, 1, 32)",1779712.0,16,,,239893414,cycle,270872950,cycle,1917680527,warp,,1917680527.0
attn,zamba2,108,1.0,108,4096,4,"void pytorch_flash::flash_fwd_kernel<Flash_fwd_kernel_traits<256, 128, 64, 8, 0, 0, cutlass::bfloat16_t, Flash_kernel_traits<256, 128, 64, 8, cutlass::bfloat16_t>>, 0, 1, 0, 0, 0, 0, 0, 0>(pytorch_flash::Flash_fwd_params)",18,4096,38,100,99.80506822612085,96.78314313322393,12.088613473853451,2048,19,99.80506822612085,104,0.19493177387914784,,256,4096,"(256, 1, 1)",6484032,ns,"(32, 4, 32)",6484032.0,16,,,955235504,cycle,986985412,cycle,7636022496,warp,,7636022496.0
attn,zamba2,108,1.0,108,4096,16,"void pytorch_flash::flash_fwd_kernel<Flash_fwd_kernel_traits<256, 128, 64, 8, 0, 0, cutlass::bfloat16_t, Flash_kernel_traits<256, 128, 64, 8, cutlass::bfloat16_t>>, 0, 1, 0, 0, 0, 0, 0, 0>(pytorch_flash::Flash_fwd_params)",18,16384,152,76,99.80506822612085,99.10525712048849,12.37863464353567,8192,76,99.80506822612085,92,0.19493177387914784,,256,16384,"(256, 1, 1)",26818656,ns,"(32, 16, 32)",26818656.0,5,,,3815601926,cycle,3850049974,cycle,30501351672,warp,,30501351672.0
attn,zamba2,108,1.0,108,4096,32,"void pytorch_flash::flash_fwd_kernel<Flash_fwd_kernel_traits<256, 128, 64, 8, 0, 0, cutlass::bfloat16_t, Flash_kernel_traits<256, 128, 64, 8, cutlass::bfloat16_t>>, 0, 1, 0, 0, 0, 0, 0, 0>(pytorch_flash::Flash_fwd_params)",19,32768,304,44,99.80506822612085,99.5077202419226,12.428666914035755,16384,152,99.80506822612085,76,0.19493177387914784,,256,32768,"(256, 1, 1)",50385824,ns,"(32, 32, 32)",50385824.0,13,,,7632278033,cycle,7670036068,cycle,61010127045,warp,,61010127045.0
attn,zamba2,108,1.0,108,4096,64,"void pytorch_flash::flash_fwd_kernel<Flash_fwd_kernel_traits<256, 128, 64, 8, 0, 0, cutlass::bfloat16_t, Flash_kernel_traits<256, 128, 64, 8, cutlass::bfloat16_t>>, 0, 1, 0, 0, 0, 0, 0, 0>(pytorch_flash::Flash_fwd_params)",29,65536,607,88,99.96949173225944,99.70853186125849,12.451488296293887,32768,304,99.80506822612085,44,0.19493177387914784,,256,65536,"(256, 1, 1)",101291744,ns,"(32, 64, 32)",101291744.0,16,,,15289662257,cycle,15334357022,cycle,122198762874,warp,,122198762874.0
attn,zamba2,108,1.0,108,8192,1,"void pytorch_flash::flash_fwd_kernel<Flash_fwd_kernel_traits<256, 128, 64, 8, 0, 0, cutlass::bfloat16_t, Flash_kernel_traits<256, 128, 64, 8, cutlass::bfloat16_t>>, 0, 1, 0, 0, 0, 0, 0, 0>(pytorch_flash::Flash_fwd_params)",18,2048,19,104,99.80506822612085,93.94529613599587,11.738519092177134,1024,10,94.81481481481482,52,5.185185185185182,,256,2048,"(256, 1, 1)",6472544,ns,"(64, 1, 32)",6472544.0,17,,,925440267,cycle,985084198,cycle,7400594986,warp,,7400594986.0
attn,zamba2,108,1.0,108,8192,4,"void pytorch_flash::flash_fwd_kernel<Flash_fwd_kernel_traits<256, 128, 64, 8, 0, 0, cutlass::bfloat16_t, Flash_kernel_traits<256, 128, 64, 8, cutlass::bfloat16_t>>, 0, 1, 0, 0, 0, 0, 0, 0>(pytorch_flash::Flash_fwd_params)",18,8192,76,92,99.80506822612085,98.36729392287981,12.291034108072946,4096,38,99.80506822612085,100,0.19493177387914784,,256,8192,"(256, 1, 1)",28266400,ns,"(64, 4, 32)",28266400.0,10,,,3693411782,cycle,3754715246,cycle,29535573219,warp,,29535573219.0
attn,zamba2,108,1.0,108,8192,16,"void pytorch_flash::flash_fwd_kernel<Flash_fwd_kernel_traits<256, 128, 64, 8, 0, 0, cutlass::bfloat16_t, Flash_kernel_traits<256, 128, 64, 8, cutlass::bfloat16_t>>, 0, 1, 0, 0, 0, 0, 0, 0>(pytorch_flash::Flash_fwd_params)",19,32768,304,44,99.80506822612085,99.5512606780338,12.438842334457505,16384,152,99.80506822612085,76,0.19493177387914784,,256,32768,"(256, 1, 1)",98021120,ns,"(64, 16, 32)",98021120.0,11,,,14773919244,cycle,14840514468,cycle,118143244563,warp,,118143244563.0
attn,zamba2,108,1.0,108,8192,32,"void pytorch_flash::flash_fwd_kernel<Flash_fwd_kernel_traits<256, 128, 64, 8, 0, 0, cutlass::bfloat16_t, Flash_kernel_traits<256, 128, 64, 8, cutlass::bfloat16_t>>, 0, 1, 0, 0, 0, 0, 0, 0>(pytorch_flash::Flash_fwd_params)",29,65536,607,88,99.96949173225944,99.75294443179472,12.46286805009478,32768,304,99.80506822612085,44,0.19493177387914784,,256,65536,"(256, 1, 1)",197301408,ns,"(64, 32, 32)",197301408.0,16,,,29572520592,cycle,29645762098,cycle,236461581614,warp,,236461581614.0
attn,zamba2,108,1.0,108,8192,64,"void pytorch_flash::flash_fwd_kernel<Flash_fwd_kernel_traits<256, 128, 64, 8, 0, 0, cutlass::bfloat16_t, Flash_kernel_traits<256, 128, 64, 8, cutlass::bfloat16_t>>, 0, 1, 0, 0, 0, 0, 0, 0>(pytorch_flash::Flash_fwd_params)",43,131072,1214,68,99.96949173225944,99.85322923521707,12.47539959714022,65536,607,99.96949173225944,88,0.030508267740558814,,256,131072,"(256, 1, 1)",392462464,ns,"(64, 64, 32)",392462464.0,30,,,59143966411,cycle,59230900056,cycle,472914653886,warp,,472914653886.0
attn,zamba2,108,1.0,108,16384,1,"void pytorch_flash::flash_fwd_kernel<Flash_fwd_kernel_traits<256, 128, 64, 8, 0, 0, cutlass::bfloat16_t, Flash_kernel_traits<256, 128, 64, 8, cutlass::bfloat16_t>>, 0, 1, 0, 0, 0, 0, 0, 0>(pytorch_flash::Flash_fwd_params)",18,4096,38,100,99.80506822612085,96.98487635084382,12.120661858190655,2048,19,99.80506822612085,104,0.19493177387914784,,256,4096,"(256, 1, 1)",30020256,ns,"(128, 1, 32)",30020256.0,14,,,3629433205,cycle,3742267188,cycle,29029603308,warp,,29029603308.0
attn,zamba2,108,1.0,108,16384,4,"void pytorch_flash::flash_fwd_kernel<Flash_fwd_kernel_traits<256, 128, 64, 8, 0, 0, cutlass::bfloat16_t, Flash_kernel_traits<256, 128, 64, 8, cutlass::bfloat16_t>>, 0, 1, 0, 0, 0, 0, 0, 0>(pytorch_flash::Flash_fwd_params)",18,16384,152,76,99.80506822612085,99.21401503150639,12.39924481758748,8192,76,99.80506822612085,92,0.19493177387914784,,256,16384,"(256, 1, 1)",97063456,ns,"(128, 4, 32)",97063456.0,15,,,14504449851,cycle,14619355790,cycle,116012141770,warp,,116012141770.0
attn,zamba2,108,1.0,108,16384,16,"void pytorch_flash::flash_fwd_kernel<Flash_fwd_kernel_traits<256, 128, 64, 8, 0, 0, cutlass::bfloat16_t, Flash_kernel_traits<256, 128, 64, 8, cutlass::bfloat16_t>>, 0, 1, 0, 0, 0, 0, 0, 0>(pytorch_flash::Flash_fwd_params)",29,65536,607,88,99.96949173225944,99.78328208530182,12.469725075374294,32768,304,99.80506822612085,44,0.19493177387914784,,256,65536,"(256, 1, 1)",389853952,ns,"(128, 16, 32)",389853952.0,25,,,58040523417,cycle,58166580818,cycle,464205613680,warp,,464205613680.0
attn,zamba2,108,1.0,108,16384,32,"void pytorch_flash::flash_fwd_kernel<Flash_fwd_kernel_traits<256, 128, 64, 8, 0, 0, cutlass::bfloat16_t, Flash_kernel_traits<256, 128, 64, 8, cutlass::bfloat16_t>>, 0, 1, 0, 0, 0, 0, 0, 0>(pytorch_flash::Flash_fwd_params)",43,131072,1214,68,99.96949173225944,99.88007049064804,12.481820240829851,65536,607,99.96949173225944,88,0.030508267740558814,,256,131072,"(256, 1, 1)",781123456,ns,"(128, 32, 32)",781123456.0,30,,,116079915214,cycle,116219296446,cycle,928402154723,warp,,928402154723.0
attn,zamba2,108,1.0,108,16384,64,"void pytorch_flash::flash_fwd_kernel<Flash_fwd_kernel_traits<256, 128, 64, 8, 0, 0, cutlass::bfloat16_t, Flash_kernel_traits<256, 128, 64, 8, cutlass::bfloat16_t>>, 0, 1, 0, 0, 0, 0, 0, 0>(pytorch_flash::Flash_fwd_params)",71,262144,2428,28,99.96949173225944,99.92806018793556,12.487817810503946,131072,1214,99.96949173225944,68,0.030508267740558814,,256,262144,"(256, 1, 1)",1581903520,ns,"(128, 64, 32)",1581903520.0,62,,,232154764944,cycle,232321896880,cycle,1856763853842,warp,,1856763853842.0
attn,zamba2,108,1.0,108,32768,1,"void pytorch_flash::flash_fwd_kernel<Flash_fwd_kernel_traits<256, 128, 64, 8, 0, 0, cutlass::bfloat16_t, Flash_kernel_traits<256, 128, 64, 8, cutlass::bfloat16_t>>, 0, 1, 0, 0, 0, 0, 0, 0>(pytorch_flash::Flash_fwd_params)",18,8192,76,92,99.80506822612085,98.60169297660988,12.323951520431956,4096,38,99.80506822612085,100,0.19493177387914784,,256,8192,"(256, 1, 1)",116494656,ns,"(256, 1, 32)",116494656.0,6,,,14325346337,cycle,14528499364,cycle,114591053969,warp,,114591053969.0
attn,zamba2,108,1.0,108,32768,4,"void pytorch_flash::flash_fwd_kernel<Flash_fwd_kernel_traits<256, 128, 64, 8, 0, 0, cutlass::bfloat16_t, Flash_kernel_traits<256, 128, 64, 8, cutlass::bfloat16_t>>, 0, 1, 0, 0, 0, 0, 0, 0>(pytorch_flash::Flash_fwd_params)",19,32768,304,44,99.80506822612085,99.63700879544535,12.45331839515663,16384,152,99.80506822612085,76,0.19493177387914784,,256,32768,"(256, 1, 1)",430718304,ns,"(256, 4, 32)",430718304.0,6,,,57270481599,cycle,57479125770,cycle,458115746745,warp,,458115746745.0
attn,zamba2,108,1.0,108,32768,16,"void pytorch_flash::flash_fwd_kernel<Flash_fwd_kernel_traits<256, 128, 64, 8, 0, 0, cutlass::bfloat16_t, Flash_kernel_traits<256, 128, 64, 8, cutlass::bfloat16_t>>, 0, 1, 0, 0, 0, 0, 0, 0>(pytorch_flash::Flash_fwd_params)",43,131072,1214,68,99.96949173225944,99.90024747768055,12.485915316816659,65536,607,99.96949173225944,88,0.030508267740558814,,256,131072,"(256, 1, 1)",1608697056,ns,"(256, 16, 32)",1608697056.0,35,,,229104948593,cycle,229333714758,cycle,1832602458726,warp,,1832602458726.0
attn,zamba2,108,1.0,108,32768,32,"void pytorch_flash::flash_fwd_kernel<Flash_fwd_kernel_traits<256, 128, 64, 8, 0, 0, cutlass::bfloat16_t, Flash_kernel_traits<256, 128, 64, 8, cutlass::bfloat16_t>>, 0, 1, 0, 0, 0, 0, 0, 0>(pytorch_flash::Flash_fwd_params)",71,262144,2428,28,99.96949173225944,99.94413641256422,12.491400603682319,131072,1214,99.96949173225944,68,0.030508267740558814,,256,262144,"(256, 1, 1)",3255699488,ns,"(256, 32, 32)",3255699488.0,67,,,458194869146,cycle,458450976308,cycle,3665084673416,warp,,3665084673416.0
,,108,1.0,108,32768,64,,,,,,,,,262144,2428,99.96949173225944,28,0.030508267740558814,ncu exit code 1,,,,,,,,,,"==WARNING== Note: Running with unmodified GPU clocks. If not controlled otherwise, profiling results may be inconsistent.
==PROF== Connected to process 1014121 (/apps/applications/Miniconda/25.11.1/envs/pytorch_2.9.1_cuda13/bin/python3.14)
==PROF== Disconnected from process 1014121
==ERROR== The application returned an error code (1).
""ID"",""Process ID"",""Process Name"",""Host Name"",""Kernel Name"",""Context"",""Stream"",""Block Size"",""Grid Size"",""Device"",""CC"",""Section Name"",""Metric Name"",""Metric Unit"",""Metric Value""
""0"",""1014121"",""python3.14"",""127.0.0.1"",""void unnamed>::distribution_elementwise_grid_stride_kernel<float, 4, void normal_and_transform<BFloat16, float, CUDAGeneratorImpl *, void normal_kernel<CUDAGeneratorImpl *>(const TensorBase &, double, double, T1)::[lambda() (instance 1)]::operator ()() lambda() (instance 4)]::operator ()() lambda(float) (instance 1)]>(TensorIteratorBase &, T3, T4)::[lambda(curandStatePhilox4_32_10 *) (instance 2)], void unnamed>::distribution_nullary_kernel<BFl",,,,,,,"/apps/applications/Miniconda/25.11.1/envs/pytorch_2.9.1_cuda13/lib/python3.14/site-packages/torch/cuda/__init__.py:63: FutureWarning: The pynvml package is deprecated. Please install nvidia-ml-py instead. If you did not install pynvml directly, please report this to the maintainers of the package that installed pynvml for you.
  import pynvml  # type: ignore[import]
Traceback (most recent call last):
  File ""/scratch/ehmoon/whlee/prefill-layer-alloc/stage1_sm_scaling/../src/profiling/_ncu_target.py"", line 190, in <module>
    main()
    ~~~~^^
  File ""/scratch/ehmoon/whlee/prefill-layer-alloc/stage1_sm_scaling/../src/profiling/_ncu_target.py"", line 97, in main
    kv_cache = torch.randn(
        args.batch_size, total_kv_len, 2, n_kv_heads, head_dim,
        device=""cuda"", dtype=dtype
    )
torch.OutOfMemoryError: CUDA out of memory. Tried to allocate 56.00 GiB. GPU 0 has a total capacity of 79.25 GiB of which 50.69 GiB is free. Including non-PyTorch memory, this process has 28.55 GiB ",
