layer_type,model,sm_count,sm_ratio,total_sm,seq_len,batch_size,kernel_name,n_kernels_captured,grid_size,n_waves,last_wave_blocks,wave_efficiency_pct,sm_util_per_sm_pct,achieved_occupancy_pct,analytical_n_blocks,analytical_n_waves,analytical_wave_eff_pct,analytical_last_wave_blocks,analytical_wasted_sm_pct,error,_block_size_parsed,_grid_size_parsed,block_size_raw,gpu__time_duration.sum,gpu__time_duration.sum.unit,grid_size_raw,kernel_duration_ns,kernel_id,kernel_time_ns,ncu_stdout,sm__cycles_active.sum,sm__cycles_active.sum.unit,sm__cycles_elapsed.sum,sm__cycles_elapsed.sum.unit,smsp__warps_active.sum,smsp__warps_active.sum.unit,stderr,warps_active
mlp,zamba2,14,0.12962962962962962,108,256,1,ampere_bf16_s16816gemm_bf16_256x128_ldg8_f2f_stages_64x3_tn,40,84,6,14,100.0,72.27052982396933,8.99933072873632,64,5,91.42857142857143,8,8.571428571428575,,256,84,"(256, 1, 1)",136128,ns,"(14, 2, 3)",136128.0,21,,,14921757,cycle,20647084,cycle,118918360,warp,,118918360.0
mlp,zamba2,14,0.12962962962962962,108,256,4,ampere_bf16_s16816gemm_bf16_128x256_ldg8_f2f_stages_64x3_tn,40,560,40,14,100.0,86.72861816536495,10.783110817087998,256,19,96.2406015037594,4,3.759398496240607,,256,560,"(256, 1, 1)",460768,ns,"(28, 4, 5)",460768.0,3,,,60352605,cycle,69587878,cycle,480239232,warp,,480239232.0
mlp,zamba2,14,0.12962962962962962,108,256,16,ampere_bf16_s16816gemm_bf16_128x256_ldg8_f2f_stages_64x3_tn,40,1792,128,14,100.0,97.26995733357265,12.152214614752486,1024,74,98.84169884169884,2,1.158301158301156,,256,1792,"(256, 1, 1)",1534912,ns,"(112, 16, 1)",1534912.0,4,,,224364294,cycle,230661450,cycle,1793950364,warp,,1793950364.0
mlp,zamba2,14,0.12962962962962962,108,256,32,ampere_bf16_s16816gemm_bf16_128x256_ldg8_f2f_stages_64x3_tn,40,3584,256,14,100.0,97.58493668676958,12.191564389195468,2048,147,99.51409135082604,4,0.4859086491739606,,256,3584,"(256, 1, 1)",3055104,ns,"(112, 32, 1)",3055104.0,28,,,447519010,cycle,458594354,cycle,3578228861,warp,,3578228861.0
mlp,zamba2,14,0.12962962962962962,108,256,64,ampere_bf16_s16816gemm_bf16_128x256_ldg8_f2f_stages_64x3_tn,40,7168,512,14,100.0,98.89245899988263,12.354895753337068,4096,293,99.85372988785957,8,0.14627011214042307,,256,7168,"(256, 1, 1)",6205376,ns,"(112, 64, 1)",6205376.0,10,,,894310288,cycle,904326070,cycle,7150626766,warp,,7150626766.0
mlp,zamba2,14,0.12962962962962962,108,512,1,ampere_bf16_s16816gemm_bf16_256x128_ldg8_f2f_stages_64x3_tn,40,168,12,14,100.0,76.72565925089778,9.552308629813915,128,10,91.42857142857143,2,8.571428571428575,,256,168,"(256, 1, 1)",248960,ns,"(14, 4, 3)",248960.0,3,,,28917591,cycle,37689596,cycle,230414498,warp,,230414498.0
mlp,zamba2,14,0.12962962962962962,108,512,4,ampere_bf16_s16816gemm_bf16_256x128_ldg8_f2f_stages_64x3_tn,40,672,48,14,100.0,88.88474831993432,11.067731968414938,512,37,98.84169884169884,8,1.158301158301156,,256,672,"(256, 1, 1)",850432,ns,"(14, 16, 3)",850432.0,9,,,113967219,cycle,128219094,cycle,908220522,warp,,908220522.0
mlp,zamba2,14,0.12962962962962962,108,512,16,ampere_bf16_s16816gemm_bf16_128x256_ldg8_f2f_stages_64x3_tn,40,3584,256,14,100.0,97.61685616625661,12.195539628141312,2048,147,99.51409135082604,4,0.4859086491739606,,256,3584,"(256, 1, 1)",3056640,ns,"(112, 32, 1)",3056640.0,1,,,447630489,cycle,458558600,cycle,3579116530,warp,,3579116530.0
mlp,zamba2,14,0.12962962962962962,108,512,32,ampere_bf16_s16816gemm_bf16_128x256_ldg8_f2f_stages_64x3_tn,40,7168,512,14,100.0,98.95491673040061,12.362688407535066,4096,293,99.85372988785957,8,0.14627011214042307,,256,7168,"(256, 1, 1)",6015296,ns,"(112, 64, 1)",6015296.0,1,,,893882471,cycle,903322948,cycle,7147200088,warp,,7147200088.0
mlp,zamba2,14,0.12962962962962962,108,512,64,ampere_bf16_s16816gemm_bf16_128x256_ldg8_f2f_stages_64x3_tn,40,14336,1024,14,100.0,99.67571001779066,12.452750239236382,8192,586,99.85372988785957,2,0.14627011214042307,,256,14336,"(256, 1, 1)",12199584,ns,"(112, 128, 1)",12199584.0,25,,,1787023689,cycle,1792837682,cycle,14288486319,warp,,14288486319.0
mlp,zamba2,14,0.12962962962962962,108,1024,1,ampere_bf16_s16816gemm_bf16_128x256_ldg8_f2f_stages_64x3_tn,40,560,40,14,100.0,86.82006488412229,10.793567408569347,256,19,96.2406015037594,4,3.759398496240607,,256,560,"(256, 1, 1)",459424,ns,"(28, 4, 5)",459424.0,3,,,60351098,cycle,69512846,cycle,480186617,warp,,480186617.0
mlp,zamba2,14,0.12962962962962962,108,1024,4,ampere_bf16_s16816gemm_bf16_128x256_ldg8_f2f_stages_64x3_tn,40,1792,128,14,100.0,97.32577076094006,12.15919483429765,1024,74,98.84169884169884,2,1.158301158301156,,256,1792,"(256, 1, 1)",1639456,ns,"(112, 16, 1)",1639456.0,4,,,224397211,cycle,230562994,cycle,1794214634,warp,,1794214634.0
mlp,zamba2,14,0.12962962962962962,108,1024,16,ampere_bf16_s16816gemm_bf16_128x256_ldg8_f2f_stages_64x3_tn,40,7168,512,14,100.0,98.95987194427535,12.363312921408664,4096,293,99.85372988785957,8,0.14627011214042307,,256,7168,"(256, 1, 1)",6016160,ns,"(112, 64, 1)",6016160.0,1,,,893880288,cycle,903275510,cycle,7147185782,warp,,7147185782.0
mlp,zamba2,14,0.12962962962962962,108,1024,32,ampere_bf16_s16816gemm_bf16_128x256_ldg8_f2f_stages_64x3_tn,40,14336,1024,14,100.0,99.66626798083844,12.451569427736251,8192,586,99.85372988785957,2,0.14627011214042307,,256,14336,"(256, 1, 1)",12747840,ns,"(112, 128, 1)",12747840.0,1,,,1787333610,cycle,1793318488,cycle,14290962982,warp,,14290962982.0
mlp,zamba2,14,0.12962962962962962,108,1024,64,ampere_bf16_s16816gemm_bf16_128x256_ldg8_f2f_stages_64x3_tn,40,28672,2048,14,100.0,99.67488251164256,12.452645237091355,16384,1171,99.93900207392949,4,0.06099792607051624,,256,28672,"(256, 1, 1)",24119520,ns,"(112, 256, 1)",24119520.0,22,,,3573257482,cycle,3584912660,cycle,28570653159,warp,,28570653159.0
mlp,zamba2,14,0.12962962962962962,108,2048,1,ampere_bf16_s16816gemm_bf16_256x128_ldg8_f2f_stages_64x3_tn,40,672,48,14,100.0,88.90656733951842,11.070340928590747,512,37,98.84169884169884,8,1.158301158301156,,256,672,"(256, 1, 1)",850688,ns,"(14, 16, 3)",850688.0,3,,,114025178,cycle,128252818,cycle,908673549,warp,,908673549.0
mlp,zamba2,14,0.12962962962962962,108,2048,4,ampere_bf16_s16816gemm_bf16_128x256_ldg8_f2f_stages_64x3_tn,40,3584,256,14,100.0,97.61397507247011,12.195173280157666,2048,147,99.51409135082604,4,0.4859086491739606,,256,3584,"(256, 1, 1)",3057824,ns,"(112, 32, 1)",3057824.0,1,,,447555359,cycle,458495168,cycle,3578513934,warp,,3578513934.0
mlp,zamba2,14,0.12962962962962962,108,2048,16,ampere_bf16_s16816gemm_bf16_128x256_ldg8_f2f_stages_64x3_tn,40,14336,1024,14,100.0,99.61413557103941,12.44505874035141,8192,586,99.85372988785957,2,0.14627011214042307,,256,14336,"(256, 1, 1)",12737088,ns,"(112, 128, 1)",12737088.0,16,,,1787210581,cycle,1794133504,cycle,14289981981,warp,,14289981981.0
mlp,zamba2,14,0.12962962962962962,108,2048,32,ampere_bf16_s16816gemm_bf16_128x256_ldg8_f2f_stages_64x3_tn,40,28672,2048,14,100.0,99.67927919660134,12.453194406252784,16384,1171,99.93900207392949,4,0.06099792607051624,,256,28672,"(256, 1, 1)",24059392,ns,"(112, 256, 1)",24059392.0,13,,,3573019552,cycle,3584515840,cycle,28568750469,warp,,28568750469.0
mlp,zamba2,14,0.12962962962962962,108,2048,64,ampere_bf16_s16816gemm_bf16_128x256_ldg8_f2f_stages_64x3_tn,53,57344,4096,14,100.0,99.81405826885741,12.470032368298906,32768,2341,99.98169280527247,8,0.018307194727529286,,256,57344,"(256, 1, 1)",48511072,ns,"(112, 512, 1)",48511072.0,29,,,7147914804,cycle,7161230520,cycle,57152496884,warp,,57152496884.0
mlp,zamba2,14,0.12962962962962962,108,4096,1,ampere_bf16_s16816gemm_bf16_128x256_ldg8_f2f_stages_64x3_tn,40,1792,128,14,100.0,97.30016728295074,12.155988608465268,1024,74,98.84169884169884,2,1.158301158301156,,256,1792,"(256, 1, 1)",1534400,ns,"(112, 16, 1)",1534400.0,4,,,224397170,cycle,230623622,cycle,1794213198,warp,,1794213198.0
mlp,zamba2,14,0.12962962962962962,108,4096,4,ampere_bf16_s16816gemm_bf16_128x256_ldg8_f2f_stages_64x3_tn,40,7168,512,14,100.0,98.9446342871873,12.361413970087305,4096,293,99.85372988785957,8,0.14627011214042307,,256,7168,"(256, 1, 1)",6351296,ns,"(112, 64, 1)",6351296.0,1,,,894149352,cycle,903686550,cycle,7149339868,warp,,7149339868.0
mlp,zamba2,14,0.12962962962962962,108,4096,16,ampere_bf16_s16816gemm_bf16_128x256_ldg8_f2f_stages_64x3_tn,40,28672,2048,14,100.0,99.68017725396427,12.453308748846714,16384,1171,99.93900207392949,4,0.06099792607051624,,256,28672,"(256, 1, 1)",23863904,ns,"(112, 256, 1)",23863904.0,1,,,3572798667,cycle,3584261952,cycle,28566989264,warp,,28566989264.0
mlp,zamba2,14,0.12962962962962962,108,4096,32,ampere_bf16_s16816gemm_bf16_128x256_ldg8_f2f_stages_64x3_tn,53,57344,4096,14,100.0,99.81475352978627,12.470118849902727,32768,2341,99.98169280527247,8,0.018307194727529286,,256,57344,"(256, 1, 1)",48609152,ns,"(112, 512, 1)",48609152.0,33,,,7148424336,cycle,7161691116,cycle,57156569205,warp,,57156569205.0
mlp,zamba2,14,0.12962962962962962,108,4096,64,ampere_bf16_s16816gemm_bf16_128x256_ldg8_f2f_stages_64x3_tn,79,114688,8192,14,100.0,99.77295696979218,12.46488246589463,65536,4682,99.98169280527247,2,0.018307194727529286,,256,114688,"(256, 1, 1)",103365696,ns,"(112, 1024, 1)",103365696.0,25,,,14292776193,cycle,14325300790,cycle,114280442007,warp,,114280442007.0
mlp,zamba2,14,0.12962962962962962,108,8192,1,ampere_bf16_s16816gemm_bf16_128x256_ldg8_f2f_stages_64x3_tn,40,3584,256,14,100.0,97.6152968985627,12.195343476213253,2048,147,99.51409135082604,4,0.4859086491739606,,256,3584,"(256, 1, 1)",3057792,ns,"(112, 32, 1)",3057792.0,1,,,447588293,cycle,458522698,cycle,3578778748,warp,,3578778748.0
mlp,zamba2,14,0.12962962962962962,108,8192,4,ampere_bf16_s16816gemm_bf16_128x256_ldg8_f2f_stages_64x3_tn,40,14336,1024,14,100.0,99.67657890032363,12.452860893260269,8192,586,99.85372988785957,2,0.14627011214042307,,256,14336,"(256, 1, 1)",12333376,ns,"(112, 128, 1)",12333376.0,4,,,1787307289,cycle,1793106574,cycle,14290756309,warp,,14290756309.0
mlp,zamba2,14,0.12962962962962962,108,8192,16,ampere_bf16_s16816gemm_bf16_128x256_ldg8_f2f_stages_64x3_tn,53,57344,4096,14,100.0,99.81338217251081,12.469947711203291,32768,2341,99.98169280527247,8,0.018307194727529286,,256,57344,"(256, 1, 1)",48786400,ns,"(112, 512, 1)",48786400.0,9,,,7147923714,cycle,7161287954,cycle,57152567252,warp,,57152567252.0
mlp,zamba2,14,0.12962962962962962,108,8192,32,ampere_bf16_s16816gemm_bf16_128x256_ldg8_f2f_stages_64x3_tn,79,114688,8192,14,100.0,99.821701239057,12.47097189797312,65536,4682,99.98169280527247,2,0.018307194727529286,,256,114688,"(256, 1, 1)",100963680,ns,"(112, 1024, 1)",100963680.0,37,,,14293593924,cycle,14319124746,cycle,114286977479,warp,,114286977479.0
mlp,zamba2,14,0.12962962962962962,108,8192,64,ampere_bf16_s16816gemm_bf16_128x256_ldg8_f2f_stages_64x3_tn,132,229376,16384,14,100.0,99.8277569881872,12.47173358166027,131072,9363,99.99237118750095,4,0.007628812499049786,,256,229376,"(256, 1, 1)",206207712,ns,"(112, 2048, 1)",206207712.0,72,,,28583274465,cycle,28632592104,cycle,228542758703,warp,,228542758703.0
mlp,zamba2,14,0.12962962962962962,108,16384,1,ampere_bf16_s16816gemm_bf16_128x256_ldg8_f2f_stages_64x3_tn,40,7168,512,14,100.0,98.90117131413649,12.355990954998079,4096,293,99.85372988785957,8,0.14627011214042307,,256,7168,"(256, 1, 1)",6137984,ns,"(112, 64, 1)",6137984.0,31,,,894338828,cycle,904275264,cycle,7150858869,warp,,7150858869.0
mlp,zamba2,14,0.12962962962962962,108,16384,4,ampere_bf16_s16816gemm_bf16_128x256_ldg8_f2f_stages_64x3_tn,40,28672,2048,14,100.0,99.6702658236821,12.452068247166158,16384,1171,99.93900207392949,4,0.06099792607051624,,256,28672,"(256, 1, 1)",23911392,ns,"(112, 256, 1)",23911392.0,1,,,3573256043,cycle,3585077268,cycle,28570641160,warp,,28570641160.0
mlp,zamba2,14,0.12962962962962962,108,16384,16,ampere_bf16_s16816gemm_bf16_128x256_ldg8_f2f_stages_64x3_tn,79,114688,8192,14,100.0,99.8204054293449,12.470809040055025,65536,4682,99.98169280527247,2,0.018307194727529286,,256,114688,"(256, 1, 1)",100935648,ns,"(112, 1024, 1)",100935648.0,73,,,14294391820,cycle,14320109960,cycle,114293348316,warp,,114293348316.0
mlp,zamba2,14,0.12962962962962962,108,16384,32,ampere_bf16_s16816gemm_bf16_128x256_ldg8_f2f_stages_64x3_tn,132,229376,16384,14,100.0,99.82781229344381,12.471743015621838,131072,9363,99.99237118750095,4,0.007628812499049786,,256,229376,"(256, 1, 1)",206227968,ns,"(112, 2048, 1)",206227968.0,62,,,28583513699,cycle,28632815888,cycle,228544717804,warp,,228544717804.0
mlp,zamba2,14,0.12962962962962962,108,16384,64,ampere_bf16_s16816gemm_bf16_128x256_ldg8_f2f_stages_64x3_tn,277,458752,32768,14,100.0,99.81155613369114,12.469714430282375,262144,18725,99.99771123402633,8,0.0022887659736792187,,256,458752,"(256, 1, 1)",416061888,ns,"(112, 4096, 1)",416061888.0,25,,,57167674482,cycle,57275606850,cycle,457094695194,warp,,457094695194.0
mlp,zamba2,14,0.12962962962962962,108,32768,1,ampere_bf16_s16816gemm_bf16_128x256_ldg8_f2f_stages_64x3_tn,40,14336,1024,14,100.0,99.63089797091116,12.447152629078003,8192,586,99.85372988785957,2,0.14627011214042307,,256,14336,"(256, 1, 1)",11986656,ns,"(112, 128, 1)",11986656.0,7,,,1787023516,cycle,1793643892,cycle,14288485943,warp,,14288485943.0
mlp,zamba2,14,0.12962962962962962,108,32768,4,ampere_bf16_s16816gemm_bf16_128x256_ldg8_f2f_stages_64x3_tn,53,57344,4096,14,100.0,99.6798182080241,12.453261619824085,32768,2341,99.98169280527247,8,0.018307194727529286,,256,57344,"(256, 1, 1)",48838560,ns,"(112, 512, 1)",48838560.0,49,,,7146511387,cycle,7169466714,cycle,57141276585,warp,,57141276585.0
mlp,zamba2,14,0.12962962962962962,108,32768,16,ampere_bf16_s16816gemm_bf16_128x256_ldg8_f2f_stages_64x3_tn,132,229376,16384,14,100.0,99.82784408856766,12.471745307670616,131072,9363,99.99237118750095,4,0.007628812499049786,,256,229376,"(256, 1, 1)",206066560,ns,"(112, 2048, 1)",206066560.0,82,,,28583746539,cycle,28633040010,cycle,228546548729,warp,,228546548729.0
mlp,zamba2,14,0.12962962962962962,108,32768,32,ampere_bf16_s16816gemm_bf16_128x256_ldg8_f2f_stages_64x3_tn,277,458752,32768,14,100.0,99.83084058884991,12.472123171848047,262144,18725,99.99771123402633,8,0.0022887659736792187,,256,458752,"(256, 1, 1)",415953536,ns,"(112, 4096, 1)",415953536.0,235,,,57166695719,cycle,57263562424,cycle,457086850439,warp,,457086850439.0
,,14,0.12962962962962962,108,32768,64,,,,,,,,,524288,37450,99.99771123402633,2,0.0022887659736792187,ncu exit code 1,,,,,,,,,,"==WARNING== Note: Running with unmodified GPU clocks. If not controlled otherwise, profiling results may be inconsistent.
==PROF== Connected to process 1027382 (/apps/applications/Miniconda/25.11.1/envs/pytorch_2.9.1_cuda13/bin/python3.14)
Loading Zamba2 from Zyphra/Zamba2-7B-Instruct …
==PROF== Disconnected from process 1027382
==ERROR== The application returned an error code (1).
""ID"",""Process ID"",""Process Name"",""Host Name"",""Kernel Name"",""Context"",""Stream"",""Block Size"",""Grid Size"",""Device"",""CC"",""Section Name"",""Metric Name"",""Metric Unit"",""Metric Value""
""0"",""1027382"",""python3.14"",""127.0.0.1"",""void at::<unnamed>::distribution_elementwise_grid_stride_kernel<float, 4, void at::normal_and_transform<c10::BFloat16, float, at::CUDAGeneratorImpl *, void at::normal_kernel<at::CUDAGeneratorImpl *>(const at::TensorBase &, double, double, T1)::[lambda() (instance 1)]::operator ()() const::[lambda() (instance 4)]::operator ()() const::[lambda(float) (instance 1)]>(at::TensorIteratorBase &, T3, T4):",,,,,,,"/apps/applications/Miniconda/25.11.1/envs/pytorch_2.9.1_cuda13/lib/python3.14/site-packages/torch/cuda/__init__.py:63: FutureWarning: The pynvml package is deprecated. Please install nvidia-ml-py instead. If you did not install pynvml directly, please report this to the maintainers of the package that installed pynvml for you.
  import pynvml  # type: ignore[import]
[transformers] `torch_dtype` is deprecated! Use `dtype` instead!
Traceback (most recent call last):
  File ""/scratch/ehmoon/whlee/prefill-layer-alloc/stage1_sm_scaling/../src/profiling/_ncu_target.py"", line 190, in <module>
    main()
    ~~~~^^
  File ""/scratch/ehmoon/whlee/prefill-layer-alloc/stage1_sm_scaling/../src/profiling/_ncu_target.py"", line 175, in main
    kernel()
    ~~~~~~^^
  File ""/scratch/ehmoon/whlee/prefill-layer-alloc/stage1_sm_scaling/../src/profiling/_ncu_target.py"", line 170, in kernel
    layer(inputs)
    ~~~~~^^^^^^^^
  File ""/apps/applications/Miniconda/25.11.1/envs/pytorch_2.9.1_cuda13/lib/python",
mlp,zamba2,27,0.25,108,256,1,ampere_bf16_s16816gemm_bf16_256x128_ldg8_f2f_stages_64x3_tn,40,84,4,3,77.77777777777779,73.05330137871555,9.098314415511675,64,3,79.01234567901234,10,20.98765432098766,,256,84,"(256, 1, 1)",133824,ns,"(14, 2, 3)",133824.0,12,,,14824667,cycle,20292946,cycle,118164226,warp,,118164226.0
mlp,zamba2,27,0.25,108,256,4,ampere_bf16_s16816gemm_bf16_128x256_ldg8_f2f_stages_64x3_tn,40,560,21,20,98.76543209876543,86.79084191901748,10.791300629100027,256,10,94.81481481481482,13,5.185185185185182,,256,560,"(256, 1, 1)",459968,ns,"(28, 4, 5)",459968.0,3,,,60363435,cycle,69550466,cycle,480345592,warp,,480345592.0
mlp,zamba2,27,0.25,108,256,16,ampere_bf16_s16816gemm_bf16_128x256_ldg8_f2f_stages_64x3_tn,40,1792,67,10,99.06025428413488,97.30082861592922,12.156070680886117,1024,38,99.80506822612085,25,0.19493177387914784,,256,1792,"(256, 1, 1)",1534912,ns,"(112, 16, 1)",1534912.0,1,,,224381543,cycle,230605994,cycle,1794088168,warp,,1794088168.0
mlp,zamba2,27,0.25,108,256,32,ampere_bf16_s16816gemm_bf16_128x256_ldg8_f2f_stages_64x3_tn,40,3584,133,20,99.80506822612085,97.59328559786154,12.192602814692652,2048,76,99.80506822612085,23,0.19493177387914784,,256,3584,"(256, 1, 1)",3056288,ns,"(112, 32, 1)",3056288.0,4,,,447602456,cycle,458640626,cycle,3578894712,warp,,3578894712.0
mlp,zamba2,27,0.25,108,256,64,ampere_bf16_s16816gemm_bf16_128x256_ldg8_f2f_stages_64x3_tn,40,7168,266,13,99.80506822612085,98.96321961306485,12.363727020401642,4096,152,99.80506822612085,19,0.19493177387914784,,256,7168,"(256, 1, 1)",6018624,ns,"(112, 64, 1)",6018624.0,1,,,893812943,cycle,903176904,cycle,7146644923,warp,,7146644923.0
mlp,zamba2,27,0.25,108,512,1,ampere_bf16_s16816gemm_bf16_256x128_ldg8_f2f_stages_64x3_tn,40,168,7,6,88.88888888888889,76.99662987291724,9.586123576297057,128,5,94.81481481481482,20,5.185185185185182,,256,168,"(256, 1, 1)",276832,ns,"(14, 4, 3)",276832.0,3,,,28914914,cycle,37553480,cycle,230395072,warp,,230395072.0
mlp,zamba2,27,0.25,108,512,4,ampere_bf16_s16816gemm_bf16_256x128_ldg8_f2f_stages_64x3_tn,40,672,25,24,99.55555555555556,88.95856298221972,11.075978007734514,512,19,99.80506822612085,26,0.19493177387914784,,256,672,"(256, 1, 1)",872320,ns,"(14, 16, 3)",872320.0,3,,,113965194,cycle,128110426,cycle,908126887,warp,,908126887.0
mlp,zamba2,27,0.25,108,512,16,ampere_bf16_s16816gemm_bf16_128x256_ldg8_f2f_stages_64x3_tn,40,3584,133,20,99.80506822612085,97.5389677309027,12.185812780511448,2048,76,99.80506822612085,23,0.19493177387914784,,256,3584,"(256, 1, 1)",3461312,ns,"(112, 32, 1)",3461312.0,4,,,447608658,cycle,458902394,cycle,3578943141,warp,,3578943141.0
mlp,zamba2,27,0.25,108,512,32,ampere_bf16_s16816gemm_bf16_128x256_ldg8_f2f_stages_64x3_tn,40,7168,266,13,99.80506822612085,98.96688970802884,12.364200136088813,4096,152,99.80506822612085,19,0.19493177387914784,,256,7168,"(256, 1, 1)",6015200,ns,"(112, 64, 1)",6015200.0,4,,,893868837,cycle,903199888,cycle,7147100274,warp,,7147100274.0
mlp,zamba2,27,0.25,108,512,64,ampere_bf16_s16816gemm_bf16_128x256_ldg8_f2f_stages_64x3_tn,40,14336,531,26,99.99302504010602,99.6236599896531,12.446249092352849,8192,304,99.80506822612085,11,0.19493177387914784,,256,14336,"(256, 1, 1)",11954048,ns,"(112, 128, 1)",11954048.0,22,,,1787054744,cycle,1793805552,cycle,14288736463,warp,,14288736463.0
mlp,zamba2,27,0.25,108,1024,1,ampere_bf16_s16816gemm_bf16_128x256_ldg8_f2f_stages_64x3_tn,40,560,21,20,98.76543209876543,86.82457319950827,10.795063319236577,256,10,94.81481481481482,13,5.185185185185182,,256,560,"(256, 1, 1)",459264,ns,"(28, 4, 5)",459264.0,3,,,60332939,cycle,69488322,cycle,480083735,warp,,480083735.0
mlp,zamba2,27,0.25,108,1024,4,ampere_bf16_s16816gemm_bf16_128x256_ldg8_f2f_stages_64x3_tn,40,1792,67,10,99.06025428413488,97.31071570161673,12.15729954334039,1024,38,99.80506822612085,25,0.19493177387914784,,256,1792,"(256, 1, 1)",1677728,ns,"(112, 16, 1)",1677728.0,1,,,224373992,cycle,230574804,cycle,1794026854,warp,,1794026854.0
mlp,zamba2,27,0.25,108,1024,16,ampere_bf16_s16816gemm_bf16_128x256_ldg8_f2f_stages_64x3_tn,40,7168,266,13,99.80506822612085,98.97369059787145,12.36504607283997,4096,152,99.80506822612085,19,0.19493177387914784,,256,7168,"(256, 1, 1)",6018976,ns,"(112, 64, 1)",6018976.0,1,,,893865518,cycle,903134472,cycle,7147071588,warp,,7147071588.0
mlp,zamba2,27,0.25,108,1024,32,ampere_bf16_s16816gemm_bf16_128x256_ldg8_f2f_stages_64x3_tn,40,14336,531,26,99.99302504010602,99.63197443858664,12.447288654514518,8192,304,99.80506822612085,11,0.19493177387914784,,256,14336,"(256, 1, 1)",11945440,ns,"(112, 128, 1)",11945440.0,25,,,1787057442,cycle,1793658564,cycle,14288758972,warp,,14288758972.0
mlp,zamba2,27,0.25,108,1024,64,ampere_bf16_s16816gemm_bf16_128x256_ldg8_f2f_stages_64x3_tn,40,28672,1062,25,99.99302504010602,99.67885093300269,12.453141314988766,16384,607,99.96949173225944,22,0.030508267740558814,,256,28672,"(256, 1, 1)",24116352,ns,"(112, 256, 1)",24116352.0,19,,,3573121160,cycle,3584633176,cycle,28569563842,warp,,28569563842.0
mlp,zamba2,27,0.25,108,2048,1,ampere_bf16_s16816gemm_bf16_256x128_ldg8_f2f_stages_64x3_tn,40,672,25,24,99.55555555555556,88.87228254152657,11.067778683850472,512,19,99.80506822612085,26,0.19493177387914784,,256,672,"(256, 1, 1)",850688,ns,"(14, 16, 3)",850688.0,15,,,113974680,cycle,128245474,cycle,908411215,warp,,908411215.0
mlp,zamba2,27,0.25,108,2048,4,ampere_bf16_s16816gemm_bf16_128x256_ldg8_f2f_stages_64x3_tn,40,3584,133,20,99.80506822612085,97.60038244666138,12.193482361620346,2048,76,99.80506822612085,23,0.19493177387914784,,256,3584,"(256, 1, 1)",3053888,ns,"(112, 32, 1)",3053888.0,4,,,447577901,cycle,458582118,cycle,3578696299,warp,,3578696299.0
mlp,zamba2,27,0.25,108,2048,16,ampere_bf16_s16816gemm_bf16_128x256_ldg8_f2f_stages_64x3_tn,40,14336,531,26,99.99302504010602,99.63503948687821,12.447671097926998,8192,304,99.80506822612085,11,0.19493177387914784,,256,14336,"(256, 1, 1)",11944224,ns,"(112, 128, 1)",11944224.0,1,,,1786951757,cycle,1793497314,cycle,14287913395,warp,,14287913395.0
mlp,zamba2,27,0.25,108,2048,32,ampere_bf16_s16816gemm_bf16_128x256_ldg8_f2f_stages_64x3_tn,40,28672,1062,25,99.99302504010602,99.66986356838083,12.452019610113197,16384,607,99.96949173225944,22,0.030508267740558814,,256,28672,"(256, 1, 1)",23968576,ns,"(112, 256, 1)",23968576.0,37,,,3573526269,cycle,3585362858,cycle,28572805515,warp,,28572805515.0
mlp,zamba2,27,0.25,108,2048,64,ampere_bf16_s16816gemm_bf16_128x256_ldg8_f2f_stages_64x3_tn,53,57344,2124,23,99.99302504010602,99.81406503310343,12.470031824715907,32768,1214,99.96949173225944,17,0.030508267740558814,,256,57344,"(256, 1, 1)",48606400,ns,"(112, 512, 1)",48606400.0,13,,,7148147949,cycle,7161463614,cycle,57154354674,warp,,57154354674.0
mlp,zamba2,27,0.25,108,4096,1,ampere_bf16_s16816gemm_bf16_128x256_ldg8_f2f_stages_64x3_tn,40,1792,67,10,99.06025428413488,97.30392242738668,12.156458900602049,1024,38,99.80506822612085,25,0.19493177387914784,,256,1792,"(256, 1, 1)",1534080,ns,"(112, 16, 1)",1534080.0,1,,,224393424,cycle,230610872,cycle,1794183416,warp,,1794183416.0
mlp,zamba2,27,0.25,108,4096,4,ampere_bf16_s16816gemm_bf16_128x256_ldg8_f2f_stages_64x3_tn,40,7168,266,13,99.80506822612085,98.96899325111843,12.36445509599009,4096,152,99.80506822612085,19,0.19493177387914784,,256,7168,"(256, 1, 1)",6016224,ns,"(112, 64, 1)",6016224.0,1,,,893865681,cycle,903177502,cycle,7147070507,warp,,7147070507.0
mlp,zamba2,27,0.25,108,4096,16,ampere_bf16_s16816gemm_bf16_128x256_ldg8_f2f_stages_64x3_tn,40,28672,1062,25,99.99302504010602,99.6549788070159,12.4501626696074,16384,607,99.96949173225944,22,0.030508267740558814,,256,28672,"(256, 1, 1)",23876704,ns,"(112, 256, 1)",23876704.0,13,,,3573382034,cycle,3585753644,cycle,28571658343,warp,,28571658343.0
mlp,zamba2,27,0.25,108,4096,32,ampere_bf16_s16816gemm_bf16_128x256_ldg8_f2f_stages_64x3_tn,53,57344,2124,23,99.99302504010602,99.71225087926946,12.45731531887181,32768,1214,99.96949173225944,17,0.030508267740558814,,256,57344,"(256, 1, 1)",48563904,ns,"(112, 512, 1)",48563904.0,5,,,7147547068,cycle,7168173424,cycle,57149565826,warp,,57149565826.0
mlp,zamba2,27,0.25,108,4096,64,ampere_bf16_s16816gemm_bf16_128x256_ldg8_f2f_stages_64x3_tn,79,114688,4248,19,99.99302504010602,99.82039747346111,12.470806977975455,65536,2428,99.96949173225944,7,0.030508267740558814,,256,114688,"(256, 1, 1)",100901408,ns,"(112, 1024, 1)",100901408.0,49,,,14293640209,cycle,14319358138,cycle,114287328888,warp,,114287328888.0
mlp,zamba2,27,0.25,108,8192,1,ampere_bf16_s16816gemm_bf16_128x256_ldg8_f2f_stages_64x3_tn,40,3584,133,20,99.80506822612085,97.52242382099303,12.18374198860669,2048,76,99.80506822612085,23,0.19493177387914784,,256,3584,"(256, 1, 1)",3087168,ns,"(112, 32, 1)",3087168.0,1,,,447646242,cycle,459018782,cycle,3579242501,warp,,3579242501.0
mlp,zamba2,27,0.25,108,8192,4,ampere_bf16_s16816gemm_bf16_128x256_ldg8_f2f_stages_64x3_tn,40,14336,531,26,99.99302504010602,99.6349285064557,12.44765691275343,8192,304,99.80506822612085,11,0.19493177387914784,,256,14336,"(256, 1, 1)",11956832,ns,"(112, 128, 1)",11956832.0,28,,,1786983218,cycle,1793530888,cycle,14288164580,warp,,14288164580.0
mlp,zamba2,27,0.25,108,8192,16,ampere_bf16_s16816gemm_bf16_128x256_ldg8_f2f_stages_64x3_tn,53,57344,2124,23,99.99302504010602,99.81442804084617,12.470079321832094,32768,1214,99.96949173225944,17,0.030508267740558814,,256,57344,"(256, 1, 1)",48830912,ns,"(112, 512, 1)",48830912.0,21,,,7147645574,cycle,7160934260,cycle,57150347674,warp,,57150347674.0
mlp,zamba2,27,0.25,108,8192,32,ampere_bf16_s16816gemm_bf16_128x256_ldg8_f2f_stages_64x3_tn,79,114688,4248,19,99.99302504010602,99.81925117238485,12.470666566394115,65536,2428,99.96949173225944,7,0.030508267740558814,,256,114688,"(256, 1, 1)",101128096,ns,"(112, 1024, 1)",101128096.0,19,,,14292164487,cycle,14318044184,cycle,114275555137,warp,,114275555137.0
mlp,zamba2,27,0.25,108,8192,64,ampere_bf16_s16816gemm_bf16_128x256_ldg8_f2f_stages_64x3_tn,132,229376,8496,11,99.99302504010602,99.81999956248835,12.470768337528416,131072,4855,99.99008277072129,14,0.00991722927871086,,256,229376,"(256, 1, 1)",205160832,ns,"(112, 2048, 1)",205160832.0,92,,,28586591059,cycle,28638139836,cycle,228569348808,warp,,228569348808.0
mlp,zamba2,27,0.25,108,16384,1,ampere_bf16_s16816gemm_bf16_128x256_ldg8_f2f_stages_64x3_tn,40,7168,266,13,99.80506822612085,98.9554574758854,12.36277030218276,4096,152,99.80506822612085,19,0.19493177387914784,,256,7168,"(256, 1, 1)",6029824,ns,"(112, 64, 1)",6029824.0,1,,,893914988,cycle,903350872,cycle,7147468373,warp,,7147468373.0
mlp,zamba2,27,0.25,108,16384,4,ampere_bf16_s16816gemm_bf16_128x256_ldg8_f2f_stages_64x3_tn,40,28672,1062,25,99.99302504010602,99.65331671845658,12.449949084212554,16384,607,99.96949173225944,22,0.030508267740558814,,256,28672,"(256, 1, 1)",24348000,ns,"(112, 256, 1)",24348000.0,19,,,3574291594,cycle,3586726174,cycle,28578917277,warp,,28578917277.0
mlp,zamba2,27,0.25,108,16384,16,ampere_bf16_s16816gemm_bf16_128x256_ldg8_f2f_stages_64x3_tn,79,114688,4248,19,99.99302504010602,99.82043000157078,12.470811469971501,65536,2428,99.96949173225944,7,0.030508267740558814,,256,114688,"(256, 1, 1)",101050816,ns,"(112, 1024, 1)",101050816.0,61,,,14293405178,cycle,14319118018,cycle,114285453580,warp,,114285453580.0
mlp,zamba2,27,0.25,108,16384,32,ampere_bf16_s16816gemm_bf16_128x256_ldg8_f2f_stages_64x3_tn,132,229376,8496,11,99.99302504010602,99.79731600130057,12.467932568739098,131072,4855,99.99008277072129,14,0.00991722927871086,,256,229376,"(256, 1, 1)",205914016,ns,"(112, 2048, 1)",205914016.0,62,,,28584008842,cycle,28642061718,cycle,228548668243,warp,,228548668243.0
mlp,zamba2,27,0.25,108,16384,64,ampere_bf16_s16816gemm_bf16_128x256_ldg8_f2f_stages_64x3_tn,277,458752,16991,22,99.99891009837452,99.83002018816785,12.472021120982662,262144,9710,99.99008277072129,1,0.00991722927871086,,256,458752,"(256, 1, 1)",416148704,ns,"(112, 4096, 1)",416148704.0,25,,,57169247815,cycle,57266589456,cycle,457107272462,warp,,457107272462.0
mlp,zamba2,27,0.25,108,32768,1,ampere_bf16_s16816gemm_bf16_128x256_ldg8_f2f_stages_64x3_tn,40,14336,531,26,99.99302504010602,99.61117623860858,12.44468474774349,8192,304,99.80506822612085,11,0.19493177387914784,,256,14336,"(256, 1, 1)",13032736,ns,"(112, 128, 1)",13032736.0,13,,,1787252948,cycle,1794229338,cycle,14290315825,warp,,14290315825.0
mlp,zamba2,27,0.25,108,32768,4,ampere_bf16_s16816gemm_bf16_128x256_ldg8_f2f_stages_64x3_tn,53,57344,2124,23,99.99302504010602,99.81192074382903,12.469765453324271,32768,1214,99.96949173225944,17,0.030508267740558814,,256,57344,"(256, 1, 1)",48848448,ns,"(112, 512, 1)",48848448.0,13,,,7148269021,cycle,7161738766,cycle,57155329696,warp,,57155329696.0
mlp,zamba2,27,0.25,108,32768,16,ampere_bf16_s16816gemm_bf16_128x256_ldg8_f2f_stages_64x3_tn,132,229376,8496,11,99.99302504010602,99.82785657309617,12.471747277059109,131072,4855,99.99008277072129,14,0.00991722927871086,,256,229376,"(256, 1, 1)",207698496,ns,"(112, 2048, 1)",207698496.0,42,,,28584568774,cycle,28633860082,cycle,228553130566,warp,,228553130566.0
mlp,zamba2,27,0.25,108,32768,32,ampere_bf16_s16816gemm_bf16_128x256_ldg8_f2f_stages_64x3_tn,277,458752,16991,22,99.99891009837452,99.8251078305985,12.471407470565891,262144,9710,99.99008277072129,1,0.00991722927871086,,256,458752,"(256, 1, 1)",416591328,ns,"(112, 4096, 1)",416591328.0,172,,,57171224873,cycle,57271388046,cycle,457123082705,warp,,457123082705.0
,,27,0.25,108,32768,64,,,,,,,,,524288,19419,99.9952318557808,2,0.004768144219202686,ncu exit code 1,,,,,,,,,,"==WARNING== Note: Running with unmodified GPU clocks. If not controlled otherwise, profiling results may be inconsistent.
==PROF== Connected to process 1041128 (/apps/applications/Miniconda/25.11.1/envs/pytorch_2.9.1_cuda13/bin/python3.14)
Loading Zamba2 from Zyphra/Zamba2-7B-Instruct …
==PROF== Disconnected from process 1041128
==ERROR== The application returned an error code (1).
""ID"",""Process ID"",""Process Name"",""Host Name"",""Kernel Name"",""Context"",""Stream"",""Block Size"",""Grid Size"",""Device"",""CC"",""Section Name"",""Metric Name"",""Metric Unit"",""Metric Value""
""0"",""1041128"",""python3.14"",""127.0.0.1"",""void at::<unnamed>::distribution_elementwise_grid_stride_kernel<float, 4, void at::normal_and_transform<c10::BFloat16, float, at::CUDAGeneratorImpl *, void at::normal_kernel<at::CUDAGeneratorImpl *>(const at::TensorBase &, double, double, T1)::[lambda() (instance 1)]::operator ()() const::[lambda() (instance 4)]::operator ()() const::[lambda(float) (instance 1)]>(at::TensorIteratorBase &, T3, T4):",,,,,,,"/apps/applications/Miniconda/25.11.1/envs/pytorch_2.9.1_cuda13/lib/python3.14/site-packages/torch/cuda/__init__.py:63: FutureWarning: The pynvml package is deprecated. Please install nvidia-ml-py instead. If you did not install pynvml directly, please report this to the maintainers of the package that installed pynvml for you.
  import pynvml  # type: ignore[import]
[transformers] `torch_dtype` is deprecated! Use `dtype` instead!
Traceback (most recent call last):
  File ""/scratch/ehmoon/whlee/prefill-layer-alloc/stage1_sm_scaling/../src/profiling/_ncu_target.py"", line 190, in <module>
    main()
    ~~~~^^
  File ""/scratch/ehmoon/whlee/prefill-layer-alloc/stage1_sm_scaling/../src/profiling/_ncu_target.py"", line 175, in main
    kernel()
    ~~~~~~^^
  File ""/scratch/ehmoon/whlee/prefill-layer-alloc/stage1_sm_scaling/../src/profiling/_ncu_target.py"", line 170, in kernel
    layer(inputs)
    ~~~~~^^^^^^^^
  File ""/apps/applications/Miniconda/25.11.1/envs/pytorch_2.9.1_cuda13/lib/python",
mlp,zamba2,40,0.37037037037037035,108,256,1,ampere_bf16_s16816gemm_bf16_256x128_ldg8_f2f_stages_64x3_tn,40,84,3,4,70.0,73.0082709607378,9.0901048158604,64,2,80.0,24,19.999999999999996,,256,84,"(256, 1, 1)",133760,ns,"(14, 2, 3)",133760.0,30,,,14845880,cycle,20334518,cycle,118299456,warp,,118299456.0
mlp,zamba2,40,0.37037037037037035,108,256,4,ampere_bf16_s16816gemm_bf16_128x256_ldg8_f2f_stages_64x3_tn,40,560,14,40,100.0,86.76896987273093,10.787891391935409,256,7,91.42857142857143,16,8.571428571428575,,256,560,"(256, 1, 1)",460032,ns,"(28, 4, 5)",460032.0,33,,,60294204,cycle,69488210,cycle,479764008,warp,,479764008.0
mlp,zamba2,40,0.37037037037037035,108,256,16,ampere_bf16_s16816gemm_bf16_128x256_ldg8_f2f_stages_64x3_tn,40,1792,45,32,99.55555555555556,97.31110384636118,12.15734378428895,1024,26,98.46153846153847,24,1.538461538461533,,256,1792,"(256, 1, 1)",1851232,ns,"(112, 16, 1)",1851232.0,1,,,224315136,cycle,230513402,cycle,1793555632,warp,,1793555632.0
mlp,zamba2,40,0.37037037037037035,108,256,32,ampere_bf16_s16816gemm_bf16_128x256_ldg8_f2f_stages_64x3_tn,40,3584,90,24,99.55555555555556,97.6042844088637,12.193963005189952,2048,52,98.46153846153847,8,1.538461538461533,,256,3584,"(256, 1, 1)",3055200,ns,"(112, 32, 1)",3055200.0,1,,,447520778,cycle,458505260,cycle,3578237554,warp,,3578237554.0
mlp,zamba2,40,0.37037037037037035,108,256,64,ampere_bf16_s16816gemm_bf16_128x256_ldg8_f2f_stages_64x3_tn,40,7168,180,8,99.55555555555556,98.97198444551728,12.36483073066294,4096,103,99.41747572815534,16,0.5825242718446644,,256,7168,"(256, 1, 1)",6213984,ns,"(112, 64, 1)",6213984.0,1,,,894017738,cycle,903303842,cycle,7148287427,warp,,7148287427.0
mlp,zamba2,40,0.37037037037037035,108,512,1,ampere_bf16_s16816gemm_bf16_256x128_ldg8_f2f_stages_64x3_tn,40,168,5,8,84.0,76.92038096032535,9.575359154578164,128,4,80.0,8,19.999999999999996,,256,168,"(256, 1, 1)",248288,ns,"(14, 4, 3)",248288.0,3,,,28917968,cycle,37594676,cycle,230388816,warp,,230388816.0
mlp,zamba2,40,0.37037037037037035,108,512,4,ampere_bf16_s16816gemm_bf16_256x128_ldg8_f2f_stages_64x3_tn,40,672,17,32,98.82352941176471,88.94742917408779,11.077206283179713,512,13,98.46153846153847,32,1.538461538461533,,256,672,"(256, 1, 1)",851456,ns,"(14, 16, 3)",851456.0,3,,,113998053,cycle,128163404,cycle,908603177,warp,,908603177.0
mlp,zamba2,40,0.37037037037037035,108,512,16,ampere_bf16_s16816gemm_bf16_128x256_ldg8_f2f_stages_64x3_tn,40,3584,90,24,99.55555555555556,97.55225073259216,12.187464794205747,2048,52,98.46153846153847,8,1.538461538461533,,256,3584,"(256, 1, 1)",3262240,ns,"(112, 32, 1)",3262240.0,1,,,447623942,cycle,458855576,cycle,3579063154,warp,,3579063154.0
mlp,zamba2,40,0.37037037037037035,108,512,32,ampere_bf16_s16816gemm_bf16_128x256_ldg8_f2f_stages_64x3_tn,40,7168,180,8,99.55555555555556,98.98077776869899,12.365928118204783,4096,103,99.41747572815534,16,0.5825242718446644,,256,7168,"(256, 1, 1)",6021280,ns,"(112, 64, 1)",6021280.0,1,,,893852094,cycle,903056244,cycle,7146962304,warp,,7146962304.0
mlp,zamba2,40,0.37037037037037035,108,512,64,ampere_bf16_s16816gemm_bf16_128x256_ldg8_f2f_stages_64x3_tn,40,14336,359,16,99.83286908077994,99.61293344910321,12.444909436615882,8192,205,99.90243902439025,32,0.09756097560975618,,256,14336,"(256, 1, 1)",11955008,ns,"(112, 128, 1)",11955008.0,19,,,1786900347,cycle,1793843716,cycle,14287502457,warp,,14287502457.0
mlp,zamba2,40,0.37037037037037035,108,1024,1,ampere_bf16_s16816gemm_bf16_128x256_ldg8_f2f_stages_64x3_tn,40,560,14,40,100.0,86.82842819120044,10.792358253188825,256,7,91.42857142857143,16,8.571428571428575,,256,560,"(256, 1, 1)",459904,ns,"(28, 4, 5)",459904.0,3,,,60314772,cycle,69464314,cycle,479797608,warp,,479797608.0
mlp,zamba2,40,0.37037037037037035,108,1024,4,ampere_bf16_s16816gemm_bf16_128x256_ldg8_f2f_stages_64x3_tn,40,1792,45,32,99.55555555555556,97.27326905503382,12.152633961844987,1024,26,98.46153846153847,24,1.538461538461533,,256,1792,"(256, 1, 1)",1536704,ns,"(112, 16, 1)",1536704.0,1,,,224454977,cycle,230746822,cycle,1794676266,warp,,1794676266.0
mlp,zamba2,40,0.37037037037037035,108,1024,16,ampere_bf16_s16816gemm_bf16_128x256_ldg8_f2f_stages_64x3_tn,40,7168,180,8,99.55555555555556,98.96679738844836,12.364190319497077,4096,103,99.41747572815534,16,0.5825242718446644,,256,7168,"(256, 1, 1)",6015840,ns,"(112, 64, 1)",6015840.0,1,,,893859686,cycle,903191484,cycle,7147028098,warp,,7147028098.0
mlp,zamba2,40,0.37037037037037035,108,1024,32,ampere_bf16_s16816gemm_bf16_128x256_ldg8_f2f_stages_64x3_tn,40,14336,359,16,99.83286908077994,99.5952880802959,12.442704166162084,8192,205,99.90243902439025,32,0.09756097560975618,,256,14336,"(256, 1, 1)",11958656,ns,"(112, 128, 1)",11958656.0,10,,,1786913985,cycle,1794175226,cycle,14287610598,warp,,14287610598.0
mlp,zamba2,40,0.37037037037037035,108,1024,64,ampere_bf16_s16816gemm_bf16_128x256_ldg8_f2f_stages_64x3_tn,40,28672,717,32,99.9721059972106,99.65982849095087,12.450766274053029,16384,410,99.90243902439025,24,0.09756097560975618,,256,28672,"(256, 1, 1)",23956960,ns,"(112, 256, 1)",23956960.0,19,,,3573357216,cycle,3585554250,cycle,28571454675,warp,,28571454675.0
mlp,zamba2,40,0.37037037037037035,108,2048,1,ampere_bf16_s16816gemm_bf16_256x128_ldg8_f2f_stages_64x3_tn,40,672,17,32,98.82352941176471,88.97600892189591,11.079718193922025,512,13,98.46153846153847,32,1.538461538461533,,256,672,"(256, 1, 1)",851104,ns,"(14, 16, 3)",851104.0,3,,,114034228,cycle,128162894,cycle,908805599,warp,,908805599.0
mlp,zamba2,40,0.37037037037037035,108,2048,4,ampere_bf16_s16816gemm_bf16_128x256_ldg8_f2f_stages_64x3_tn,40,3584,90,24,99.55555555555556,97.54426869500735,12.186473338624298,2048,52,98.46153846153847,8,1.538461538461533,,256,3584,"(256, 1, 1)",3225088,ns,"(112, 32, 1)",3225088.0,1,,,447627473,cycle,458896744,cycle,3579093079,warp,,3579093079.0
mlp,zamba2,40,0.37037037037037035,108,2048,16,ampere_bf16_s16816gemm_bf16_128x256_ldg8_f2f_stages_64x3_tn,40,14336,359,16,99.83286908077994,99.61208580551641,12.444805557028884,8192,205,99.90243902439025,32,0.09756097560975618,,256,14336,"(256, 1, 1)",11951872,ns,"(112, 128, 1)",11951872.0,1,,,1787014717,cycle,1793973796,cycle,14288419242,warp,,14288419242.0
mlp,zamba2,40,0.37037037037037035,108,2048,32,ampere_bf16_s16816gemm_bf16_128x256_ldg8_f2f_stages_64x3_tn,40,28672,717,32,99.9721059972106,99.6361772865603,12.447807156635706,16384,410,99.90243902439025,24,0.09756097560975618,,256,28672,"(256, 1, 1)",24345280,ns,"(112, 256, 1)",24345280.0,16,,,3573922367,cycle,3586972588,cycle,28575963553,warp,,28575963553.0
mlp,zamba2,40,0.37037037037037035,108,2048,64,ampere_bf16_s16816gemm_bf16_128x256_ldg8_f2f_stages_64x3_tn,53,57344,1434,24,99.9721059972106,99.72315261259158,12.458675516574477,32768,820,99.90243902439025,8,0.09756097560975618,,256,57344,"(256, 1, 1)",48987840,ns,"(112, 512, 1)",48987840.0,21,,,7146554544,cycle,7166394520,cycle,57141621727,warp,,57141621727.0
mlp,zamba2,40,0.37037037037037035,108,4096,1,ampere_bf16_s16816gemm_bf16_128x256_ldg8_f2f_stages_64x3_tn,40,1792,45,32,99.55555555555556,97.28434470575277,12.154009876856783,1024,26,98.46153846153847,24,1.538461538461533,,256,1792,"(256, 1, 1)",1534912,ns,"(112, 16, 1)",1534912.0,4,,,224363882,cycle,230626914,cycle,1793946746,warp,,1793946746.0
mlp,zamba2,40,0.37037037037037035,108,4096,4,ampere_bf16_s16816gemm_bf16_128x256_ldg8_f2f_stages_64x3_tn,40,7168,180,8,99.55555555555556,98.97105039403739,12.364723923456902,4096,103,99.41747572815534,16,0.5825242718446644,,256,7168,"(256, 1, 1)",6020256,ns,"(112, 64, 1)",6020256.0,31,,,893859892,cycle,903152880,cycle,7147031054,warp,,7147031054.0
mlp,zamba2,40,0.37037037037037035,108,4096,16,ampere_bf16_s16816gemm_bf16_128x256_ldg8_f2f_stages_64x3_tn,40,28672,717,32,99.9721059972106,99.63589714046682,12.447773679632848,16384,410,99.90243902439025,24,0.09756097560975618,,256,28672,"(256, 1, 1)",24352160,ns,"(112, 256, 1)",24352160.0,31,,,3574261831,cycle,3587323378,cycle,28578681296,warp,,28578681296.0
mlp,zamba2,40,0.37037037037037035,108,4096,32,ampere_bf16_s16816gemm_bf16_128x256_ldg8_f2f_stages_64x3_tn,53,57344,1434,24,99.9721059972106,99.8130216721537,12.469903204841417,32768,820,99.90243902439025,8,0.09756097560975618,,256,57344,"(256, 1, 1)",48907488,ns,"(112, 512, 1)",48907488.0,13,,,7148113845,cycle,7161504306,cycle,57154089918,warp,,57154089918.0
mlp,zamba2,40,0.37037037037037035,108,4096,64,ampere_bf16_s16816gemm_bf16_128x256_ldg8_f2f_stages_64x3_tn,79,114688,2868,8,99.9721059972106,99.82011390127654,12.470772404033818,65536,1639,99.96339231238561,16,0.036607687614398365,,256,114688,"(256, 1, 1)",103214240,ns,"(112, 1024, 1)",103214240.0,49,,,14293441057,cycle,14319199306,cycle,114285744354,warp,,114285744354.0
mlp,zamba2,40,0.37037037037037035,108,8192,1,ampere_bf16_s16816gemm_bf16_128x256_ldg8_f2f_stages_64x3_tn,40,3584,90,24,99.55555555555556,97.57554620488865,12.190374348508321,2048,52,98.46153846153847,8,1.538461538461533,,256,3584,"(256, 1, 1)",3056128,ns,"(112, 32, 1)",3056128.0,13,,,447547978,cycle,458668176,cycle,3578455531,warp,,3578455531.0
mlp,zamba2,40,0.37037037037037035,108,8192,4,ampere_bf16_s16816gemm_bf16_128x256_ldg8_f2f_stages_64x3_tn,40,14336,359,16,99.83286908077994,99.60587309004177,12.444027488300016,8192,205,99.90243902439025,32,0.09756097560975618,,256,14336,"(256, 1, 1)",11953696,ns,"(112, 128, 1)",11953696.0,4,,,1786903392,cycle,1793973926,cycle,14287526943,warp,,14287526943.0
mlp,zamba2,40,0.37037037037037035,108,8192,16,ampere_bf16_s16816gemm_bf16_128x256_ldg8_f2f_stages_64x3_tn,53,57344,1434,24,99.9721059972106,99.67001969151273,12.452036818299739,32768,820,99.90243902439025,8,0.09756097560975618,,256,57344,"(256, 1, 1)",49113568,ns,"(112, 512, 1)",49113568.0,45,,,7145185041,cycle,7168840804,cycle,57130668567,warp,,57130668567.0
mlp,zamba2,40,0.37037037037037035,108,8192,32,ampere_bf16_s16816gemm_bf16_128x256_ldg8_f2f_stages_64x3_tn,79,114688,2868,8,99.9721059972106,99.8231356132475,12.471150080662738,65536,1639,99.96339231238561,16,0.036607687614398365,,256,114688,"(256, 1, 1)",100677888,ns,"(112, 1024, 1)",100677888.0,49,,,14292876980,cycle,14318200778,cycle,114281235704,warp,,114281235704.0
mlp,zamba2,40,0.37037037037037035,108,8192,64,ampere_bf16_s16816gemm_bf16_128x256_ldg8_f2f_stages_64x3_tn,132,229376,5735,16,99.98953792502179,99.8264054817302,12.471566656693254,131072,3277,99.99389685688129,32,0.006103143118707521,,256,229376,"(256, 1, 1)",204497184,ns,"(112, 2048, 1)",204497184.0,102,,,28583584270,cycle,28633290092,cycle,228545271029,warp,,228545271029.0
mlp,zamba2,40,0.37037037037037035,108,16384,1,ampere_bf16_s16816gemm_bf16_128x256_ldg8_f2f_stages_64x3_tn,40,7168,180,8,99.55555555555556,98.96719700120683,12.364234770031372,4096,103,99.41747572815534,16,0.5825242718446644,,256,7168,"(256, 1, 1)",6029600,ns,"(112, 64, 1)",6029600.0,1,,,893866579,cycle,903194802,cycle,7147080048,warp,,7147080048.0
mlp,zamba2,40,0.37037037037037035,108,16384,4,ampere_bf16_s16816gemm_bf16_128x256_ldg8_f2f_stages_64x3_tn,40,28672,717,32,99.9721059972106,99.63374792222969,12.44750542853532,16384,410,99.90243902439025,24,0.09756097560975618,,256,28672,"(256, 1, 1)",26052448,ns,"(112, 256, 1)",26052448.0,16,,,3573704477,cycle,3586841358,cycle,28574225456,warp,,28574225456.0
mlp,zamba2,40,0.37037037037037035,108,16384,16,ampere_bf16_s16816gemm_bf16_128x256_ldg8_f2f_stages_64x3_tn,79,114688,2868,8,99.9721059972106,99.82060920838676,12.470836777159446,65536,1639,99.96339231238561,16,0.036607687614398365,,256,114688,"(256, 1, 1)",99458464,ns,"(112, 1024, 1)",99458464.0,73,,,14294444585,cycle,14320133586,cycle,114293791090,warp,,114293791090.0
mlp,zamba2,40,0.37037037037037035,108,16384,32,ampere_bf16_s16816gemm_bf16_128x256_ldg8_f2f_stages_64x3_tn,132,229376,5735,16,99.98953792502179,99.8136887635712,12.469980364862572,131072,3277,99.99389685688129,32,0.006103143118707521,,256,229376,"(256, 1, 1)",206182272,ns,"(112, 2048, 1)",206182272.0,42,,,28588221359,cycle,28641583848,cycle,228582392450,warp,,228582392450.0
mlp,zamba2,40,0.37037037037037035,108,16384,64,ampere_bf16_s16816gemm_bf16_128x256_ldg8_f2f_stages_64x3_tn,277,458752,11469,32,99.99825616880285,99.82816721995424,12.471787670882176,262144,6554,99.99389685688129,24,0.006103143118707521,,256,458752,"(256, 1, 1)",416134624,ns,"(112, 4096, 1)",416134624.0,88,,,57168228687,cycle,57266631532,cycle,457099052220,warp,,457099052220.0
mlp,zamba2,40,0.37037037037037035,108,32768,1,ampere_bf16_s16816gemm_bf16_128x256_ldg8_f2f_stages_64x3_tn,40,14336,359,16,99.83286908077994,99.62048636138674,12.445848920418507,8192,205,99.90243902439025,32,0.09756097560975618,,256,14336,"(256, 1, 1)",12890560,ns,"(112, 128, 1)",12890560.0,7,,,1787039363,cycle,1793847258,cycle,14288609254,warp,,14288609254.0
mlp,zamba2,40,0.37037037037037035,108,32768,4,ampere_bf16_s16816gemm_bf16_128x256_ldg8_f2f_stages_64x3_tn,53,57344,1434,24,99.9721059972106,99.80738991312799,12.469198354804083,32768,820,99.90243902439025,8,0.09756097560975618,,256,57344,"(256, 1, 1)",48699616,ns,"(112, 512, 1)",48699616.0,41,,,7146909588,cycle,7160701822,cycle,57144455282,warp,,57144455282.0
mlp,zamba2,40,0.37037037037037035,108,32768,16,ampere_bf16_s16816gemm_bf16_128x256_ldg8_f2f_stages_64x3_tn,132,229376,5735,16,99.98953792502179,99.82497217263261,12.471392834203547,131072,3277,99.99389685688129,32,0.006103143118707521,,256,229376,"(256, 1, 1)",205422848,ns,"(112, 2048, 1)",205422848.0,2,,,28582993325,cycle,28633109234,cycle,228540642126,warp,,228540642126.0
mlp,zamba2,40,0.37037037037037035,108,32768,32,ampere_bf16_s16816gemm_bf16_128x256_ldg8_f2f_stages_64x3_tn,277,458752,11469,32,99.99825616880285,99.80977804503081,12.469491735700451,262144,6554,99.99389685688129,24,0.006103143118707521,,256,458752,"(256, 1, 1)",416023456,ns,"(112, 4096, 1)",416023456.0,46,,,57167621485,cycle,57276574104,cycle,457094251161,warp,,457094251161.0
,,40,0.37037037037037035,108,32768,64,,,,,,,,,524288,13108,99.99389685688129,8,0.006103143118707521,ncu exit code 1,,,,,,,,,,"==WARNING== Note: Running with unmodified GPU clocks. If not controlled otherwise, profiling results may be inconsistent.
==PROF== Connected to process 1054618 (/apps/applications/Miniconda/25.11.1/envs/pytorch_2.9.1_cuda13/bin/python3.14)
Loading Zamba2 from Zyphra/Zamba2-7B-Instruct …
==PROF== Disconnected from process 1054618
==ERROR== The application returned an error code (1).
""ID"",""Process ID"",""Process Name"",""Host Name"",""Kernel Name"",""Context"",""Stream"",""Block Size"",""Grid Size"",""Device"",""CC"",""Section Name"",""Metric Name"",""Metric Unit"",""Metric Value""
""0"",""1054618"",""python3.14"",""127.0.0.1"",""void at::<unnamed>::distribution_elementwise_grid_stride_kernel<float, 4, void at::normal_and_transform<c10::BFloat16, float, at::CUDAGeneratorImpl *, void at::normal_kernel<at::CUDAGeneratorImpl *>(const at::TensorBase &, double, double, T1)::[lambda() (instance 1)]::operator ()() const::[lambda() (instance 4)]::operator ()() const::[lambda(float) (instance 1)]>(at::TensorIteratorBase &, T3, T4):",,,,,,,"/apps/applications/Miniconda/25.11.1/envs/pytorch_2.9.1_cuda13/lib/python3.14/site-packages/torch/cuda/__init__.py:63: FutureWarning: The pynvml package is deprecated. Please install nvidia-ml-py instead. If you did not install pynvml directly, please report this to the maintainers of the package that installed pynvml for you.
  import pynvml  # type: ignore[import]
[transformers] `torch_dtype` is deprecated! Use `dtype` instead!
Traceback (most recent call last):
  File ""/scratch/ehmoon/whlee/prefill-layer-alloc/stage1_sm_scaling/../src/profiling/_ncu_target.py"", line 190, in <module>
    main()
    ~~~~^^
  File ""/scratch/ehmoon/whlee/prefill-layer-alloc/stage1_sm_scaling/../src/profiling/_ncu_target.py"", line 175, in main
    kernel()
    ~~~~~~^^
  File ""/scratch/ehmoon/whlee/prefill-layer-alloc/stage1_sm_scaling/../src/profiling/_ncu_target.py"", line 170, in kernel
    layer(inputs)
    ~~~~~^^^^^^^^
  File ""/apps/applications/Miniconda/25.11.1/envs/pytorch_2.9.1_cuda13/lib/python",
mlp,zamba2,54,0.5,108,256,1,ampere_bf16_s16816gemm_bf16_256x128_ldg8_f2f_stages_64x3_tn,40,84,2,30,77.77777777777779,73.09231874580301,9.103439182404914,64,2,59.25925925925925,10,40.74074074074075,,256,84,"(256, 1, 1)",133344,ns,"(14, 2, 3)",133344.0,24,,,14818323,cycle,20273434,cycle,118117103,warp,,118117103.0
mlp,zamba2,54,0.5,108,256,4,ampere_bf16_s16816gemm_bf16_128x256_ldg8_f2f_stages_64x3_tn,40,560,11,20,94.27609427609428,86.87215622425187,10.798595173086342,256,5,94.81481481481482,40,5.185185185185182,,256,560,"(256, 1, 1)",459872,ns,"(28, 4, 5)",459872.0,24,,,60253982,cycle,69359372,cycle,479349619,warp,,479349619.0
mlp,zamba2,54,0.5,108,256,16,ampere_bf16_s16816gemm_bf16_128x256_ldg8_f2f_stages_64x3_tn,40,1792,34,10,97.60348583877996,97.32120797149226,12.158615764964322,1024,19,99.80506822612085,52,0.19493177387914784,,256,1792,"(256, 1, 1)",1537184,ns,"(112, 16, 1)",1537184.0,1,,,224325071,cycle,230499678,cycle,1793636492,warp,,1793636492.0
mlp,zamba2,54,0.5,108,256,32,ampere_bf16_s16816gemm_bf16_128x256_ldg8_f2f_stages_64x3_tn,40,3584,67,20,99.06025428413488,97.60677157560191,12.194273544746366,2048,38,99.80506822612085,50,0.19493177387914784,,256,3584,"(256, 1, 1)",3059872,ns,"(112, 32, 1)",3059872.0,1,,,447538087,cycle,458511310,cycle,3578375896,warp,,3578375896.0
mlp,zamba2,54,0.5,108,256,64,ampere_bf16_s16816gemm_bf16_128x256_ldg8_f2f_stages_64x3_tn,40,7168,133,40,99.80506822612085,98.96667627808152,12.364171834946502,4096,76,99.80506822612085,46,0.19493177387914784,,256,7168,"(256, 1, 1)",6020960,ns,"(112, 64, 1)",6020960.0,4,,,893815890,cycle,903148336,cycle,7146675980,warp,,7146675980.0
mlp,zamba2,54,0.5,108,512,1,ampere_bf16_s16816gemm_bf16_256x128_ldg8_f2f_stages_64x3_tn,40,168,4,6,77.77777777777779,76.82825808471677,9.565000399757334,128,3,79.01234567901234,20,20.98765432098766,,256,168,"(256, 1, 1)",271008,ns,"(14, 4, 3)",271008.0,3,,,28914570,cycle,37635332,cycle,230388458,warp,,230388458.0
mlp,zamba2,54,0.5,108,512,4,ampere_bf16_s16816gemm_bf16_256x128_ldg8_f2f_stages_64x3_tn,40,672,13,24,95.72649572649573,88.89004968482168,11.068916012406723,512,10,94.81481481481482,26,5.185185185185182,,256,672,"(256, 1, 1)",850720,ns,"(14, 16, 3)",850720.0,15,,,113971819,cycle,128216622,cycle,908300173,warp,,908300173.0
mlp,zamba2,54,0.5,108,512,16,ampere_bf16_s16816gemm_bf16_128x256_ldg8_f2f_stages_64x3_tn,40,3584,67,20,99.06025428413488,97.60095211349763,12.19355916413734,2048,38,99.80506822612085,50,0.19493177387914784,,256,3584,"(256, 1, 1)",3054528,ns,"(112, 32, 1)",3054528.0,4,,,447523288,cycle,458523486,cycle,3578261283,warp,,3578261283.0
mlp,zamba2,54,0.5,108,512,32,ampere_bf16_s16816gemm_bf16_128x256_ldg8_f2f_stages_64x3_tn,40,7168,133,40,99.80506822612085,98.9920279509761,12.367325410335035,4096,76,99.80506822612085,46,0.19493177387914784,,256,7168,"(256, 1, 1)",6020576,ns,"(112, 64, 1)",6020576.0,1,,,893908658,cycle,903010754,cycle,7147409820,warp,,7147409820.0
mlp,zamba2,54,0.5,108,512,64,ampere_bf16_s16816gemm_bf16_128x256_ldg8_f2f_stages_64x3_tn,40,14336,266,26,99.80506822612085,99.66415940142925,12.451300778579427,8192,152,99.80506822612085,38,0.19493177387914784,,256,14336,"(256, 1, 1)",12605216,ns,"(112, 128, 1)",12605216.0,1,,,1787463898,cycle,1793487156,cycle,14291998734,warp,,14291998734.0
mlp,zamba2,54,0.5,108,1024,1,ampere_bf16_s16816gemm_bf16_128x256_ldg8_f2f_stages_64x3_tn,40,560,11,20,94.27609427609428,86.815598695956,10.793324075579651,256,5,94.81481481481482,40,5.185185185185182,,256,560,"(256, 1, 1)",459584,ns,"(28, 4, 5)",459584.0,15,,,60278883,cycle,69433240,cycle,479625895,warp,,479625895.0
mlp,zamba2,54,0.5,108,1024,4,ampere_bf16_s16816gemm_bf16_128x256_ldg8_f2f_stages_64x3_tn,40,1792,34,10,97.60348583877996,97.28196932034517,12.153721473553516,1024,19,99.80506822612085,52,0.19493177387914784,,256,1792,"(256, 1, 1)",1534496,ns,"(112, 16, 1)",1534496.0,4,,,224402095,cycle,230671826,cycle,1794253520,warp,,1794253520.0
mlp,zamba2,54,0.5,108,1024,16,ampere_bf16_s16816gemm_bf16_128x256_ldg8_f2f_stages_64x3_tn,40,7168,133,40,99.80506822612085,98.97372778334619,12.365044928437737,4096,76,99.80506822612085,46,0.19493177387914784,,256,7168,"(256, 1, 1)",6015456,ns,"(112, 64, 1)",6015456.0,1,,,893902678,cycle,903171678,cycle,7147365361,warp,,7147365361.0
mlp,zamba2,54,0.5,108,1024,32,ampere_bf16_s16816gemm_bf16_128x256_ldg8_f2f_stages_64x3_tn,40,14336,266,26,99.80506822612085,99.65728909517567,12.450446575392284,8192,152,99.80506822612085,38,0.19493177387914784,,256,14336,"(256, 1, 1)",12896832,ns,"(112, 128, 1)",12896832.0,10,,,1787099015,cycle,1793244660,cycle,14289085975,warp,,14289085975.0
mlp,zamba2,54,0.5,108,1024,64,ampere_bf16_s16816gemm_bf16_128x256_ldg8_f2f_stages_64x3_tn,40,28672,531,52,99.99302504010602,99.67106611129915,12.452170163062535,16384,304,99.80506822612085,22,0.19493177387914784,,256,28672,"(256, 1, 1)",23869344,ns,"(112, 256, 1)",23869344.0,4,,,3573271380,cycle,3585063870,cycle,28570768227,warp,,28570768227.0
mlp,zamba2,54,0.5,108,2048,1,ampere_bf16_s16816gemm_bf16_256x128_ldg8_f2f_stages_64x3_tn,40,672,13,24,95.72649572649573,88.83362312861935,11.063028451163499,512,10,94.81481481481482,26,5.185185185185182,,256,672,"(256, 1, 1)",851264,ns,"(14, 16, 3)",851264.0,15,,,113975372,cycle,128302064,cycle,908422006,warp,,908422006.0
mlp,zamba2,54,0.5,108,2048,4,ampere_bf16_s16816gemm_bf16_128x256_ldg8_f2f_stages_64x3_tn,40,3584,67,20,99.06025428413488,97.589405000306,12.192104502797987,2048,38,99.80506822612085,50,0.19493177387914784,,256,3584,"(256, 1, 1)",3054752,ns,"(112, 32, 1)",3054752.0,1,,,447568991,cycle,458624572,cycle,3578623174,warp,,3578623174.0
mlp,zamba2,54,0.5,108,2048,16,ampere_bf16_s16816gemm_bf16_128x256_ldg8_f2f_stages_64x3_tn,40,14336,266,26,99.80506822612085,99.6226815410471,12.446125704187166,8192,152,99.80506822612085,38,0.19493177387914784,,256,14336,"(256, 1, 1)",11948128,ns,"(112, 128, 1)",11948128.0,7,,,1786984000,cycle,1793752158,cycle,14288169498,warp,,14288169498.0
mlp,zamba2,54,0.5,108,2048,32,ampere_bf16_s16816gemm_bf16_128x256_ldg8_f2f_stages_64x3_tn,40,28672,531,52,99.99302504010602,99.68101241478813,12.453411338717817,16384,304,99.80506822612085,22,0.19493177387914784,,256,28672,"(256, 1, 1)",23890080,ns,"(112, 256, 1)",23890080.0,1,,,3573181827,cycle,3584616308,cycle,28570048880,warp,,28570048880.0
mlp,zamba2,54,0.5,108,2048,64,ampere_bf16_s16816gemm_bf16_128x256_ldg8_f2f_stages_64x3_tn,53,57344,1062,50,99.99302504010602,99.69458150938144,12.455105513825082,32768,607,99.96949173225944,44,0.030508267740558814,,256,57344,"(256, 1, 1)",48586624,ns,"(112, 512, 1)",48586624.0,33,,,7147676895,cycle,7169574100,cycle,57150593219,warp,,57150593219.0
mlp,zamba2,54,0.5,108,4096,1,ampere_bf16_s16816gemm_bf16_128x256_ldg8_f2f_stages_64x3_tn,40,1792,34,10,97.60348583877996,97.3126208624105,12.15754043568226,1024,19,99.80506822612085,52,0.19493177387914784,,256,1792,"(256, 1, 1)",1677792,ns,"(112, 16, 1)",1677792.0,1,,,224368710,cycle,230564862,cycle,1793985045,warp,,1793985045.0
mlp,zamba2,54,0.5,108,4096,4,ampere_bf16_s16816gemm_bf16_128x256_ldg8_f2f_stages_64x3_tn,40,7168,133,40,99.80506822612085,98.96206012229777,12.363574160084951,4096,76,99.80506822612085,46,0.19493177387914784,,256,7168,"(256, 1, 1)",6015008,ns,"(112, 64, 1)",6015008.0,1,,,893892166,cycle,903267540,cycle,7147273739,warp,,7147273739.0
mlp,zamba2,54,0.5,108,4096,16,ampere_bf16_s16816gemm_bf16_128x256_ldg8_f2f_stages_64x3_tn,40,28672,531,52,99.99302504010602,99.67247511258968,12.452345931607972,16384,304,99.80506822612085,22,0.19493177387914784,,256,28672,"(256, 1, 1)",24065056,ns,"(112, 256, 1)",24065056.0,28,,,3573213737,cycle,3584955358,cycle,28570306731,warp,,28570306731.0
mlp,zamba2,54,0.5,108,4096,32,ampere_bf16_s16816gemm_bf16_128x256_ldg8_f2f_stages_64x3_tn,53,57344,1062,50,99.99302504010602,99.81259988520449,12.469850144500686,32768,607,99.96949173225944,44,0.030508267740558814,,256,57344,"(256, 1, 1)",48449536,ns,"(112, 512, 1)",48449536.0,25,,,7147703195,cycle,7161123148,cycle,57150804814,warp,,57150804814.0
mlp,zamba2,54,0.5,108,4096,64,ampere_bf16_s16816gemm_bf16_128x256_ldg8_f2f_stages_64x3_tn,79,114688,2124,46,99.99302504010602,99.7539122602007,12.462502564801268,65536,1214,99.96949173225944,34,0.030508267740558814,,256,114688,"(256, 1, 1)",101608512,ns,"(112, 1024, 1)",101608512.0,7,,,14290252309,cycle,14325505622,cycle,114260256356,warp,,114260256356.0
mlp,zamba2,54,0.5,108,8192,1,ampere_bf16_s16816gemm_bf16_128x256_ldg8_f2f_stages_64x3_tn,40,3584,67,20,99.06025428413488,97.57236368198946,12.1899852672346,2048,38,99.80506822612085,50,0.19493177387914784,,256,3584,"(256, 1, 1)",3057600,ns,"(112, 32, 1)",3057600.0,31,,,447490125,cycle,458623844,cycle,3577995457,warp,,3577995457.0
mlp,zamba2,54,0.5,108,8192,4,ampere_bf16_s16816gemm_bf16_128x256_ldg8_f2f_stages_64x3_tn,40,14336,266,26,99.80506822612085,99.61296662303636,12.444909458187343,8192,152,99.80506822612085,38,0.19493177387914784,,256,14336,"(256, 1, 1)",11958272,ns,"(112, 128, 1)",11958272.0,16,,,1786952440,cycle,1793895414,cycle,14287914243,warp,,14287914243.0
mlp,zamba2,54,0.5,108,8192,16,ampere_bf16_s16816gemm_bf16_128x256_ldg8_f2f_stages_64x3_tn,53,57344,1062,50,99.99302504010602,99.81250498504092,12.4698382721044,32768,607,99.96949173225944,44,0.030508267740558814,,256,57344,"(256, 1, 1)",48882528,ns,"(112, 512, 1)",48882528.0,13,,,7147773101,cycle,7161199994,cycle,57151363686,warp,,57151363686.0
mlp,zamba2,54,0.5,108,8192,32,ampere_bf16_s16816gemm_bf16_128x256_ldg8_f2f_stages_64x3_tn,79,114688,2124,46,99.99302504010602,99.82047906589109,12.470821888034694,65536,1214,99.96949173225944,34,0.030508267740558814,,256,114688,"(256, 1, 1)",104822240,ns,"(112, 1024, 1)",104822240.0,49,,,14292829797,cycle,14318534564,cycle,114280892317,warp,,114280892317.0
mlp,zamba2,54,0.5,108,8192,64,ampere_bf16_s16816gemm_bf16_128x256_ldg8_f2f_stages_64x3_tn,132,229376,4248,38,99.99302504010602,99.81434488619678,12.470061449172288,131072,2428,99.96949173225944,14,0.030508267740558814,,256,229376,"(256, 1, 1)",204875072,ns,"(112, 2048, 1)",204875072.0,102,,,28586707089,cycle,28639878488,cycle,228570268571,warp,,228570268571.0
mlp,zamba2,54,0.5,108,16384,1,ampere_bf16_s16816gemm_bf16_128x256_ldg8_f2f_stages_64x3_tn,40,7168,133,40,99.80506822612085,98.9644347027737,12.363887296018392,4096,76,99.80506822612085,46,0.19493177387914784,,256,7168,"(256, 1, 1)",6030944,ns,"(112, 64, 1)",6030944.0,1,,,893868299,cycle,903221750,cycle,7147092429,warp,,7147092429.0
mlp,zamba2,54,0.5,108,16384,4,ampere_bf16_s16816gemm_bf16_128x256_ldg8_f2f_stages_64x3_tn,40,28672,531,52,99.99302504010602,99.70547530247885,12.456463410653106,16384,304,99.80506822612085,22,0.19493177387914784,,256,28672,"(256, 1, 1)",26379424,ns,"(112, 256, 1)",26379424.0,1,,,3573000368,cycle,3583554822,cycle,28568588493,warp,,28568588493.0
mlp,zamba2,54,0.5,108,16384,16,ampere_bf16_s16816gemm_bf16_128x256_ldg8_f2f_stages_64x3_tn,79,114688,2124,46,99.99302504010602,99.77361266001435,12.46496989323612,65536,1214,99.96949173225944,34,0.030508267740558814,,256,114688,"(256, 1, 1)",98312000,ns,"(112, 1024, 1)",98312000.0,7,,,14295449043,cycle,14327885562,cycle,114301863785,warp,,114301863785.0
mlp,zamba2,54,0.5,108,16384,32,ampere_bf16_s16816gemm_bf16_128x256_ldg8_f2f_stages_64x3_tn,132,229376,4248,38,99.99302504010602,99.79674785631853,12.467861281920555,131072,2428,99.96949173225944,14,0.030508267740558814,,256,229376,"(256, 1, 1)",207501312,ns,"(112, 2048, 1)",207501312.0,92,,,28586199752,cycle,28644420150,cycle,228566180436,warp,,228566180436.0
mlp,zamba2,54,0.5,108,16384,64,ampere_bf16_s16816gemm_bf16_128x256_ldg8_f2f_stages_64x3_tn,277,458752,8496,22,99.99302504010602,99.81053762739299,12.469587014980972,262144,4855,99.99008277072129,28,0.00991722927871086,,256,458752,"(256, 1, 1)",410910976,ns,"(112, 4096, 1)",410910976.0,151,,,57164378236,cycle,57272888810,cycle,457068333194,warp,,457068333194.0
mlp,zamba2,54,0.5,108,32768,1,ampere_bf16_s16816gemm_bf16_128x256_ldg8_f2f_stages_64x3_tn,40,14336,266,26,99.80506822612085,99.60645240655161,12.444102406653219,8192,152,99.80506822612085,38,0.19493177387914784,,256,14336,"(256, 1, 1)",11969856,ns,"(112, 128, 1)",11969856.0,25,,,1787006112,cycle,1794066618,cycle,14288351180,warp,,14288351180.0
mlp,zamba2,54,0.5,108,32768,4,ampere_bf16_s16816gemm_bf16_128x256_ldg8_f2f_stages_64x3_tn,53,57344,1062,50,99.99302504010602,99.72107168386623,12.458415993046362,32768,607,99.96949173225944,44,0.030508267740558814,,256,57344,"(256, 1, 1)",49012288,ns,"(112, 512, 1)",49012288.0,25,,,7146881068,cycle,7166871502,cycle,57144234586,warp,,57144234586.0
mlp,zamba2,54,0.5,108,32768,16,ampere_bf16_s16816gemm_bf16_128x256_ldg8_f2f_stages_64x3_tn,132,229376,4248,38,99.99302504010602,99.79981279137412,12.468244441132887,131072,2428,99.96949173225944,14,0.030508267740558814,,256,229376,"(256, 1, 1)",205425728,ns,"(112, 2048, 1)",205425728.0,122,,,28585618418,cycle,28642957956,cycle,228561536840,warp,,228561536840.0
mlp,zamba2,54,0.5,108,32768,32,ampere_bf16_s16816gemm_bf16_128x256_ldg8_f2f_stages_64x3_tn,277,458752,8496,22,99.99302504010602,99.82790884109787,12.471756838090139,262144,4855,99.99008277072129,28,0.00991722927871086,,256,458752,"(256, 1, 1)",416479648,ns,"(112, 4096, 1)",416479648.0,46,,,57164768500,cycle,57263313600,cycle,457071438696,warp,,457071438696.0
,,54,0.5,108,32768,64,,,,,,,,,524288,9710,99.99008277072129,2,0.00991722927871086,ncu exit code 1,,,,,,,,,,"==WARNING== Note: Running with unmodified GPU clocks. If not controlled otherwise, profiling results may be inconsistent.
==PROF== Connected to process 1068621 (/apps/applications/Miniconda/25.11.1/envs/pytorch_2.9.1_cuda13/bin/python3.14)
Loading Zamba2 from Zyphra/Zamba2-7B-Instruct …
==PROF== Disconnected from process 1068621
==ERROR== The application returned an error code (1).
""ID"",""Process ID"",""Process Name"",""Host Name"",""Kernel Name"",""Context"",""Stream"",""Block Size"",""Grid Size"",""Device"",""CC"",""Section Name"",""Metric Name"",""Metric Unit"",""Metric Value""
""0"",""1068621"",""python3.14"",""127.0.0.1"",""void at::<unnamed>::distribution_elementwise_grid_stride_kernel<float, 4, void at::normal_and_transform<c10::BFloat16, float, at::CUDAGeneratorImpl *, void at::normal_kernel<at::CUDAGeneratorImpl *>(const at::TensorBase &, double, double, T1)::[lambda() (instance 1)]::operator ()() const::[lambda() (instance 4)]::operator ()() const::[lambda(float) (instance 1)]>(at::TensorIteratorBase &, T3, T4):",,,,,,,"/apps/applications/Miniconda/25.11.1/envs/pytorch_2.9.1_cuda13/lib/python3.14/site-packages/torch/cuda/__init__.py:63: FutureWarning: The pynvml package is deprecated. Please install nvidia-ml-py instead. If you did not install pynvml directly, please report this to the maintainers of the package that installed pynvml for you.
  import pynvml  # type: ignore[import]
[transformers] `torch_dtype` is deprecated! Use `dtype` instead!
Traceback (most recent call last):
  File ""/scratch/ehmoon/whlee/prefill-layer-alloc/stage1_sm_scaling/../src/profiling/_ncu_target.py"", line 190, in <module>
    main()
    ~~~~^^
  File ""/scratch/ehmoon/whlee/prefill-layer-alloc/stage1_sm_scaling/../src/profiling/_ncu_target.py"", line 175, in main
    kernel()
    ~~~~~~^^
  File ""/scratch/ehmoon/whlee/prefill-layer-alloc/stage1_sm_scaling/../src/profiling/_ncu_target.py"", line 170, in kernel
    layer(inputs)
    ~~~~~^^^^^^^^
  File ""/apps/applications/Miniconda/25.11.1/envs/pytorch_2.9.1_cuda13/lib/python",
mlp,zamba2,68,0.6296296296296297,108,256,1,ampere_bf16_s16816gemm_bf16_256x128_ldg8_f2f_stages_64x3_tn,40,84,2,16,61.76470588235294,72.59398002128758,9.037621361685927,64,1,94.11764705882352,64,5.882352941176472,,256,84,"(256, 1, 1)",134880,ns,"(14, 2, 3)",134880.0,30,,,14846462,cycle,20451368,cycle,118292301,warp,,118292301.0
mlp,zamba2,68,0.6296296296296297,108,256,4,ampere_bf16_s16816gemm_bf16_128x256_ldg8_f2f_stages_64x3_tn,40,560,9,16,91.50326797385621,86.85271173987495,10.797989001775107,256,4,94.11764705882352,52,5.882352941176472,,256,560,"(256, 1, 1)",460192,ns,"(28, 4, 5)",460192.0,3,,,60324482,cycle,69456072,cycle,479990977,warp,,479990977.0
mlp,zamba2,68,0.6296296296296297,108,256,16,ampere_bf16_s16816gemm_bf16_128x256_ldg8_f2f_stages_64x3_tn,40,1792,27,24,97.60348583877996,97.30216535583324,12.156213149398061,1024,16,94.11764705882352,4,5.882352941176472,,256,1792,"(256, 1, 1)",1658656,ns,"(112, 16, 1)",1658656.0,1,,,224362322,cycle,230583072,cycle,1793930862,warp,,1793930862.0
mlp,zamba2,68,0.6296296296296297,108,256,32,ampere_bf16_s16816gemm_bf16_128x256_ldg8_f2f_stages_64x3_tn,40,3584,53,48,99.44506104328525,97.63271555011652,12.1975163832979,2048,31,97.15370018975332,8,2.8462998102466774,,256,3584,"(256, 1, 1)",3057824,ns,"(112, 32, 1)",3057824.0,1,,,447549485,cycle,458401144,cycle,3578467497,warp,,3578467497.0
mlp,zamba2,68,0.6296296296296297,108,256,64,ampere_bf16_s16816gemm_bf16_128x256_ldg8_f2f_stages_64x3_tn,40,7168,106,28,99.44506104328525,98.9743287746649,12.36512725795217,4096,61,98.74638379942141,16,1.253616200578589,,256,7168,"(256, 1, 1)",6213408,ns,"(112, 64, 1)",6213408.0,1,,,894004891,cycle,903269466,cycle,7148186813,warp,,7148186813.0
mlp,zamba2,68,0.6296296296296297,108,512,1,ampere_bf16_s16816gemm_bf16_256x128_ldg8_f2f_stages_64x3_tn,40,168,3,32,82.35294117647058,76.61909619491276,9.54037506043438,128,2,94.11764705882352,60,5.882352941176472,,256,168,"(256, 1, 1)",250016,ns,"(14, 4, 3)",250016.0,3,,,28950360,cycle,37784784,cycle,230707847,warp,,230707847.0
mlp,zamba2,68,0.6296296296296297,108,512,4,ampere_bf16_s16816gemm_bf16_256x128_ldg8_f2f_stages_64x3_tn,40,672,10,60,98.82352941176471,88.9005264285489,11.068305154647843,512,8,94.11764705882352,36,5.882352941176472,,256,672,"(256, 1, 1)",850560,ns,"(14, 16, 3)",850560.0,24,,,113979020,cycle,128209612,cycle,908200390,warp,,908200390.0
mlp,zamba2,68,0.6296296296296297,108,512,16,ampere_bf16_s16816gemm_bf16_128x256_ldg8_f2f_stages_64x3_tn,40,3584,53,48,99.44506104328525,97.6099619787103,12.194673992711664,2048,31,97.15370018975332,8,2.8462998102466774,,256,3584,"(256, 1, 1)",3057600,ns,"(112, 32, 1)",3057600.0,1,,,447709026,cycle,458671448,cycle,3579743218,warp,,3579743218.0
mlp,zamba2,68,0.6296296296296297,108,512,32,ampere_bf16_s16816gemm_bf16_128x256_ldg8_f2f_stages_64x3_tn,40,7168,106,28,99.44506104328525,98.89576879262899,12.35531114586549,4096,61,98.74638379942141,16,1.253616200578589,,256,7168,"(256, 1, 1)",6137376,ns,"(112, 64, 1)",6137376.0,4,,,894313917,cycle,904299474,cycle,7150656877,warp,,7150656877.0
mlp,zamba2,68,0.6296296296296297,108,512,64,ampere_bf16_s16816gemm_bf16_128x256_ldg8_f2f_stages_64x3_tn,40,14336,211,56,99.91636465012546,99.64857545872316,12.449360578198396,8192,121,99.56246961594555,32,0.437530384054452,,256,14336,"(256, 1, 1)",12602016,ns,"(112, 128, 1)",12602016.0,7,,,1787169654,cycle,1793472356,cycle,14289653790,warp,,14289653790.0
mlp,zamba2,68,0.6296296296296297,108,1024,1,ampere_bf16_s16816gemm_bf16_128x256_ldg8_f2f_stages_64x3_tn,40,560,9,16,91.50326797385621,86.8499219308243,10.79789430738145,256,4,94.11764705882352,52,5.882352941176472,,256,560,"(256, 1, 1)",459840,ns,"(28, 4, 5)",459840.0,3,,,60337248,cycle,69473002,cycle,480103765,warp,,480103765.0
mlp,zamba2,68,0.6296296296296297,108,1024,4,ampere_bf16_s16816gemm_bf16_128x256_ldg8_f2f_stages_64x3_tn,40,1792,27,24,97.60348583877996,97.3012478641352,12.156118485024239,1024,16,94.11764705882352,4,5.882352941176472,,256,1792,"(256, 1, 1)",1536192,ns,"(112, 16, 1)",1536192.0,1,,,224368514,cycle,230591610,cycle,1793983317,warp,,1793983317.0
mlp,zamba2,68,0.6296296296296297,108,1024,16,ampere_bf16_s16816gemm_bf16_128x256_ldg8_f2f_stages_64x3_tn,40,7168,106,28,99.44506104328525,98.97407634948729,12.36509377769189,4096,61,98.74638379942141,16,1.253616200578589,,256,7168,"(256, 1, 1)",6015040,ns,"(112, 64, 1)",6015040.0,7,,,893822102,cycle,903087086,cycle,7146724165,warp,,7146724165.0
mlp,zamba2,68,0.6296296296296297,108,1024,32,ampere_bf16_s16816gemm_bf16_128x256_ldg8_f2f_stages_64x3_tn,40,14336,211,56,99.91636465012546,99.59575027374545,12.442765397847028,8192,121,99.56246961594555,32,0.437530384054452,,256,14336,"(256, 1, 1)",11952000,ns,"(112, 128, 1)",11952000.0,25,,,1787097586,cycle,1794351246,cycle,14289082621,warp,,14289082621.0
mlp,zamba2,68,0.6296296296296297,108,1024,64,ampere_bf16_s16816gemm_bf16_128x256_ldg8_f2f_stages_64x3_tn,40,28672,422,44,99.91636465012546,99.69121082427692,12.454686460209071,16384,241,99.97559189650964,64,0.024408103490358712,,256,28672,"(256, 1, 1)",23875552,ns,"(112, 256, 1)",23875552.0,1,,,3573186411,cycle,3584254200,cycle,28570087843,warp,,28570087843.0
mlp,zamba2,68,0.6296296296296297,108,2048,1,ampere_bf16_s16816gemm_bf16_256x128_ldg8_f2f_stages_64x3_tn,40,672,10,60,98.82352941176471,88.92051863655547,11.072637729918368,512,8,94.11764705882352,36,5.882352941176472,,256,672,"(256, 1, 1)",850272,ns,"(14, 16, 3)",850272.0,27,,,113964547,cycle,128164510,cycle,908236281,warp,,908236281.0
mlp,zamba2,68,0.6296296296296297,108,2048,4,ampere_bf16_s16816gemm_bf16_128x256_ldg8_f2f_stages_64x3_tn,40,3584,53,48,99.44506104328525,97.61045255263258,12.194733890324514,2048,31,97.15370018975332,8,2.8462998102466774,,256,3584,"(256, 1, 1)",3056544,ns,"(112, 32, 1)",3056544.0,1,,,447529340,cycle,458485058,cycle,3578306096,warp,,3578306096.0
mlp,zamba2,68,0.6296296296296297,108,2048,16,ampere_bf16_s16816gemm_bf16_128x256_ldg8_f2f_stages_64x3_tn,40,14336,211,56,99.91636465012546,99.59599287461252,12.442793074537349,8192,121,99.56246961594555,32,0.437530384054452,,256,14336,"(256, 1, 1)",11955328,ns,"(112, 128, 1)",11955328.0,19,,,1786870484,cycle,1794118852,cycle,14287263761,warp,,14287263761.0
mlp,zamba2,68,0.6296296296296297,108,2048,32,ampere_bf16_s16816gemm_bf16_128x256_ldg8_f2f_stages_64x3_tn,40,28672,422,44,99.91636465012546,99.63354094262992,12.447477431797074,16384,241,99.97559189650964,64,0.024408103490358712,,256,28672,"(256, 1, 1)",26677984,ns,"(112, 256, 1)",26677984.0,31,,,3573232127,cycle,3586374722,cycle,28570443785,warp,,28570443785.0
mlp,zamba2,68,0.6296296296296297,108,2048,64,ampere_bf16_s16816gemm_bf16_128x256_ldg8_f2f_stages_64x3_tn,53,57344,844,20,99.91636465012546,99.81417973658118,12.470048102459147,32768,482,99.97559189650964,60,0.024408103490358712,,256,57344,"(256, 1, 1)",48786432,ns,"(112, 512, 1)",48786432.0,33,,,7147533842,cycle,7160840134,cycle,57149453392,warp,,57149453392.0
mlp,zamba2,68,0.6296296296296297,108,4096,1,ampere_bf16_s16816gemm_bf16_128x256_ldg8_f2f_stages_64x3_tn,40,1792,27,24,97.60348583877996,97.30783157902223,12.156936183933265,1024,16,94.11764705882352,4,5.882352941176472,,256,1792,"(256, 1, 1)",1534400,ns,"(112, 16, 1)",1534400.0,4,,,224360906,cycle,230568190,cycle,1793921774,warp,,1793921774.0
mlp,zamba2,68,0.6296296296296297,108,4096,4,ampere_bf16_s16816gemm_bf16_128x256_ldg8_f2f_stages_64x3_tn,40,7168,106,28,99.44506104328525,98.97982505686116,12.365813335919096,4096,61,98.74638379942141,16,1.253616200578589,,256,7168,"(256, 1, 1)",6018112,ns,"(112, 64, 1)",6018112.0,4,,,893857896,cycle,903070798,cycle,7147011147,warp,,7147011147.0
mlp,zamba2,68,0.6296296296296297,108,4096,16,ampere_bf16_s16816gemm_bf16_128x256_ldg8_f2f_stages_64x3_tn,40,28672,422,44,99.91636465012546,99.6779429665652,12.453029761320032,16384,241,99.97559189650964,64,0.024408103490358712,,256,28672,"(256, 1, 1)",23974016,ns,"(112, 256, 1)",23974016.0,22,,,3573060675,cycle,3584605148,cycle,28569084538,warp,,28569084538.0
mlp,zamba2,68,0.6296296296296297,108,4096,32,ampere_bf16_s16816gemm_bf16_128x256_ldg8_f2f_stages_64x3_tn,53,57344,844,20,99.91636465012546,99.81365326889039,12.469980397844035,32768,482,99.97559189650964,60,0.024408103490358712,,256,57344,"(256, 1, 1)",48841568,ns,"(112, 512, 1)",48841568.0,37,,,7147459982,cycle,7160803906,cycle,57148853978,warp,,57148853978.0
mlp,zamba2,68,0.6296296296296297,108,4096,64,ampere_bf16_s16816gemm_bf16_128x256_ldg8_f2f_stages_64x3_tn,79,114688,1687,40,99.97559189650964,99.79285600896966,12.46737169785362,65536,964,99.97559189650964,52,0.024408103490358712,,256,114688,"(256, 1, 1)",100930304,ns,"(112, 1024, 1)",100930304.0,7,,,14298486598,cycle,14328166534,cycle,114326129874,warp,,114326129874.0
mlp,zamba2,68,0.6296296296296297,108,8192,1,ampere_bf16_s16816gemm_bf16_128x256_ldg8_f2f_stages_64x3_tn,40,3584,53,48,99.44506104328525,97.5868661095804,12.19180152936158,2048,31,97.15370018975332,8,2.8462998102466774,,256,3584,"(256, 1, 1)",3056800,ns,"(112, 32, 1)",3056800.0,31,,,447559006,cycle,458626272,cycle,3578547510,warp,,3578547510.0
mlp,zamba2,68,0.6296296296296297,108,8192,4,ampere_bf16_s16816gemm_bf16_128x256_ldg8_f2f_stages_64x3_tn,40,14336,211,56,99.91636465012546,99.5791875921315,12.440690186757495,8192,121,99.56246961594555,32,0.437530384054452,,256,14336,"(256, 1, 1)",11961600,ns,"(112, 128, 1)",11961600.0,1,,,1786862230,cycle,1794413344,cycle,14287193907,warp,,14287193907.0
mlp,zamba2,68,0.6296296296296297,108,8192,16,ampere_bf16_s16816gemm_bf16_128x256_ldg8_f2f_stages_64x3_tn,53,57344,844,20,99.91636465012546,99.81336182085127,12.469943537218793,32768,482,99.97559189650964,60,0.024408103490358712,,256,57344,"(256, 1, 1)",48650912,ns,"(112, 512, 1)",48650912.0,21,,,7147643392,cycle,7161008568,cycle,57150318408,warp,,57150318408.0
mlp,zamba2,68,0.6296296296296297,108,8192,32,ampere_bf16_s16816gemm_bf16_128x256_ldg8_f2f_stages_64x3_tn,79,114688,1687,40,99.97559189650964,99.82019332862767,12.470782934892268,65536,964,99.97559189650964,52,0.024408103490358712,,256,114688,"(256, 1, 1)",102721568,ns,"(112, 1024, 1)",102721568.0,25,,,14293181716,cycle,14318928104,cycle,114283676317,warp,,114283676317.0
mlp,zamba2,68,0.6296296296296297,108,8192,64,ampere_bf16_s16816gemm_bf16_128x256_ldg8_f2f_stages_64x3_tn,132,229376,3374,12,99.97559189650964,99.82481670640068,12.471373322998101,131072,1928,99.97559189650964,36,0.024408103490358712,,256,229376,"(256, 1, 1)",205886528,ns,"(112, 2048, 1)",205886528.0,2,,,28583241808,cycle,28633402746,cycle,228542627298,warp,,228542627298.0
mlp,zamba2,68,0.6296296296296297,108,16384,1,ampere_bf16_s16816gemm_bf16_128x256_ldg8_f2f_stages_64x3_tn,40,7168,106,28,99.44506104328525,98.96253016897036,12.363644991851006,4096,61,98.74638379942141,16,1.253616200578589,,256,7168,"(256, 1, 1)",6023392,ns,"(112, 64, 1)",6023392.0,1,,,893911939,cycle,903283230,cycle,7147438837,warp,,7147438837.0
mlp,zamba2,68,0.6296296296296297,108,16384,4,ampere_bf16_s16816gemm_bf16_128x256_ldg8_f2f_stages_64x3_tn,40,28672,422,44,99.91636465012546,99.69176168755146,12.454753569586927,16384,241,99.97559189650964,64,0.024408103490358712,,256,28672,"(256, 1, 1)",25475936,ns,"(112, 256, 1)",25475936.0,1,,,3573425547,cycle,3584474270,cycle,28571995974,warp,,28571995974.0
mlp,zamba2,68,0.6296296296296297,108,16384,16,ampere_bf16_s16816gemm_bf16_128x256_ldg8_f2f_stages_64x3_tn,79,114688,1687,40,99.97559189650964,99.81995240338043,12.470752488453453,65536,964,99.97559189650964,52,0.024408103490358712,,256,114688,"(256, 1, 1)",101069472,ns,"(112, 1024, 1)",101069472.0,37,,,14294145202,cycle,14319927888,cycle,114291376860,warp,,114291376860.0
mlp,zamba2,68,0.6296296296296297,108,16384,32,ampere_bf16_s16816gemm_bf16_128x256_ldg8_f2f_stages_64x3_tn,132,229376,3374,12,99.97559189650964,99.82908917115371,12.471906368192352,131072,1928,99.97559189650964,36,0.024408103490358712,,256,229376,"(256, 1, 1)",205286304,ns,"(112, 2048, 1)",205286304.0,2,,,28584527098,cycle,28633464790,cycle,228552890789,warp,,228552890789.0
mlp,zamba2,68,0.6296296296296297,108,16384,64,ampere_bf16_s16816gemm_bf16_128x256_ldg8_f2f_stages_64x3_tn,277,458752,6747,24,99.99040968099112,99.82865095776269,12.471849361541292,262144,3856,99.97559189650964,4,0.024408103490358712,,256,458752,"(256, 1, 1)",415936096,ns,"(112, 4096, 1)",415936096.0,46,,,57166035669,cycle,57264157254,cycle,457081563576,warp,,457081563576.0
mlp,zamba2,68,0.6296296296296297,108,32768,1,ampere_bf16_s16816gemm_bf16_128x256_ldg8_f2f_stages_64x3_tn,40,14336,211,56,99.91636465012546,99.58655001769921,12.441611120998964,8192,121,99.56246961594555,32,0.437530384054452,,256,14336,"(256, 1, 1)",12017408,ns,"(112, 128, 1)",12017408.0,31,,,1786870861,cycle,1794289350,cycle,14287264212,warp,,14287264212.0
mlp,zamba2,68,0.6296296296296297,108,32768,4,ampere_bf16_s16816gemm_bf16_128x256_ldg8_f2f_stages_64x3_tn,53,57344,844,20,99.91636465012546,99.69107488858702,12.454669380343956,32768,482,99.97559189650964,60,0.024408103490358712,,256,57344,"(256, 1, 1)",48909216,ns,"(112, 512, 1)",48909216.0,5,,,7147634669,cycle,7169783932,cycle,57150264577,warp,,57150264577.0
mlp,zamba2,68,0.6296296296296297,108,32768,16,ampere_bf16_s16816gemm_bf16_128x256_ldg8_f2f_stages_64x3_tn,132,229376,3374,12,99.97559189650964,99.78854660095648,12.466835082610817,131072,1928,99.97559189650964,36,0.024408103490358712,,256,229376,"(256, 1, 1)",206555936,ns,"(112, 2048, 1)",206555936.0,102,,,28582464036,cycle,28643030698,cycle,228536281586,warp,,228536281586.0
mlp,zamba2,68,0.6296296296296297,108,32768,32,ampere_bf16_s16816gemm_bf16_128x256_ldg8_f2f_stages_64x3_tn,277,458752,6747,24,99.99040968099112,99.8251778614871,12.47141597706598,262144,3856,99.97559189650964,4,0.024408103490358712,,256,458752,"(256, 1, 1)",415942528,ns,"(112, 4096, 1)",415942528.0,25,,,57165940120,cycle,57266053860,cycle,457080818594,warp,,457080818594.0
,,68,0.6296296296296297,108,32768,64,,,,,,,,,524288,7711,99.98855721772564,8,0.01144278227436235,ncu exit code 1,,,,,,,,,,"==WARNING== Note: Running with unmodified GPU clocks. If not controlled otherwise, profiling results may be inconsistent.
==PROF== Connected to process 1082000 (/apps/applications/Miniconda/25.11.1/envs/pytorch_2.9.1_cuda13/bin/python3.14)
Loading Zamba2 from Zyphra/Zamba2-7B-Instruct …
==PROF== Disconnected from process 1082000
==ERROR== The application returned an error code (1).
""ID"",""Process ID"",""Process Name"",""Host Name"",""Kernel Name"",""Context"",""Stream"",""Block Size"",""Grid Size"",""Device"",""CC"",""Section Name"",""Metric Name"",""Metric Unit"",""Metric Value""
""0"",""1082000"",""python3.14"",""127.0.0.1"",""void at::<unnamed>::distribution_elementwise_grid_stride_kernel<float, 4, void at::normal_and_transform<c10::BFloat16, float, at::CUDAGeneratorImpl *, void at::normal_kernel<at::CUDAGeneratorImpl *>(const at::TensorBase &, double, double, T1)::[lambda() (instance 1)]::operator ()() const::[lambda() (instance 4)]::operator ()() const::[lambda(float) (instance 1)]>(at::TensorIteratorBase &, T3, T4):",,,,,,,"/apps/applications/Miniconda/25.11.1/envs/pytorch_2.9.1_cuda13/lib/python3.14/site-packages/torch/cuda/__init__.py:63: FutureWarning: The pynvml package is deprecated. Please install nvidia-ml-py instead. If you did not install pynvml directly, please report this to the maintainers of the package that installed pynvml for you.
  import pynvml  # type: ignore[import]
[transformers] `torch_dtype` is deprecated! Use `dtype` instead!
Traceback (most recent call last):
  File ""/scratch/ehmoon/whlee/prefill-layer-alloc/stage1_sm_scaling/../src/profiling/_ncu_target.py"", line 190, in <module>
    main()
    ~~~~^^
  File ""/scratch/ehmoon/whlee/prefill-layer-alloc/stage1_sm_scaling/../src/profiling/_ncu_target.py"", line 175, in main
    kernel()
    ~~~~~~^^
  File ""/scratch/ehmoon/whlee/prefill-layer-alloc/stage1_sm_scaling/../src/profiling/_ncu_target.py"", line 170, in kernel
    layer(inputs)
    ~~~~~^^^^^^^^
  File ""/apps/applications/Miniconda/25.11.1/envs/pytorch_2.9.1_cuda13/lib/python",
mlp,zamba2,81,0.75,108,256,1,ampere_bf16_s16816gemm_bf16_256x128_ldg8_f2f_stages_64x3_tn,40,84,2,3,51.85185185185185,72.90441827623121,9.07570335202462,64,1,79.01234567901234,64,20.98765432098766,,256,84,"(256, 1, 1)",134688,ns,"(14, 2, 3)",134688.0,33,,,14884376,cycle,20416288,cycle,118586991,warp,,118586991.0
mlp,zamba2,81,0.75,108,256,4,ampere_bf16_s16816gemm_bf16_128x256_ldg8_f2f_stages_64x3_tn,40,560,7,74,98.76543209876543,86.77269548862976,10.78816709929539,256,4,79.01234567901234,13,20.98765432098766,,256,560,"(256, 1, 1)",460000,ns,"(28, 4, 5)",460000.0,3,,,60327021,cycle,69523046,cycle,480016792,warp,,480016792.0
mlp,zamba2,81,0.75,108,256,16,ampere_bf16_s16816gemm_bf16_128x256_ldg8_f2f_stages_64x3_tn,40,1792,23,10,96.18894256575416,97.31795416345936,12.158212658306342,1024,13,97.24596391263059,52,2.754036087369416,,256,1792,"(256, 1, 1)",1851936,ns,"(112, 16, 1)",1851936.0,1,,,224391120,cycle,230575254,cycle,1794165102,warp,,1794165102.0
mlp,zamba2,81,0.75,108,256,32,ampere_bf16_s16816gemm_bf16_128x256_ldg8_f2f_stages_64x3_tn,40,3584,45,20,98.32647462277092,97.61977766912709,12.195901139114284,2048,26,97.24596391263059,23,2.754036087369416,,256,3584,"(256, 1, 1)",3058624,ns,"(112, 32, 1)",3058624.0,1,,,447555659,cycle,458468222,cycle,3578517191,warp,,3578517191.0
mlp,zamba2,81,0.75,108,256,64,ampere_bf16_s16816gemm_bf16_128x256_ldg8_f2f_stages_64x3_tn,40,7168,89,40,99.43126647246497,98.95649733603673,12.36289924334499,4096,51,99.15274751876059,46,0.8472524812394133,,256,7168,"(256, 1, 1)",6024224,ns,"(112, 64, 1)",6024224.0,25,,,893831313,cycle,903256822,cycle,7146798772,warp,,7146798772.0
mlp,zamba2,81,0.75,108,512,1,ampere_bf16_s16816gemm_bf16_256x128_ldg8_f2f_stages_64x3_tn,40,168,3,6,69.1358024691358,76.90528603702246,9.570577178585415,128,2,79.01234567901234,47,20.98765432098766,,256,168,"(256, 1, 1)",249120,ns,"(14, 4, 3)",249120.0,3,,,28951684,cycle,37645896,cycle,230587490,warp,,230587490.0
mlp,zamba2,81,0.75,108,512,4,ampere_bf16_s16816gemm_bf16_256x128_ldg8_f2f_stages_64x3_tn,40,672,9,24,92.18106995884774,88.88636414122185,11.07028650782918,512,7,90.29982363315696,26,9.700176366843039,,256,672,"(256, 1, 1)",851136,ns,"(14, 16, 3)",851136.0,3,,,114040183,cycle,128298850,cycle,908995218,warp,,908995218.0
mlp,zamba2,81,0.75,108,512,16,ampere_bf16_s16816gemm_bf16_128x256_ldg8_f2f_stages_64x3_tn,40,3584,45,20,98.32647462277092,97.58469372573376,12.191525677892693,2048,26,97.24596391263059,23,2.754036087369416,,256,3584,"(256, 1, 1)",3055296,ns,"(112, 32, 1)",3055296.0,22,,,447556674,cycle,458634092,cycle,3578527558,warp,,3578527558.0
mlp,zamba2,81,0.75,108,512,32,ampere_bf16_s16816gemm_bf16_128x256_ldg8_f2f_stages_64x3_tn,40,7168,89,40,99.43126647246497,98.94840925467899,12.361884902174074,4096,51,99.15274751876059,46,0.8472524812394133,,256,7168,"(256, 1, 1)",6422752,ns,"(112, 64, 1)",6422752.0,1,,,894151462,cycle,903654206,cycle,7149356343,warp,,7149356343.0
mlp,zamba2,81,0.75,108,512,64,ampere_bf16_s16816gemm_bf16_128x256_ldg8_f2f_stages_64x3_tn,40,14336,177,80,99.99302504010602,99.65008933432567,12.449552086551439,8192,102,99.15274751876059,11,0.8472524812394133,,256,14336,"(256, 1, 1)",11975712,ns,"(112, 128, 1)",11975712.0,37,,,1787080310,cycle,1793355452,cycle,14288942150,warp,,14288942150.0
mlp,zamba2,81,0.75,108,1024,1,ampere_bf16_s16816gemm_bf16_128x256_ldg8_f2f_stages_64x3_tn,40,560,7,74,98.76543209876543,86.66920711910765,10.775304119935146,256,4,79.01234567901234,13,20.98765432098766,,256,560,"(256, 1, 1)",459808,ns,"(28, 4, 5)",459808.0,39,,,60264173,cycle,69533546,cycle,479516867,warp,,479516867.0
mlp,zamba2,81,0.75,108,1024,4,ampere_bf16_s16816gemm_bf16_128x256_ldg8_f2f_stages_64x3_tn,40,1792,23,10,96.18894256575416,97.29876435119566,12.155816553711034,1024,13,97.24596391263059,52,2.754036087369416,,256,1792,"(256, 1, 1)",1658496,ns,"(112, 16, 1)",1658496.0,4,,,224369207,cycle,230598208,cycle,1793990089,warp,,1793990089.0
mlp,zamba2,81,0.75,108,1024,16,ampere_bf16_s16816gemm_bf16_128x256_ldg8_f2f_stages_64x3_tn,40,7168,89,40,99.43126647246497,98.97010123112668,12.364597272068355,4096,51,99.15274751876059,46,0.8472524812394133,,256,7168,"(256, 1, 1)",6019456,ns,"(112, 64, 1)",6019456.0,4,,,893986202,cycle,903289166,cycle,7148036325,warp,,7148036325.0
mlp,zamba2,81,0.75,108,1024,32,ampere_bf16_s16816gemm_bf16_128x256_ldg8_f2f_stages_64x3_tn,40,14336,177,80,99.99302504010602,99.6365235310145,12.447856267141558,8192,102,99.15274751876059,11,0.8472524812394133,,256,14336,"(256, 1, 1)",11950112,ns,"(112, 128, 1)",11950112.0,34,,,1786928015,cycle,1793446772,cycle,14287723290,warp,,14287723290.0
mlp,zamba2,81,0.75,108,1024,64,ampere_bf16_s16816gemm_bf16_128x256_ldg8_f2f_stages_64x3_tn,40,28672,354,79,99.99302504010602,99.6700393776922,12.452044075400226,16384,203,99.64118469865596,22,0.3588153013440398,,256,28672,"(256, 1, 1)",23944800,ns,"(112, 256, 1)",23944800.0,28,,,3573770118,cycle,3585601190,cycle,28574760995,warp,,28574760995.0
mlp,zamba2,81,0.75,108,2048,1,ampere_bf16_s16816gemm_bf16_256x128_ldg8_f2f_stages_64x3_tn,40,672,9,24,92.18106995884774,88.9508612074226,11.078529771517038,512,7,90.29982363315696,26,9.700176366843039,,256,672,"(256, 1, 1)",850752,ns,"(14, 16, 3)",850752.0,3,,,113937304,cycle,128090164,cycle,908192445,warp,,908192445.0
mlp,zamba2,81,0.75,108,2048,4,ampere_bf16_s16816gemm_bf16_128x256_ldg8_f2f_stages_64x3_tn,40,3584,45,20,98.32647462277092,97.60557489130481,12.194127939737387,2048,26,97.24596391263059,23,2.754036087369416,,256,3584,"(256, 1, 1)",3054112,ns,"(112, 32, 1)",3054112.0,1,,,447545851,cycle,458524886,cycle,3578439119,warp,,3578439119.0
mlp,zamba2,81,0.75,108,2048,16,ampere_bf16_s16816gemm_bf16_128x256_ldg8_f2f_stages_64x3_tn,40,14336,177,80,99.99302504010602,99.58791187113417,12.441782188754887,8192,102,99.15274751876059,11,0.8472524812394133,,256,14336,"(256, 1, 1)",11956800,ns,"(112, 128, 1)",11956800.0,16,,,1787118981,cycle,1794513960,cycle,14289249168,warp,,14289249168.0
mlp,zamba2,81,0.75,108,2048,32,ampere_bf16_s16816gemm_bf16_128x256_ldg8_f2f_stages_64x3_tn,40,28672,354,79,99.99302504010602,99.66350531416893,12.451224378032865,16384,203,99.64118469865596,22,0.3588153013440398,,256,28672,"(256, 1, 1)",23958784,ns,"(112, 256, 1)",23958784.0,22,,,3573277130,cycle,3585341614,cycle,28570811461,warp,,28570811461.0
mlp,zamba2,81,0.75,108,2048,64,ampere_bf16_s16816gemm_bf16_128x256_ldg8_f2f_stages_64x3_tn,53,57344,708,77,99.99302504010602,99.6675664294469,12.451727872018326,32768,405,99.88721231519585,44,0.1127876848041498,,256,57344,"(256, 1, 1)",49163968,ns,"(112, 512, 1)",49163968.0,17,,,7145278566,cycle,7169111098,cycle,57131405105,warp,,57131405105.0
mlp,zamba2,81,0.75,108,4096,1,ampere_bf16_s16816gemm_bf16_128x256_ldg8_f2f_stages_64x3_tn,40,1792,23,10,96.18894256575416,97.29894416624009,12.155838102451037,1024,13,97.24596391263059,52,2.754036087369416,,256,1792,"(256, 1, 1)",1536448,ns,"(112, 16, 1)",1536448.0,4,,,224375913,cycle,230604674,cycle,1794043573,warp,,1794043573.0
mlp,zamba2,81,0.75,108,4096,4,ampere_bf16_s16816gemm_bf16_128x256_ldg8_f2f_stages_64x3_tn,40,7168,89,40,99.43126647246497,98.97871121341349,12.365673818960076,4096,51,99.15274751876059,46,0.8472524812394133,,256,7168,"(256, 1, 1)",6022464,ns,"(112, 64, 1)",6022464.0,1,,,893909883,cycle,903133484,cycle,7147426610,warp,,7147426610.0
mlp,zamba2,81,0.75,108,4096,16,ampere_bf16_s16816gemm_bf16_128x256_ldg8_f2f_stages_64x3_tn,40,28672,354,79,99.99302504010602,99.66279218851338,12.451133690489765,16384,203,99.64118469865596,22,0.3588153013440398,,256,28672,"(256, 1, 1)",24015328,ns,"(112, 256, 1)",24015328.0,22,,,3573855084,cycle,3585947178,cycle,28575428941,warp,,28575428941.0
mlp,zamba2,81,0.75,108,4096,32,ampere_bf16_s16816gemm_bf16_128x256_ldg8_f2f_stages_64x3_tn,53,57344,708,77,99.99302504010602,99.81274850069349,12.469867592387553,32768,405,99.88721231519585,44,0.1127876848041498,,256,57344,"(256, 1, 1)",48925568,ns,"(112, 512, 1)",48925568.0,29,,,7147669882,cycle,7161079110,cycle,57150533325,warp,,57150533325.0
mlp,zamba2,81,0.75,108,4096,64,ampere_bf16_s16816gemm_bf16_128x256_ldg8_f2f_stages_64x3_tn,79,114688,1416,73,99.99302504010602,99.82021436219738,12.470786699788517,65536,810,99.88721231519585,7,0.1127876848041498,,256,114688,"(256, 1, 1)",100881664,ns,"(112, 1024, 1)",100881664.0,55,,,14294013547,cycle,14319758416,cycle,114290337791,warp,,114290337791.0
mlp,zamba2,81,0.75,108,8192,1,ampere_bf16_s16816gemm_bf16_128x256_ldg8_f2f_stages_64x3_tn,40,3584,45,20,98.32647462277092,97.60453007452735,12.194001459917777,2048,26,97.24596391263059,23,2.754036087369416,,256,3584,"(256, 1, 1)",3058912,ns,"(112, 32, 1)",3058912.0,1,,,447576071,cycle,458560756,cycle,3578681938,warp,,3578681938.0
mlp,zamba2,81,0.75,108,8192,4,ampere_bf16_s16816gemm_bf16_128x256_ldg8_f2f_stages_64x3_tn,40,14336,177,80,99.99302504010602,99.64167568248486,12.44849927145816,8192,102,99.15274751876059,11,0.8472524812394133,,256,14336,"(256, 1, 1)",11957152,ns,"(112, 128, 1)",11957152.0,37,,,1787001255,cycle,1793427542,cycle,14288308128,warp,,14288308128.0
mlp,zamba2,81,0.75,108,8192,16,ampere_bf16_s16816gemm_bf16_128x256_ldg8_f2f_stages_64x3_tn,53,57344,708,77,99.99302504010602,99.78179170544209,12.465999964846382,32768,405,99.88721231519585,44,0.1127876848041498,,256,57344,"(256, 1, 1)",48915616,ns,"(112, 512, 1)",48915616.0,33,,,7147316632,cycle,7162946776,cycle,57147708325,warp,,57147708325.0
mlp,zamba2,81,0.75,108,8192,32,ampere_bf16_s16816gemm_bf16_128x256_ldg8_f2f_stages_64x3_tn,79,114688,1416,73,99.99302504010602,99.74403879642753,12.46127197793669,65536,810,99.88721231519585,7,0.1127876848041498,,256,114688,"(256, 1, 1)",100721376,ns,"(112, 1024, 1)",100721376.0,55,,,14292129311,cycle,14328805494,cycle,114275291123,warp,,114275291123.0
mlp,zamba2,81,0.75,108,8192,64,ampere_bf16_s16816gemm_bf16_128x256_ldg8_f2f_stages_64x3_tn,132,229376,2832,65,99.99302504010602,99.82776302455831,12.471734157817751,131072,1619,99.94890917270988,14,0.051090827290123375,,256,229376,"(256, 1, 1)",206018624,ns,"(112, 2048, 1)",206018624.0,92,,,28583015010,cycle,28632330470,cycle,228540680922,warp,,228540680922.0
mlp,zamba2,81,0.75,108,16384,1,ampere_bf16_s16816gemm_bf16_128x256_ldg8_f2f_stages_64x3_tn,40,7168,89,40,99.43126647246497,98.96950509017347,12.364511484054958,4096,51,99.15274751876059,46,0.8472524812394133,,256,7168,"(256, 1, 1)",6214944,ns,"(112, 64, 1)",6214944.0,1,,,894117591,cycle,903427364,cycle,7149080331,warp,,7149080331.0
mlp,zamba2,81,0.75,108,16384,4,ampere_bf16_s16816gemm_bf16_128x256_ldg8_f2f_stages_64x3_tn,40,28672,354,79,99.99302504010602,99.69345321316219,12.454965627747589,16384,203,99.64118469865596,22,0.3588153013440398,,256,28672,"(256, 1, 1)",25774592,ns,"(112, 256, 1)",25774592.0,25,,,3573073905,cycle,3584060728,cycle,28569186032,warp,,28569186032.0
mlp,zamba2,81,0.75,108,16384,16,ampere_bf16_s16816gemm_bf16_128x256_ldg8_f2f_stages_64x3_tn,79,114688,1416,73,99.99302504010602,99.8202691552629,12.47079331669078,65536,810,99.88721231519585,7,0.1127876848041498,,256,114688,"(256, 1, 1)",101265216,ns,"(112, 1024, 1)",101265216.0,67,,,14292994612,cycle,14318729786,cycle,114282188620,warp,,114282188620.0
mlp,zamba2,81,0.75,108,16384,32,ampere_bf16_s16816gemm_bf16_128x256_ldg8_f2f_stages_64x3_tn,132,229376,2832,65,99.99302504010602,99.82788703281437,12.471751553281669,131072,1619,99.94890917270988,14,0.051090827290123375,,256,229376,"(256, 1, 1)",206144416,ns,"(112, 2048, 1)",206144416.0,42,,,28583573952,cycle,28632854808,cycle,228545184913,warp,,228545184913.0
mlp,zamba2,81,0.75,108,16384,64,ampere_bf16_s16816gemm_bf16_128x256_ldg8_f2f_stages_64x3_tn,277,458752,5664,49,99.99302504010602,99.83076888655962,12.4721152556787,262144,3237,99.97978619129891,28,0.020213808701086133,,256,458752,"(256, 1, 1)",416040128,ns,"(112, 4096, 1)",416040128.0,256,,,57169447705,cycle,57266360204,cycle,457108892632,warp,,457108892632.0
mlp,zamba2,81,0.75,108,32768,1,ampere_bf16_s16816gemm_bf16_128x256_ldg8_f2f_stages_64x3_tn,40,14336,177,80,99.99302504010602,99.63198667955598,12.447289901947721,8192,102,99.15274751876059,11,0.8472524812394133,,256,14336,"(256, 1, 1)",11983936,ns,"(112, 128, 1)",11983936.0,22,,,1787028304,cycle,1793629098,cycle,14288525670,warp,,14288525670.0
mlp,zamba2,81,0.75,108,32768,4,ampere_bf16_s16816gemm_bf16_128x256_ldg8_f2f_stages_64x3_tn,53,57344,708,77,99.99302504010602,99.74509098033867,12.461417337969388,32768,405,99.88721231519585,44,0.1127876848041498,,256,57344,"(256, 1, 1)",49107648,ns,"(112, 512, 1)",49107648.0,21,,,7146205069,cycle,7164467944,cycle,57138832035,warp,,57138832035.0
mlp,zamba2,81,0.75,108,32768,16,ampere_bf16_s16816gemm_bf16_128x256_ldg8_f2f_stages_64x3_tn,132,229376,2832,65,99.99302504010602,99.7915285903834,12.467214297458206,131072,1619,99.94890917270988,14,0.051090827290123375,,256,229376,"(256, 1, 1)",205755872,ns,"(112, 2048, 1)",205755872.0,2,,,28582505915,cycle,28642216748,cycle,228536738657,warp,,228536738657.0
mlp,zamba2,81,0.75,108,32768,32,ampere_bf16_s16816gemm_bf16_128x256_ldg8_f2f_stages_64x3_tn,277,458752,5664,49,99.99302504010602,99.8302882806899,12.47205504889791,262144,3237,99.97978619129891,28,0.020213808701086133,,256,458752,"(256, 1, 1)",416336896,ns,"(112, 4096, 1)",416336896.0,109,,,57167887488,cycle,57265073028,cycle,457096411638,warp,,457096411638.0
,,81,0.75,108,32768,64,,,,,,,,,524288,6473,99.9952318557808,56,0.004768144219202686,ncu exit code 1,,,,,,,,,,"==WARNING== Note: Running with unmodified GPU clocks. If not controlled otherwise, profiling results may be inconsistent.
==PROF== Connected to process 1095812 (/apps/applications/Miniconda/25.11.1/envs/pytorch_2.9.1_cuda13/bin/python3.14)
Loading Zamba2 from Zyphra/Zamba2-7B-Instruct …
==PROF== Disconnected from process 1095812
==ERROR== The application returned an error code (1).
""ID"",""Process ID"",""Process Name"",""Host Name"",""Kernel Name"",""Context"",""Stream"",""Block Size"",""Grid Size"",""Device"",""CC"",""Section Name"",""Metric Name"",""Metric Unit"",""Metric Value""
""0"",""1095812"",""python3.14"",""127.0.0.1"",""void at::<unnamed>::distribution_elementwise_grid_stride_kernel<float, 4, void at::normal_and_transform<c10::BFloat16, float, at::CUDAGeneratorImpl *, void at::normal_kernel<at::CUDAGeneratorImpl *>(const at::TensorBase &, double, double, T1)::[lambda() (instance 1)]::operator ()() const::[lambda() (instance 4)]::operator ()() const::[lambda(float) (instance 1)]>(at::TensorIteratorBase &, T3, T4):",,,,,,,"/apps/applications/Miniconda/25.11.1/envs/pytorch_2.9.1_cuda13/lib/python3.14/site-packages/torch/cuda/__init__.py:63: FutureWarning: The pynvml package is deprecated. Please install nvidia-ml-py instead. If you did not install pynvml directly, please report this to the maintainers of the package that installed pynvml for you.
  import pynvml  # type: ignore[import]
[transformers] `torch_dtype` is deprecated! Use `dtype` instead!
Traceback (most recent call last):
  File ""/scratch/ehmoon/whlee/prefill-layer-alloc/stage1_sm_scaling/../src/profiling/_ncu_target.py"", line 190, in <module>
    main()
    ~~~~^^
  File ""/scratch/ehmoon/whlee/prefill-layer-alloc/stage1_sm_scaling/../src/profiling/_ncu_target.py"", line 175, in main
    kernel()
    ~~~~~~^^
  File ""/scratch/ehmoon/whlee/prefill-layer-alloc/stage1_sm_scaling/../src/profiling/_ncu_target.py"", line 170, in kernel
    layer(inputs)
    ~~~~~^^^^^^^^
  File ""/apps/applications/Miniconda/25.11.1/envs/pytorch_2.9.1_cuda13/lib/python",
mlp,zamba2,94,0.8703703703703703,108,256,1,ampere_bf16_s16816gemm_bf16_256x128_ldg8_f2f_stages_64x3_tn,40,84,1,84,89.36170212765957,73.03915286545335,9.095462666568828,64,1,68.08510638297872,64,31.914893617021278,,256,84,"(256, 1, 1)",133984,ns,"(14, 2, 3)",133984.0,18,,,14840992,cycle,20319228,cycle,118280179,warp,,118280179.0
mlp,zamba2,94,0.8703703703703703,108,256,4,ampere_bf16_s16816gemm_bf16_128x256_ldg8_f2f_stages_64x3_tn,40,560,6,90,99.29078014184397,86.8627264921661,10.799963024956345,256,3,90.78014184397163,68,9.219858156028371,,256,560,"(256, 1, 1)",459744,ns,"(28, 4, 5)",459744.0,3,,,60325182,cycle,69448870,cycle,480028946,warp,,480028946.0
mlp,zamba2,94,0.8703703703703703,108,256,16,ampere_bf16_s16816gemm_bf16_128x256_ldg8_f2f_stages_64x3_tn,40,1792,20,6,95.31914893617022,97.33238421436918,12.159989973711372,1024,11,99.03288201160542,84,0.9671179883945835,,256,1792,"(256, 1, 1)",1851200,ns,"(112, 16, 1)",1851200.0,1,,,224329349,cycle,230477606,cycle,1793667442,warp,,1793667442.0
mlp,zamba2,94,0.8703703703703703,108,256,32,ampere_bf16_s16816gemm_bf16_128x256_ldg8_f2f_stages_64x3_tn,40,3584,39,12,97.7632296781233,97.6148309185252,12.195281262877172,2048,22,99.03288201160542,74,0.9671179883945835,,256,3584,"(256, 1, 1)",3051904,ns,"(112, 32, 1)",3051904.0,1,,,447512178,cycle,458446912,cycle,3578168983,warp,,3578168983.0
mlp,zamba2,94,0.8703703703703703,108,256,64,ampere_bf16_s16816gemm_bf16_128x256_ldg8_f2f_stages_64x3_tn,40,7168,77,24,99.03288201160542,98.97986485328596,12.365815276629267,4096,44,99.03288201160542,54,0.9671179883945835,,256,7168,"(256, 1, 1)",6018176,ns,"(112, 64, 1)",6018176.0,1,,,894012856,cycle,903226992,cycle,7148248407,warp,,7148248407.0
mlp,zamba2,94,0.8703703703703703,108,512,1,ampere_bf16_s16816gemm_bf16_256x128_ldg8_f2f_stages_64x3_tn,40,168,2,74,89.36170212765957,76.99615521531082,9.590875253698965,128,2,68.08510638297872,34,31.914893617021278,,256,168,"(256, 1, 1)",247840,ns,"(14, 4, 3)",247840.0,3,,,28888092,cycle,37518876,cycle,230296870,warp,,230296870.0
mlp,zamba2,94,0.8703703703703703,108,512,4,ampere_bf16_s16816gemm_bf16_256x128_ldg8_f2f_stages_64x3_tn,40,672,8,14,89.36170212765957,88.95073543142631,11.077909978343616,512,6,90.78014184397163,42,9.219858156028371,,256,672,"(256, 1, 1)",849856,ns,"(14, 16, 3)",849856.0,3,,,114015601,cycle,128178368,cycle,908766990,warp,,908766990.0
mlp,zamba2,94,0.8703703703703703,108,512,16,ampere_bf16_s16816gemm_bf16_128x256_ldg8_f2f_stages_64x3_tn,40,3584,39,12,97.7632296781233,97.5981018851894,12.193198673224796,2048,22,99.03288201160542,74,0.9671179883945835,,256,3584,"(256, 1, 1)",3053120,ns,"(112, 32, 1)",3053120.0,16,,,447509489,cycle,458522738,cycle,3578149658,warp,,3578149658.0
mlp,zamba2,94,0.8703703703703703,108,512,32,ampere_bf16_s16816gemm_bf16_128x256_ldg8_f2f_stages_64x3_tn,40,7168,77,24,99.03288201160542,98.96076570025458,12.36343201583525,4096,44,99.03288201160542,54,0.9671179883945835,,256,7168,"(256, 1, 1)",6018304,ns,"(112, 64, 1)",6018304.0,22,,,893869895,cycle,903256850,cycle,7147106981,warp,,7147106981.0
mlp,zamba2,94,0.8703703703703703,108,512,64,ampere_bf16_s16816gemm_bf16_128x256_ldg8_f2f_stages_64x3_tn,40,14336,153,48,99.68015575024336,99.65585221769273,12.450262499406257,8192,88,99.03288201160542,14,0.9671179883945835,,256,14336,"(256, 1, 1)",12338912,ns,"(112, 128, 1)",12338912.0,1,,,1787197264,cycle,1793369104,cycle,14289866306,warp,,14289866306.0
mlp,zamba2,94,0.8703703703703703,108,1024,1,ampere_bf16_s16816gemm_bf16_128x256_ldg8_f2f_stages_64x3_tn,40,560,6,90,99.29078014184397,86.80085928553142,10.791667973801653,256,3,90.78014184397163,68,9.219858156028371,,256,560,"(256, 1, 1)",459232,ns,"(28, 4, 5)",459232.0,15,,,60304430,cycle,69474462,cycle,479837009,warp,,479837009.0
mlp,zamba2,94,0.8703703703703703,108,1024,4,ampere_bf16_s16816gemm_bf16_128x256_ldg8_f2f_stages_64x3_tn,40,1792,20,6,95.31914893617022,97.32831473771004,12.15950485183428,1024,11,99.03288201160542,84,0.9671179883945835,,256,1792,"(256, 1, 1)",1551680,ns,"(112, 16, 1)",1551680.0,4,,,224345717,cycle,230504060,cycle,1793801751,warp,,1793801751.0
mlp,zamba2,94,0.8703703703703703,108,1024,16,ampere_bf16_s16816gemm_bf16_128x256_ldg8_f2f_stages_64x3_tn,40,7168,77,24,99.03288201160542,98.98825234478326,12.366845998123255,4096,44,99.03288201160542,54,0.9671179883945835,,256,7168,"(256, 1, 1)",6016800,ns,"(112, 64, 1)",6016800.0,1,,,893915937,cycle,903052550,cycle,7147463561,warp,,7147463561.0
mlp,zamba2,94,0.8703703703703703,108,1024,32,ampere_bf16_s16816gemm_bf16_128x256_ldg8_f2f_stages_64x3_tn,40,14336,153,48,99.68015575024336,99.58983981866493,12.44202191860055,8192,88,99.03288201160542,14,0.9671179883945835,,256,14336,"(256, 1, 1)",11946880,ns,"(112, 128, 1)",11946880.0,25,,,1786838970,cycle,1794198056,cycle,14287008985,warp,,14287008985.0
mlp,zamba2,94,0.8703703703703703,108,1024,64,ampere_bf16_s16816gemm_bf16_128x256_ldg8_f2f_stages_64x3_tn,40,28672,306,2,99.68015575024336,99.69374636872799,12.455002238808326,16384,175,99.59878419452887,28,0.40121580547112234,,256,28672,"(256, 1, 1)",23854048,ns,"(112, 256, 1)",23854048.0,1,,,3572954160,cycle,3583930076,cycle,28568228557,warp,,28568228557.0
mlp,zamba2,94,0.8703703703703703,108,2048,1,ampere_bf16_s16816gemm_bf16_256x128_ldg8_f2f_stages_64x3_tn,40,672,8,14,89.36170212765957,88.94802216770317,11.07700163320889,512,6,90.78014184397163,42,9.219858156028371,,256,672,"(256, 1, 1)",850720,ns,"(14, 16, 3)",850720.0,3,,,113950009,cycle,128108536,cycle,908197416,warp,,908197416.0
mlp,zamba2,94,0.8703703703703703,108,2048,4,ampere_bf16_s16816gemm_bf16_128x256_ldg8_f2f_stages_64x3_tn,40,3584,39,12,97.7632296781233,97.60453566805795,12.19400075093473,2048,22,99.03288201160542,74,0.9671179883945835,,256,3584,"(256, 1, 1)",3057248,ns,"(112, 32, 1)",3057248.0,1,,,447563492,cycle,458547842,cycle,3578580947,warp,,3578580947.0
mlp,zamba2,94,0.8703703703703703,108,2048,16,ampere_bf16_s16816gemm_bf16_128x256_ldg8_f2f_stages_64x3_tn,40,14336,153,48,99.68015575024336,99.64830456614352,12.449323538628553,8192,88,99.03288201160542,14,0.9671179883945835,,256,14336,"(256, 1, 1)",11952000,ns,"(112, 128, 1)",11952000.0,34,,,1786958701,cycle,1793265534,cycle,14287963407,warp,,14287963407.0
mlp,zamba2,94,0.8703703703703703,108,2048,32,ampere_bf16_s16816gemm_bf16_128x256_ldg8_f2f_stages_64x3_tn,40,28672,306,2,99.68015575024336,99.67642235773563,12.45284211161774,16384,175,99.59878419452887,28,0.40121580547112234,,256,28672,"(256, 1, 1)",24063328,ns,"(112, 256, 1)",24063328.0,13,,,3573178727,cycle,3584778268,cycle,28570033777,warp,,28570033777.0
mlp,zamba2,94,0.8703703703703703,108,2048,64,ampere_bf16_s16816gemm_bf16_128x256_ldg8_f2f_stages_64x3_tn,53,57344,611,4,99.84329839467911,99.81394362973383,12.470017765661005,32768,349,99.88416753032982,56,0.11583246967018512,,256,57344,"(256, 1, 1)",49029344,ns,"(112, 512, 1)",49029344.0,37,,,7147720132,cycle,7161043710,cycle,57150939062,warp,,57150939062.0
mlp,zamba2,94,0.8703703703703703,108,4096,1,ampere_bf16_s16816gemm_bf16_128x256_ldg8_f2f_stages_64x3_tn,40,1792,20,6,95.31914893617022,97.3231588354078,12.158861823095165,1024,11,99.03288201160542,84,0.9671179883945835,,256,1792,"(256, 1, 1)",1621184,ns,"(112, 16, 1)",1621184.0,1,,,224406745,cycle,230578978,cycle,1794289877,warp,,1794289877.0
mlp,zamba2,94,0.8703703703703703,108,4096,4,ampere_bf16_s16816gemm_bf16_128x256_ldg8_f2f_stages_64x3_tn,40,7168,77,24,99.03288201160542,98.98061461251321,12.365914219381478,4096,44,99.03288201160542,54,0.9671179883945835,,256,7168,"(256, 1, 1)",6017344,ns,"(112, 64, 1)",6017344.0,22,,,893829318,cycle,903034722,cycle,7146783942,warp,,7146783942.0
mlp,zamba2,94,0.8703703703703703,108,4096,16,ampere_bf16_s16816gemm_bf16_128x256_ldg8_f2f_stages_64x3_tn,40,28672,306,2,99.68015575024336,99.64133869812244,12.448454590308001,16384,175,99.59878419452887,28,0.40121580547112234,,256,28672,"(256, 1, 1)",24614816,ns,"(112, 256, 1)",24614816.0,19,,,3574013998,cycle,3586878744,cycle,28576702186,warp,,28576702186.0
mlp,zamba2,94,0.8703703703703703,108,4096,32,ampere_bf16_s16816gemm_bf16_128x256_ldg8_f2f_stages_64x3_tn,53,57344,611,4,99.84329839467911,99.81212839422425,12.469791397276408,32768,349,99.88416753032982,56,0.11583246967018512,,256,57344,"(256, 1, 1)",48549792,ns,"(112, 512, 1)",48549792.0,45,,,7147177972,cycle,7160630764,cycle,57146606016,warp,,57146606016.0
mlp,zamba2,94,0.8703703703703703,108,4096,64,ampere_bf16_s16816gemm_bf16_128x256_ldg8_f2f_stages_64x3_tn,79,114688,1221,8,99.92507013783609,99.82355113840602,12.471202324786635,65536,698,99.88416753032982,18,0.11583246967018512,,256,114688,"(256, 1, 1)",100970944,ns,"(112, 1024, 1)",100970944.0,37,,,14292841843,cycle,14318105978,cycle,114280957798,warp,,114280957798.0
mlp,zamba2,94,0.8703703703703703,108,8192,1,ampere_bf16_s16816gemm_bf16_128x256_ldg8_f2f_stages_64x3_tn,40,3584,39,12,97.7632296781233,97.62315887835456,12.196316871194526,2048,22,99.03288201160542,74,0.9671179883945835,,256,3584,"(256, 1, 1)",3058272,ns,"(112, 32, 1)",3058272.0,1,,,447565319,cycle,458462238,cycle,3578592466,warp,,3578592466.0
mlp,zamba2,94,0.8703703703703703,108,8192,4,ampere_bf16_s16816gemm_bf16_128x256_ldg8_f2f_stages_64x3_tn,40,14336,153,48,99.68015575024336,99.59213668949776,12.442309946477165,8192,88,99.03288201160542,14,0.9671179883945835,,256,14336,"(256, 1, 1)",11962368,ns,"(112, 128, 1)",11962368.0,19,,,1786916908,cycle,1794234934,cycle,14287633386,warp,,14287633386.0
mlp,zamba2,94,0.8703703703703703,108,8192,16,ampere_bf16_s16816gemm_bf16_128x256_ldg8_f2f_stages_64x3_tn,53,57344,611,4,99.84329839467911,99.71470225720577,12.457620384761963,32768,349,99.88416753032982,56,0.11583246967018512,,256,57344,"(256, 1, 1)",49049152,ns,"(112, 512, 1)",49049152.0,29,,,7147115694,cycle,7167564594,cycle,57146111229,warp,,57146111229.0
mlp,zamba2,94,0.8703703703703703,108,8192,32,ampere_bf16_s16816gemm_bf16_128x256_ldg8_f2f_stages_64x3_tn,79,114688,1221,8,99.92507013783609,99.76129641344426,12.46343815801652,65536,698,99.88416753032982,18,0.11583246967018512,,256,114688,"(256, 1, 1)",100634624,ns,"(112, 1024, 1)",100634624.0,1,,,14290637380,cycle,14324831266,cycle,114263455109,warp,,114263455109.0
mlp,zamba2,94,0.8703703703703703,108,8192,64,ampere_bf16_s16816gemm_bf16_128x256_ldg8_f2f_stages_64x3_tn,132,229376,2441,16,99.966006258335,99.82326474516351,12.471173880158746,131072,1395,99.955769084115,36,0.04423091588500183,,256,229376,"(256, 1, 1)",208259232,ns,"(112, 2048, 1)",208259232.0,72,,,28583336654,cycle,28633942926,cycle,228543283907,warp,,228543283907.0
mlp,zamba2,94,0.8703703703703703,108,16384,1,ampere_bf16_s16816gemm_bf16_128x256_ldg8_f2f_stages_64x3_tn,40,7168,77,24,99.03288201160542,98.9614988479673,12.36351713165666,4096,44,99.03288201160542,54,0.9671179883945835,,256,7168,"(256, 1, 1)",6021440,ns,"(112, 64, 1)",6021440.0,1,,,893759327,cycle,903138430,cycle,7146219169,warp,,7146219169.0
mlp,zamba2,94,0.8703703703703703,108,16384,4,ampere_bf16_s16816gemm_bf16_128x256_ldg8_f2f_stages_64x3_tn,40,28672,306,2,99.68015575024336,99.6386406717839,12.4481162695473,16384,175,99.59878419452887,28,0.40121580547112234,,256,28672,"(256, 1, 1)",24615296,ns,"(112, 256, 1)",24615296.0,31,,,3574037461,cycle,3586999418,cycle,28576886921,warp,,28576886921.0
mlp,zamba2,94,0.8703703703703703,108,16384,16,ampere_bf16_s16816gemm_bf16_128x256_ldg8_f2f_stages_64x3_tn,79,114688,1221,8,99.92507013783609,99.82014525085049,12.470776005839241,65536,698,99.88416753032982,18,0.11583246967018512,,256,114688,"(256, 1, 1)",101120288,ns,"(112, 1024, 1)",101120288.0,31,,,14292862796,cycle,14318615506,cycle,114281117881,warp,,114281117881.0
mlp,zamba2,94,0.8703703703703703,108,16384,32,ampere_bf16_s16816gemm_bf16_128x256_ldg8_f2f_stages_64x3_tn,132,229376,2441,16,99.966006258335,99.82631494868137,12.47155481128854,131072,1395,99.955769084115,36,0.04423091588500183,,256,229376,"(256, 1, 1)",205942944,ns,"(112, 2048, 1)",205942944.0,52,,,28583136138,cycle,28632867148,cycle,228541678106,warp,,228541678106.0
mlp,zamba2,94,0.8703703703703703,108,16384,64,ampere_bf16_s16816gemm_bf16_128x256_ldg8_f2f_stages_64x3_tn,277,458752,4881,32,99.98648689883046,99.82509754726135,12.47140513003924,262144,2789,99.99160837026922,72,0.008391629730786221,,256,458752,"(256, 1, 1)",416284512,ns,"(112, 4096, 1)",416284512.0,151,,,57167690390,cycle,57267853270,cycle,457094783397,warp,,457094783397.0
mlp,zamba2,94,0.8703703703703703,108,32768,1,ampere_bf16_s16816gemm_bf16_128x256_ldg8_f2f_stages_64x3_tn,40,14336,153,48,99.68015575024336,99.61736126285594,12.445457884506485,8192,88,99.03288201160542,14,0.9671179883945835,,256,14336,"(256, 1, 1)",12182752,ns,"(112, 128, 1)",12182752.0,10,,,1787511411,cycle,1794377394,cycle,14292382903,warp,,14292382903.0
mlp,zamba2,94,0.8703703703703703,108,32768,4,ampere_bf16_s16816gemm_bf16_128x256_ldg8_f2f_stages_64x3_tn,53,57344,611,4,99.84329839467911,99.8137883199291,12.469998701362993,32768,349,99.88416753032982,56,0.11583246967018512,,256,57344,"(256, 1, 1)",50815776,ns,"(112, 512, 1)",50815776.0,13,,,7146906689,cycle,7160239892,cycle,57144436579,warp,,57144436579.0
mlp,zamba2,94,0.8703703703703703,108,32768,16,ampere_bf16_s16816gemm_bf16_128x256_ldg8_f2f_stages_64x3_tn,132,229376,2441,16,99.966006258335,99.82764532603126,12.47172003490443,131072,1395,99.955769084115,36,0.04423091588500183,,256,229376,"(256, 1, 1)",205928352,ns,"(112, 2048, 1)",205928352.0,42,,,28583598834,cycle,28632949060,cycle,228545359648,warp,,228545359648.0
mlp,zamba2,94,0.8703703703703703,108,32768,32,ampere_bf16_s16816gemm_bf16_128x256_ldg8_f2f_stages_64x3_tn,277,458752,4881,32,99.98648689883046,99.81138658414258,12.469692500413778,262144,2789,99.99160837026922,72,0.008391629730786221,,256,458752,"(256, 1, 1)",415557120,ns,"(112, 4096, 1)",415557120.0,130,,,57166171045,cycle,57274197866,cycle,457082646782,warp,,457082646782.0
,,94,0.8703703703703703,108,32768,64,,,,,,,,,524288,5578,99.99160837026922,50,0.008391629730786221,ncu exit code 1,,,,,,,,,,"==WARNING== Note: Running with unmodified GPU clocks. If not controlled otherwise, profiling results may be inconsistent.
==PROF== Connected to process 1109541 (/apps/applications/Miniconda/25.11.1/envs/pytorch_2.9.1_cuda13/bin/python3.14)
Loading Zamba2 from Zyphra/Zamba2-7B-Instruct …
==PROF== Disconnected from process 1109541
==ERROR== The application returned an error code (1).
""ID"",""Process ID"",""Process Name"",""Host Name"",""Kernel Name"",""Context"",""Stream"",""Block Size"",""Grid Size"",""Device"",""CC"",""Section Name"",""Metric Name"",""Metric Unit"",""Metric Value""
""0"",""1109541"",""python3.14"",""127.0.0.1"",""void at::<unnamed>::distribution_elementwise_grid_stride_kernel<float, 4, void at::normal_and_transform<c10::BFloat16, float, at::CUDAGeneratorImpl *, void at::normal_kernel<at::CUDAGeneratorImpl *>(const at::TensorBase &, double, double, T1)::[lambda() (instance 1)]::operator ()() const::[lambda() (instance 4)]::operator ()() const::[lambda(float) (instance 1)]>(at::TensorIteratorBase &, T3, T4):",,,,,,,"/apps/applications/Miniconda/25.11.1/envs/pytorch_2.9.1_cuda13/lib/python3.14/site-packages/torch/cuda/__init__.py:63: FutureWarning: The pynvml package is deprecated. Please install nvidia-ml-py instead. If you did not install pynvml directly, please report this to the maintainers of the package that installed pynvml for you.
  import pynvml  # type: ignore[import]
[transformers] `torch_dtype` is deprecated! Use `dtype` instead!
Traceback (most recent call last):
  File ""/scratch/ehmoon/whlee/prefill-layer-alloc/stage1_sm_scaling/../src/profiling/_ncu_target.py"", line 190, in <module>
    main()
    ~~~~^^
  File ""/scratch/ehmoon/whlee/prefill-layer-alloc/stage1_sm_scaling/../src/profiling/_ncu_target.py"", line 175, in main
    kernel()
    ~~~~~~^^
  File ""/scratch/ehmoon/whlee/prefill-layer-alloc/stage1_sm_scaling/../src/profiling/_ncu_target.py"", line 170, in kernel
    layer(inputs)
    ~~~~~^^^^^^^^
  File ""/apps/applications/Miniconda/25.11.1/envs/pytorch_2.9.1_cuda13/lib/python",
mlp,zamba2,108,1.0,108,256,1,ampere_bf16_s16816gemm_bf16_256x128_ldg8_f2f_stages_64x3_tn,40,84,1,84,77.77777777777779,72.39319673476244,9.016506570367993,64,1,59.25925925925925,64,40.74074074074075,,256,84,"(256, 1, 1)",144768,ns,"(14, 2, 3)",144768.0,6,,,14893157,cycle,20572592,cycle,118715463,warp,,118715463.0
mlp,zamba2,108,1.0,108,256,4,ampere_bf16_s16816gemm_bf16_128x256_ldg8_f2f_stages_64x3_tn,40,560,6,20,86.41975308641975,86.96215647712584,10.811840647622525,256,3,79.01234567901234,40,20.98765432098766,,256,560,"(256, 1, 1)",459584,ns,"(28, 4, 5)",459584.0,3,,,60349933,cycle,69397926,cycle,480204363,warp,,480204363.0
mlp,zamba2,108,1.0,108,256,16,ampere_bf16_s16816gemm_bf16_128x256_ldg8_f2f_stages_64x3_tn,40,1792,17,64,97.60348583877996,97.33165938560575,12.159914809613284,1024,10,94.81481481481482,52,5.185185185185182,,256,1792,"(256, 1, 1)",1851808,ns,"(112, 16, 1)",1851808.0,4,,,224358225,cycle,230508990,cycle,1793900596,warp,,1793900596.0
mlp,zamba2,108,1.0,108,256,32,ampere_bf16_s16816gemm_bf16_128x256_ldg8_f2f_stages_64x3_tn,40,3584,34,20,97.60348583877996,97.54427536706521,12.186466442474805,2048,19,99.80506822612085,104,0.19493177387914784,,256,3584,"(256, 1, 1)",3224864,ns,"(112, 32, 1)",3224864.0,1,,,447601908,cycle,458870504,cycle,3578886399,warp,,3578886399.0
mlp,zamba2,108,1.0,108,256,64,ampere_bf16_s16816gemm_bf16_128x256_ldg8_f2f_stages_64x3_tn,40,7168,67,40,99.06025428413488,98.96694956274484,12.364201041163737,4096,38,99.80506822612085,100,0.19493177387914784,,256,7168,"(256, 1, 1)",6018464,ns,"(112, 64, 1)",6018464.0,37,,,893865508,cycle,903195978,cycle,7147069857,warp,,7147069857.0
mlp,zamba2,108,1.0,108,512,1,ampere_bf16_s16816gemm_bf16_256x128_ldg8_f2f_stages_64x3_tn,40,168,2,60,77.77777777777779,76.96033678325352,9.579876735339905,128,2,59.25925925925925,20,40.74074074074075,,256,168,"(256, 1, 1)",248192,ns,"(14, 4, 3)",248192.0,3,,,28922438,cycle,37580966,cycle,230413454,warp,,230413454.0
mlp,zamba2,108,1.0,108,512,4,ampere_bf16_s16816gemm_bf16_256x128_ldg8_f2f_stages_64x3_tn,40,672,7,24,88.88888888888889,88.97404342728156,11.078829357677911,512,5,94.81481481481482,80,5.185185185185182,,256,672,"(256, 1, 1)",850656,ns,"(14, 16, 3)",850656.0,21,,,113948157,cycle,128068988,cycle,908066857,warp,,908066857.0
mlp,zamba2,108,1.0,108,512,16,ampere_bf16_s16816gemm_bf16_128x256_ldg8_f2f_stages_64x3_tn,40,3584,34,20,97.60348583877996,97.57942567909707,12.19087030737334,2048,19,99.80506822612085,104,0.19493177387914784,,256,3584,"(256, 1, 1)",3055200,ns,"(112, 32, 1)",3055200.0,4,,,447596285,cycle,458699446,cycle,3578845092,warp,,3578845092.0
mlp,zamba2,108,1.0,108,512,32,ampere_bf16_s16816gemm_bf16_128x256_ldg8_f2f_stages_64x3_tn,40,7168,67,40,99.06025428413488,98.93009109170609,12.359596588666237,4096,38,99.80506822612085,100,0.19493177387914784,,256,7168,"(256, 1, 1)",6572352,ns,"(112, 64, 1)",6572352.0,1,,,894034765,cycle,903703570,cycle,7148423399,warp,,7148423399.0
mlp,zamba2,108,1.0,108,512,64,ampere_bf16_s16816gemm_bf16_128x256_ldg8_f2f_stages_64x3_tn,40,14336,133,80,99.80506822612085,99.52129512406144,12.43346135632372,8192,76,99.80506822612085,92,0.19493177387914784,,256,14336,"(256, 1, 1)",11958752,ns,"(112, 128, 1)",11958752.0,19,,,1787034156,cycle,1795629924,cycle,14288572973,warp,,14288572973.0
mlp,zamba2,108,1.0,108,1024,1,ampere_bf16_s16816gemm_bf16_128x256_ldg8_f2f_stages_64x3_tn,40,560,6,20,86.41975308641975,86.72610236549322,10.783905396889025,256,3,79.01234567901234,40,20.98765432098766,,256,560,"(256, 1, 1)",459616,ns,"(28, 4, 5)",459616.0,3,,,60303906,cycle,69533744,cycle,479901003,warp,,479901003.0
mlp,zamba2,108,1.0,108,1024,4,ampere_bf16_s16816gemm_bf16_128x256_ldg8_f2f_stages_64x3_tn,40,1792,17,64,97.60348583877996,97.30792647418728,12.156956196201143,1024,10,94.81481481481482,52,5.185185185185182,,256,1792,"(256, 1, 1)",1533856,ns,"(112, 16, 1)",1533856.0,4,,,224432253,cycle,230641286,cycle,1794493447,warp,,1794493447.0
mlp,zamba2,108,1.0,108,1024,16,ampere_bf16_s16816gemm_bf16_128x256_ldg8_f2f_stages_64x3_tn,40,7168,67,40,99.06025428413488,98.90810698599036,12.356849041985086,4096,38,99.80506822612085,100,0.19493177387914784,,256,7168,"(256, 1, 1)",6080192,ns,"(112, 64, 1)",6080192.0,1,,,894381940,cycle,904255442,cycle,7151198715,warp,,7151198715.0
mlp,zamba2,108,1.0,108,1024,32,ampere_bf16_s16816gemm_bf16_128x256_ldg8_f2f_stages_64x3_tn,40,14336,133,80,99.80506822612085,99.48360319572977,12.428750516777816,8192,76,99.80506822612085,92,0.19493177387914784,,256,14336,"(256, 1, 1)",11962976,ns,"(112, 128, 1)",11962976.0,1,,,1786994143,cycle,1796270024,cycle,14288250873,warp,,14288250873.0
mlp,zamba2,108,1.0,108,1024,64,ampere_bf16_s16816gemm_bf16_128x256_ldg8_f2f_stages_64x3_tn,40,28672,266,52,99.80506822612085,99.63706828912764,12.447920750538815,16384,152,99.80506822612085,76,0.19493177387914784,,256,28672,"(256, 1, 1)",24346080,ns,"(112, 256, 1)",24346080.0,16,,,3574084461,cycle,3587103196,cycle,28577264837,warp,,28577264837.0
mlp,zamba2,108,1.0,108,2048,1,ampere_bf16_s16816gemm_bf16_256x128_ldg8_f2f_stages_64x3_tn,40,672,7,24,88.88888888888889,88.93435435407976,11.074771602407447,512,5,94.81481481481482,80,5.185185185185182,,256,672,"(256, 1, 1)",849728,ns,"(14, 16, 3)",849728.0,3,,,113987427,cycle,128170298,cycle,908452337,warp,,908452337.0
mlp,zamba2,108,1.0,108,2048,4,ampere_bf16_s16816gemm_bf16_128x256_ldg8_f2f_stages_64x3_tn,40,3584,34,20,97.60348583877996,97.597904986335,12.193175513546398,2048,19,99.80506822612085,104,0.19493177387914784,,256,3584,"(256, 1, 1)",3054272,ns,"(112, 32, 1)",3054272.0,37,,,447518182,cycle,458532570,cycle,3578219587,warp,,3578219587.0
mlp,zamba2,108,1.0,108,2048,16,ampere_bf16_s16816gemm_bf16_128x256_ldg8_f2f_stages_64x3_tn,40,14336,133,80,99.80506822612085,99.54840822038376,12.43684569735271,8192,76,99.80506822612085,92,0.19493177387914784,,256,14336,"(256, 1, 1)",11954720,ns,"(112, 128, 1)",11954720.0,25,,,1786888980,cycle,1794995030,cycle,14287408778,warp,,14287408778.0
mlp,zamba2,108,1.0,108,2048,32,ampere_bf16_s16816gemm_bf16_128x256_ldg8_f2f_stages_64x3_tn,40,28672,266,52,99.80506822612085,99.63655343201461,12.447854403920438,16384,152,99.80506822612085,76,0.19493177387914784,,256,28672,"(256, 1, 1)",24343712,ns,"(112, 256, 1)",24343712.0,28,,,3573866291,cycle,3586902766,cycle,28575515771,warp,,28575515771.0
mlp,zamba2,108,1.0,108,2048,64,ampere_bf16_s16816gemm_bf16_128x256_ldg8_f2f_stages_64x3_tn,53,57344,531,104,99.99302504010602,99.81388372623348,12.470010509972964,32768,304,99.80506822612085,44,0.19493177387914784,,256,57344,"(256, 1, 1)",48903744,ns,"(112, 512, 1)",48903744.0,21,,,7147962692,cycle,7161291020,cycle,57152879542,warp,,57152879542.0
mlp,zamba2,108,1.0,108,4096,1,ampere_bf16_s16816gemm_bf16_128x256_ldg8_f2f_stages_64x3_tn,40,1792,17,64,97.60348583877996,97.28842645185615,12.154521613992427,1024,10,94.81481481481482,52,5.185185185185182,,256,1792,"(256, 1, 1)",1534560,ns,"(112, 16, 1)",1534560.0,4,,,224331913,cycle,230584378,cycle,1793691396,warp,,1793691396.0
mlp,zamba2,108,1.0,108,4096,4,ampere_bf16_s16816gemm_bf16_128x256_ldg8_f2f_stages_64x3_tn,40,7168,67,40,99.06025428413488,98.95410978375114,12.362590230614332,4096,38,99.80506822612085,100,0.19493177387914784,,256,7168,"(256, 1, 1)",6651776,ns,"(112, 64, 1)",6651776.0,1,,,893966924,cycle,903415660,cycle,7147876872,warp,,7147876872.0
mlp,zamba2,108,1.0,108,4096,16,ampere_bf16_s16816gemm_bf16_128x256_ldg8_f2f_stages_64x3_tn,40,28672,266,52,99.80506822612085,99.63680312049657,12.447885144722855,16384,152,99.80506822612085,76,0.19493177387914784,,256,28672,"(256, 1, 1)",24348064,ns,"(112, 256, 1)",24348064.0,25,,,3574293353,cycle,3587322396,cycle,28578929384,warp,,28578929384.0
mlp,zamba2,108,1.0,108,4096,32,ampere_bf16_s16816gemm_bf16_128x256_ldg8_f2f_stages_64x3_tn,53,57344,531,104,99.99302504010602,99.70963960329996,12.456988152418887,32768,304,99.80506822612085,44,0.19493177387914784,,256,57344,"(256, 1, 1)",48912160,ns,"(112, 512, 1)",48912160.0,17,,,7146945476,cycle,7167757806,cycle,57144751404,warp,,57144751404.0
mlp,zamba2,108,1.0,108,4096,64,ampere_bf16_s16816gemm_bf16_128x256_ldg8_f2f_stages_64x3_tn,79,114688,1062,100,99.99302504010602,99.8240212980031,12.4712616303111,65536,607,99.96949173225944,88,0.030508267740558814,,256,114688,"(256, 1, 1)",100474848,ns,"(112, 1024, 1)",100474848.0,67,,,14292195531,cycle,14317391090,cycle,114275795294,warp,,114275795294.0
mlp,zamba2,108,1.0,108,8192,1,ampere_bf16_s16816gemm_bf16_128x256_ldg8_f2f_stages_64x3_tn,40,3584,34,20,97.60348583877996,97.58584579350438,12.191668653419413,2048,19,99.80506822612085,104,0.19493177387914784,,256,3584,"(256, 1, 1)",3055872,ns,"(112, 32, 1)",3055872.0,31,,,447575854,cycle,458648332,cycle,3578680635,warp,,3578680635.0
mlp,zamba2,108,1.0,108,8192,4,ampere_bf16_s16816gemm_bf16_128x256_ldg8_f2f_stages_64x3_tn,40,14336,133,80,99.80506822612085,99.60651748513588,12.444111555872317,8192,76,99.80506822612085,92,0.19493177387914784,,256,14336,"(256, 1, 1)",11954624,ns,"(112, 128, 1)",11954624.0,10,,,1787063870,cycle,1794123432,cycle,14288814165,warp,,14288814165.0
mlp,zamba2,108,1.0,108,8192,16,ampere_bf16_s16816gemm_bf16_128x256_ldg8_f2f_stages_64x3_tn,53,57344,531,104,99.99302504010602,99.7105744359577,12.457106215422886,32768,304,99.80506822612085,44,0.19493177387914784,,256,57344,"(256, 1, 1)",48721888,ns,"(112, 512, 1)",48721888.0,5,,,7146657477,cycle,7167401770,cycle,57142454488,warp,,57142454488.0
mlp,zamba2,108,1.0,108,8192,32,ampere_bf16_s16816gemm_bf16_128x256_ldg8_f2f_stages_64x3_tn,79,114688,1062,100,99.99302504010602,99.8200836729359,12.470769040068024,65536,607,99.96949173225944,88,0.030508267740558814,,256,114688,"(256, 1, 1)",100965312,ns,"(112, 1024, 1)",100965312.0,25,,,14293151301,cycle,14318913364,cycle,114283431339,warp,,114283431339.0
mlp,zamba2,108,1.0,108,8192,64,ampere_bf16_s16816gemm_bf16_128x256_ldg8_f2f_stages_64x3_tn,132,229376,2124,92,99.99302504010602,99.80004331142752,12.468272914489457,131072,1214,99.96949173225944,68,0.030508267740558814,,256,229376,"(256, 1, 1)",205304288,ns,"(112, 2048, 1)",205304288.0,112,,,28586408034,cycle,28643682994,cycle,228567844381,warp,,228567844381.0
mlp,zamba2,108,1.0,108,16384,1,ampere_bf16_s16816gemm_bf16_128x256_ldg8_f2f_stages_64x3_tn,40,7168,67,40,99.06025428413488,98.96281550539506,12.3636721397065,4096,38,99.80506822612085,100,0.19493177387914784,,256,7168,"(256, 1, 1)",6018336,ns,"(112, 64, 1)",6018336.0,1,,,893805495,cycle,903173066,cycle,7146582831,warp,,7146582831.0
mlp,zamba2,108,1.0,108,16384,4,ampere_bf16_s16816gemm_bf16_128x256_ldg8_f2f_stages_64x3_tn,40,28672,266,52,99.80506822612085,99.63745290286853,12.447967874830255,16384,152,99.80506822612085,76,0.19493177387914784,,256,28672,"(256, 1, 1)",24614944,ns,"(112, 256, 1)",24614944.0,28,,,3574104164,cycle,3587109124,cycle,28577420249,warp,,28577420249.0
mlp,zamba2,108,1.0,108,16384,16,ampere_bf16_s16816gemm_bf16_128x256_ldg8_f2f_stages_64x3_tn,79,114688,1062,100,99.99302504010602,99.82324836399286,12.47116181427235,65536,607,99.96949173225944,88,0.030508267740558814,,256,114688,"(256, 1, 1)",100459840,ns,"(112, 1024, 1)",100459840.0,61,,,14292620838,cycle,14317928010,cycle,114279166117,warp,,114279166117.0
mlp,zamba2,108,1.0,108,16384,32,ampere_bf16_s16816gemm_bf16_128x256_ldg8_f2f_stages_64x3_tn,132,229376,2124,92,99.99302504010602,99.8093022995587,12.469429706415525,131072,1214,99.96949173225944,68,0.030508267740558814,,256,229376,"(256, 1, 1)",204698080,ns,"(112, 2048, 1)",204698080.0,92,,,28579083395,cycle,28633687178,cycle,228509279681,warp,,228509279681.0
mlp,zamba2,108,1.0,108,16384,64,ampere_bf16_s16816gemm_bf16_128x256_ldg8_f2f_stages_64x3_tn,277,458752,4248,76,99.99302504010602,99.81447258084285,12.470078568068535,262144,2428,99.96949173225944,28,0.030508267740558814,,256,458752,"(256, 1, 1)",416616416,ns,"(112, 4096, 1)",416616416.0,214,,,57169943588,cycle,57276206656,cycle,457112830132,warp,,457112830132.0
mlp,zamba2,108,1.0,108,32768,1,ampere_bf16_s16816gemm_bf16_128x256_ldg8_f2f_stages_64x3_tn,40,14336,133,80,99.80506822612085,99.61301057542654,12.44491667614483,8192,76,99.80506822612085,92,0.19493177387914784,,256,14336,"(256, 1, 1)",12314368,ns,"(112, 128, 1)",12314368.0,10,,,1787548982,cycle,1794493482,cycle,14292685990,warp,,14292685990.0
mlp,zamba2,108,1.0,108,32768,4,ampere_bf16_s16816gemm_bf16_128x256_ldg8_f2f_stages_64x3_tn,53,57344,531,104,99.99302504010602,99.71210382657777,12.45729769238671,32768,304,99.80506822612085,44,0.19493177387914784,,256,57344,"(256, 1, 1)",48788704,ns,"(112, 512, 1)",48788704.0,5,,,7147386215,cycle,7168022678,cycle,57148283114,warp,,57148283114.0
mlp,zamba2,108,1.0,108,32768,16,ampere_bf16_s16816gemm_bf16_128x256_ldg8_f2f_stages_64x3_tn,132,229376,2124,92,99.99302504010602,99.79804125081382,12.46802451546626,131072,1214,99.96949173225944,68,0.030508267740558814,,256,229376,"(256, 1, 1)",205738112,ns,"(112, 2048, 1)",205738112.0,112,,,28583506184,cycle,28641349896,cycle,228544673702,warp,,228544673702.0
mlp,zamba2,108,1.0,108,32768,32,ampere_bf16_s16816gemm_bf16_128x256_ldg8_f2f_stages_64x3_tn,277,458752,4248,76,99.99302504010602,99.82507392244116,12.471402422878409,262144,2428,99.96949173225944,28,0.030508267740558814,,256,458752,"(256, 1, 1)",416267072,ns,"(112, 4096, 1)",416267072.0,151,,,57167897466,cycle,57268074262,cycle,457096448067,warp,,457096448067.0
,,108,1.0,108,32768,64,,,,,,,,,524288,4855,99.99008277072129,56,0.00991722927871086,ncu exit code 1,,,,,,,,,,"==WARNING== Note: Running with unmodified GPU clocks. If not controlled otherwise, profiling results may be inconsistent.
==PROF== Connected to process 1123219 (/apps/applications/Miniconda/25.11.1/envs/pytorch_2.9.1_cuda13/bin/python3.14)
Loading Zamba2 from Zyphra/Zamba2-7B-Instruct …
==PROF== Disconnected from process 1123219
==ERROR== The application returned an error code (1).
""ID"",""Process ID"",""Process Name"",""Host Name"",""Kernel Name"",""Context"",""Stream"",""Block Size"",""Grid Size"",""Device"",""CC"",""Section Name"",""Metric Name"",""Metric Unit"",""Metric Value""
""0"",""1123219"",""python3.14"",""127.0.0.1"",""void at::<unnamed>::distribution_elementwise_grid_stride_kernel<float, 4, void at::normal_and_transform<c10::BFloat16, float, at::CUDAGeneratorImpl *, void at::normal_kernel<at::CUDAGeneratorImpl *>(const at::TensorBase &, double, double, T1)::[lambda() (instance 1)]::operator ()() const::[lambda() (instance 4)]::operator ()() const::[lambda(float) (instance 1)]>(at::TensorIteratorBase &, T3, T4):",,,,,,,"/apps/applications/Miniconda/25.11.1/envs/pytorch_2.9.1_cuda13/lib/python3.14/site-packages/torch/cuda/__init__.py:63: FutureWarning: The pynvml package is deprecated. Please install nvidia-ml-py instead. If you did not install pynvml directly, please report this to the maintainers of the package that installed pynvml for you.
  import pynvml  # type: ignore[import]
[transformers] `torch_dtype` is deprecated! Use `dtype` instead!
Traceback (most recent call last):
  File ""/scratch/ehmoon/whlee/prefill-layer-alloc/stage1_sm_scaling/../src/profiling/_ncu_target.py"", line 190, in <module>
    main()
    ~~~~^^
  File ""/scratch/ehmoon/whlee/prefill-layer-alloc/stage1_sm_scaling/../src/profiling/_ncu_target.py"", line 175, in main
    kernel()
    ~~~~~~^^
  File ""/scratch/ehmoon/whlee/prefill-layer-alloc/stage1_sm_scaling/../src/profiling/_ncu_target.py"", line 170, in kernel
    layer(inputs)
    ~~~~~^^^^^^^^
  File ""/apps/applications/Miniconda/25.11.1/envs/pytorch_2.9.1_cuda13/lib/python",
