layer_type,model,sm_count,sm_ratio,total_sm,seq_len,batch_size,kernel_name,n_kernels_captured,grid_size,n_waves,last_wave_blocks,wave_efficiency_pct,sm_util_per_sm_pct,achieved_occupancy_pct,analytical_n_blocks,analytical_n_waves,analytical_wave_eff_pct,analytical_last_wave_blocks,analytical_wasted_sm_pct,error,_block_size_parsed,_grid_size_parsed,block_size_raw,gpu__time_duration.sum,gpu__time_duration.sum.unit,grid_size_raw,kernel_duration_ns,kernel_id,kernel_time_ns,ncu_stdout,sm__cycles_active.sum,sm__cycles_active.sum.unit,sm__cycles_elapsed.sum,sm__cycles_elapsed.sum.unit,smsp__warps_active.sum,smsp__warps_active.sum.unit,stderr,warps_active
ssm,zamba2,14,0.12962962962962962,108,256,1,"void at::<unnamed>::distribution_elementwise_grid_stride_kernel<float, 4, void templates::uniform_and_transform<c10::BFloat16, float, at::CUDAGeneratorImpl *, void templates::uniform_kernel<at::CUDAGeneratorImpl *>(at::TensorIteratorBase &, double, double, T1)::[lambda() (instance 1)]::operator ()() const::[lambda() (instance 4)]::operator ()() const::[lambda(float) (instance 1)]>(at::TensorIteratorBase &, T3, T4)::[lambda(curandStatePhilox4_32_10 *) (instance 2)], void at::<unnamed>::distribution_nullary_kernel<c10::BFloat16, float, float4, at::CUDAGeneratorImpl *, void templates::uniform_and_transform<c10::BFloat16, float, at::CUDAGeneratorImpl *, void templates::uniform_kernel<at::CUDAGeneratorImpl *>(at::TensorIteratorBase &, double, double, T1)::[lambda() (instance 1)]::operator ()() const::[lambda() (instance 4)]::operator ()() const::[lambda(float) (instance 1)]>(at::TensorIteratorBase &, T3, T4)::[lambda(curandStatePhilox4_32_10 *) (instance 2)], void templates::uniform_kernel<at::CUDAGeneratorImpl *>(at::TensorIteratorBase &, double, double, T1)::[lambda() (instance 1)]::operator ()() const::[lambda() (instance 4)]::operator ()() const::[lambda(float) (instance 1)]>(at::TensorIteratorBase &, T4, const T5 &, T6)::[lambda(int, float) (instance 1)]>(long, at::PhiloxCudaState, T3, T4)",815,864,62,10,99.53917050691244,98.36515156065596,50.04131032769784,112,8,100.0,0,0.0,,256,864,"(256, 1, 1)",170176,ns,"(864, 1, 1)",170176.0,0,,,22992203,cycle,23374338,cycle,748596801,warp,,748596801.0
ssm,zamba2,14,0.12962962962962962,108,256,4,ampere_bf16_s16816gemm_bf16_256x128_ldg8_f2f_stages_64x3_tn,815,448,32,14,100.0,82.96943674353551,10.365563940546856,448,32,100.0,0,0.0,,256,448,"(256, 1, 1)",453216,ns,"(56, 8, 1)",453216.0,611,,,56607088,cycle,68226434,cycle,452611497,warp,,452611497.0
ssm,zamba2,14,0.12962962962962962,108,256,16,ampere_bf16_s16816gemm_bf16_128x256_ldg8_f2f_stages_64x3_tn,815,1792,128,14,100.0,97.31539271191289,12.157891450992166,1792,128,100.0,0,0.0,,256,1792,"(256, 1, 1)",1534816,ns,"(112, 16, 1)",1534816.0,662,,,224341132,cycle,230529956,cycle,1793765236,warp,,1793765236.0
ssm,zamba2,14,0.12962962962962962,108,256,32,ampere_bf16_s16816gemm_bf16_128x256_ldg8_f2f_stages_64x3_tn,815,3584,256,14,100.0,97.5604474741321,12.18849526428586,3584,256,100.0,0,0.0,,256,3584,"(256, 1, 1)",3503808,ns,"(112, 32, 1)",3503808.0,6,,,447532830,cycle,458723634,cycle,3578336538,warp,,3578336538.0
ssm,zamba2,14,0.12962962962962962,108,256,64,ampere_bf16_s16816gemm_bf16_128x256_ldg8_f2f_stages_64x3_tn,815,7168,512,14,100.0,98.9544041210407,12.362634361275337,7168,512,100.0,0,0.0,,256,7168,"(256, 1, 1)",6024704,ns,"(112, 64, 1)",6024704.0,747,,,893910442,cycle,903355894,cycle,7147429514,warp,,7147429514.0
ssm,zamba2,14,0.12962962962962962,108,512,1,ampere_bf16_s16816gemm_bf16_256x128_ldg8_f2f_stages_64x3_tn,815,224,16,14,100.0,69.23890581859783,8.650233130676032,224,16,100.0,0,0.0,,256,224,"(256, 1, 1)",330240,ns,"(56, 4, 1)",330240.0,6,,,28433109,cycle,41065220,cycle,227343185,warp,,227343185.0
ssm,zamba2,14,0.12962962962962962,108,512,4,ampere_bf16_s16816gemm_bf16_256x128_ldg8_f2f_stages_64x3_tn,815,896,64,14,100.0,92.08339726136792,11.50421979300093,896,64,100.0,0,0.0,,256,896,"(256, 1, 1)",814848,ns,"(56, 16, 1)",814848.0,611,,,112725086,cycle,122416298,cycle,901314559,warp,,901314559.0
ssm,zamba2,14,0.12962962962962962,108,512,16,ampere_bf16_s16816gemm_bf16_128x256_ldg8_f2f_stages_64x3_tn,815,3584,256,14,100.0,97.61990362922765,12.195912213097085,3584,256,100.0,0,0.0,,256,3584,"(256, 1, 1)",3058752,ns,"(112, 32, 1)",3058752.0,6,,,447631027,cycle,458544836,cycle,3579118442,warp,,3579118442.0
ssm,zamba2,14,0.12962962962962962,108,512,32,ampere_bf16_s16816gemm_bf16_128x256_ldg8_f2f_stages_64x3_tn,815,7168,512,14,100.0,98.9585182563959,12.363150267770108,7168,512,100.0,0,0.0,,256,7168,"(256, 1, 1)",6025856,ns,"(112, 64, 1)",6025856.0,798,,,893895850,cycle,903303592,cycle,7147313949,warp,,7147313949.0
ssm,zamba2,14,0.12962962962962962,108,512,64,ampere_bf16_s16816gemm_bf16_128x256_ldg8_f2f_stages_64x3_tn,815,14336,1024,14,100.0,99.66285326351178,12.45114263157794,14336,1024,100.0,0,0.0,,256,14336,"(256, 1, 1)",12897408,ns,"(112, 128, 1)",12897408.0,679,,,1786999600,cycle,1793044792,cycle,14288292128,warp,,14288292128.0
ssm,zamba2,14,0.12962962962962962,108,1024,1,ampere_bf16_s16816gemm_bf16_256x128_ldg8_f2f_stages_64x3_tn,815,448,32,14,100.0,83.05718173604569,10.37651777382254,448,32,100.0,0,0.0,,256,448,"(256, 1, 1)",452896,ns,"(56, 8, 1)",452896.0,6,,,56620619,cycle,68170648,cycle,452719322,warp,,452719322.0
ssm,zamba2,14,0.12962962962962962,108,1024,4,ampere_bf16_s16816gemm_bf16_128x256_ldg8_f2f_stages_64x3_tn,815,1792,128,14,100.0,97.28420347686804,12.153982878818699,1792,128,100.0,0,0.0,,256,1792,"(256, 1, 1)",1537504,ns,"(112, 16, 1)",1537504.0,6,,,224348629,cycle,230611570,cycle,1793823407,warp,,1793823407.0
ssm,zamba2,14,0.12962962962962962,108,1024,16,ampere_bf16_s16816gemm_bf16_128x256_ldg8_f2f_stages_64x3_tn,815,7168,512,14,100.0,98.95924348919193,12.363235460896622,7168,512,100.0,0,0.0,,256,7168,"(256, 1, 1)",6024032,ns,"(112, 64, 1)",6024032.0,6,,,893785548,cycle,903185510,cycle,7146428880,warp,,7146428880.0
ssm,zamba2,14,0.12962962962962962,108,1024,32,ampere_bf16_s16816gemm_bf16_128x256_ldg8_f2f_stages_64x3_tn,815,14336,1024,14,100.0,99.61501788131066,12.445171075508418,14336,1024,100.0,0,0.0,,256,14336,"(256, 1, 1)",11965632,ns,"(112, 128, 1)",11965632.0,645,,,1786744051,cycle,1793649280,cycle,14286254169,warp,,14286254169.0
ssm,zamba2,14,0.12962962962962962,108,1024,64,ampere_bf16_s16816gemm_bf16_128x256_ldg8_f2f_stages_64x3_tn,815,28672,2048,14,100.0,99.66892289579235,12.45190308282155,28672,2048,100.0,0,0.0,,256,28672,"(256, 1, 1)",23899616,ns,"(112, 256, 1)",23899616.0,611,,,3573307844,cycle,3585177546,cycle,28571061336,warp,,28571061336.0
ssm,zamba2,14,0.12962962962962962,108,2048,1,ampere_bf16_s16816gemm_bf16_256x128_ldg8_f2f_stages_64x3_tn,815,896,64,14,100.0,92.10662813609196,11.507112995518403,896,64,100.0,0,0.0,,256,896,"(256, 1, 1)",814144,ns,"(56, 16, 1)",814144.0,611,,,112653515,cycle,122307718,cycle,900741588,warp,,900741588.0
ssm,zamba2,14,0.12962962962962962,108,2048,4,ampere_bf16_s16816gemm_bf16_128x256_ldg8_f2f_stages_64x3_tn,815,3584,256,14,100.0,97.60321736026566,12.193838006296723,3584,256,100.0,0,0.0,,256,3584,"(256, 1, 1)",3058528,ns,"(112, 32, 1)",3058528.0,6,,,447545553,cycle,458535656,cycle,3578438086,warp,,3578438086.0
ssm,zamba2,14,0.12962962962962962,108,2048,16,ampere_bf16_s16816gemm_bf16_128x256_ldg8_f2f_stages_64x3_tn,815,14336,1024,14,100.0,99.61171075875325,12.44475566225479,14336,1024,100.0,0,0.0,,256,14336,"(256, 1, 1)",11964640,ns,"(112, 128, 1)",11964640.0,628,,,1786847333,cycle,1793812514,cycle,14287077402,warp,,14287077402.0
ssm,zamba2,14,0.12962962962962962,108,2048,32,ampere_bf16_s16816gemm_bf16_128x256_ldg8_f2f_stages_64x3_tn,815,28672,2048,14,100.0,99.65759533832477,12.450490147177959,28672,2048,100.0,0,0.0,,256,28672,"(256, 1, 1)",23908128,ns,"(112, 256, 1)",23908128.0,628,,,3573536793,cycle,3585814790,cycle,28572897096,warp,,28572897096.0
ssm,zamba2,14,0.12962962962962962,108,2048,64,ampere_bf16_s16816gemm_bf16_128x256_ldg8_f2f_stages_64x3_tn,828,57344,4096,14,100.0,99.725509064468,12.458971375656509,57344,4096,100.0,0,0.0,,256,57344,"(256, 1, 1)",48783712,ns,"(112, 512, 1)",48783712.0,684,,,7147214118,cycle,7166886572,cycle,57146902178,warp,,57146902178.0
ssm,zamba2,14,0.12962962962962962,108,4096,1,ampere_bf16_s16816gemm_bf16_128x256_ldg8_f2f_stages_64x3_tn,815,1792,128,14,100.0,97.28462841379157,12.154044509957123,1792,128,100.0,0,0.0,,256,1792,"(256, 1, 1)",1537280,ns,"(112, 16, 1)",1537280.0,6,,,224364404,cycle,230626778,cycle,1793950800,warp,,1793950800.0
ssm,zamba2,14,0.12962962962962962,108,4096,4,ampere_bf16_s16816gemm_bf16_128x256_ldg8_f2f_stages_64x3_tn,815,7168,512,14,100.0,98.96551946572544,12.364024503095576,7168,512,100.0,0,0.0,,256,7168,"(256, 1, 1)",6022432,ns,"(112, 64, 1)",6022432.0,6,,,893828141,cycle,903171272,cycle,7146772312,warp,,7146772312.0
ssm,zamba2,14,0.12962962962962962,108,4096,16,ampere_bf16_s16816gemm_bf16_128x256_ldg8_f2f_stages_64x3_tn,815,28672,2048,14,100.0,99.66530827090679,12.451452516781371,28672,2048,100.0,0,0.0,,256,28672,"(256, 1, 1)",23917888,ns,"(112, 256, 1)",23917888.0,611,,,3573417456,cycle,3585417552,cycle,28571940097,warp,,28571940097.0
ssm,zamba2,14,0.12962962962962962,108,4096,32,ampere_bf16_s16816gemm_bf16_128x256_ldg8_f2f_stages_64x3_tn,828,57344,4096,14,100.0,99.71045663666828,12.457090558551934,57344,4096,100.0,0,0.0,,256,57344,"(256, 1, 1)",48743360,ns,"(112, 512, 1)",48743360.0,810,,,7145906518,cycle,7166657098,cycle,57136445742,warp,,57136445742.0
,,14,0.12962962962962962,108,4096,64,,,,,,,,,114688,8192,100.0,0,0.0,ncu exit code 9,,,,,,,,,,"==WARNING== Note: Running with unmodified GPU clocks. If not controlled otherwise, profiling results may be inconsistent.
==PROF== Connected to process 581774 (/apps/applications/Miniconda/25.11.1/envs/pytorch_2.9.1_cuda13/bin/python3.14)

==ERROR== An error was reported by the driver:
==ERROR== LaunchFailed
==PROF== Trying to shutdown target application
==ERROR== The application returned an error code (9).
""ID"",""Process ID"",""Process Name"",""Host Name"",""Kernel Name"",""Context"",""Stream"",""Block Size"",""Grid Size"",""Device"",""CC"",""Section Name"",""Metric Name"",""Metric Unit"",""Metric Value""
""0"",""581774"",""python3.14"",""127.0.0.1"",""void at::<unnamed>::distribution_elementwise_grid_stride_kernel<float, 4, void templates::uniform_and_transform<c10::BFloat16, float, at::CUDAGeneratorImpl *, void templates::uniform_kernel<at::CUDAGeneratorImpl *>(at::TensorIteratorBase &, double, double, T1)::[lambda() (instance 1)]::operator ()() const::[lambda() (instance 4)]::operator ()() const::[lambda(float) (insta",,,,,,,"/apps/applications/Miniconda/25.11.1/envs/pytorch_2.9.1_cuda13/lib/python3.14/site-packages/torch/cuda/__init__.py:63: FutureWarning: The pynvml package is deprecated. Please install nvidia-ml-py instead. If you did not install pynvml directly, please report this to the maintainers of the package that installed pynvml for you.
  import pynvml  # type: ignore[import]
[transformers] `torch_dtype` is deprecated! Use `dtype` instead!
",
ssm,zamba2,14,0.12962962962962962,108,8192,1,ampere_bf16_s16816gemm_bf16_128x256_ldg8_f2f_stages_64x3_tn,815,3584,256,14,100.0,97.62898531319904,12.197057574384305,3584,256,100.0,0,0.0,,256,3584,"(256, 1, 1)",3056992,ns,"(112, 32, 1)",3056992.0,6,,,447528373,cycle,458397034,cycle,3578300810,warp,,3578300810.0
ssm,zamba2,14,0.12962962962962962,108,8192,4,ampere_bf16_s16816gemm_bf16_128x256_ldg8_f2f_stages_64x3_tn,815,14336,1024,14,100.0,99.54093278601808,12.435914681043265,14336,1024,100.0,0,0.0,,256,14336,"(256, 1, 1)",11955488,ns,"(112, 128, 1)",11955488.0,781,,,1786911637,cycle,1795152594,cycle,14287593279,warp,,14287593279.0
ssm,zamba2,14,0.12962962962962962,108,8192,16,ampere_bf16_s16816gemm_bf16_128x256_ldg8_f2f_stages_64x3_tn,828,57344,4096,14,100.0,99.69697735528928,12.455409021535278,57344,4096,100.0,0,0.0,,256,57344,"(256, 1, 1)",48579456,ns,"(112, 512, 1)",48579456.0,756,,,7147740735,cycle,7169465840,cycle,57151122882,warp,,57151122882.0
,,14,0.12962962962962962,108,8192,32,,,,,,,,,114688,8192,100.0,0,0.0,ncu exit code 9,,,,,,,,,,"==WARNING== Note: Running with unmodified GPU clocks. If not controlled otherwise, profiling results may be inconsistent.
==PROF== Connected to process 586445 (/apps/applications/Miniconda/25.11.1/envs/pytorch_2.9.1_cuda13/bin/python3.14)

==ERROR== An error was reported by the driver:
==ERROR== LaunchFailed
==PROF== Trying to shutdown target application
==ERROR== The application returned an error code (9).
""ID"",""Process ID"",""Process Name"",""Host Name"",""Kernel Name"",""Context"",""Stream"",""Block Size"",""Grid Size"",""Device"",""CC"",""Section Name"",""Metric Name"",""Metric Unit"",""Metric Value""
""0"",""586445"",""python3.14"",""127.0.0.1"",""void at::<unnamed>::distribution_elementwise_grid_stride_kernel<float, 4, void templates::uniform_and_transform<c10::BFloat16, float, at::CUDAGeneratorImpl *, void templates::uniform_kernel<at::CUDAGeneratorImpl *>(at::TensorIteratorBase &, double, double, T1)::[lambda() (instance 1)]::operator ()() const::[lambda() (instance 4)]::operator ()() const::[lambda(float) (insta",,,,,,,"/apps/applications/Miniconda/25.11.1/envs/pytorch_2.9.1_cuda13/lib/python3.14/site-packages/torch/cuda/__init__.py:63: FutureWarning: The pynvml package is deprecated. Please install nvidia-ml-py instead. If you did not install pynvml directly, please report this to the maintainers of the package that installed pynvml for you.
  import pynvml  # type: ignore[import]
[transformers] `torch_dtype` is deprecated! Use `dtype` instead!
",
,,14,0.12962962962962962,108,8192,64,,,,,,,,,229376,16384,100.0,0,0.0,ncu exit code 9,,,,,,,,,,"==WARNING== Note: Running with unmodified GPU clocks. If not controlled otherwise, profiling results may be inconsistent.
==PROF== Connected to process 586735 (/apps/applications/Miniconda/25.11.1/envs/pytorch_2.9.1_cuda13/bin/python3.14)

==ERROR== An error was reported by the driver:
==ERROR== LaunchFailed
==PROF== Trying to shutdown target application
==ERROR== The application returned an error code (9).
""ID"",""Process ID"",""Process Name"",""Host Name"",""Kernel Name"",""Context"",""Stream"",""Block Size"",""Grid Size"",""Device"",""CC"",""Section Name"",""Metric Name"",""Metric Unit"",""Metric Value""
""0"",""586735"",""python3.14"",""127.0.0.1"",""void at::<unnamed>::distribution_elementwise_grid_stride_kernel<float, 4, void templates::uniform_and_transform<c10::BFloat16, float, at::CUDAGeneratorImpl *, void templates::uniform_kernel<at::CUDAGeneratorImpl *>(at::TensorIteratorBase &, double, double, T1)::[lambda() (instance 1)]::operator ()() const::[lambda() (instance 4)]::operator ()() const::[lambda(float) (insta",,,,,,,"/apps/applications/Miniconda/25.11.1/envs/pytorch_2.9.1_cuda13/lib/python3.14/site-packages/torch/cuda/__init__.py:63: FutureWarning: The pynvml package is deprecated. Please install nvidia-ml-py instead. If you did not install pynvml directly, please report this to the maintainers of the package that installed pynvml for you.
  import pynvml  # type: ignore[import]
[transformers] `torch_dtype` is deprecated! Use `dtype` instead!
",
ssm,zamba2,14,0.12962962962962962,108,16384,1,ampere_bf16_s16816gemm_bf16_128x256_ldg8_f2f_stages_64x3_tn,815,7168,512,14,100.0,98.96685612834463,12.36419089766816,7168,512,100.0,0,0.0,,256,7168,"(256, 1, 1)",6018528,ns,"(112, 64, 1)",6018528.0,611,,,893818215,cycle,903149044,cycle,7146692601,warp,,7146692601.0
ssm,zamba2,14,0.12962962962962962,108,16384,4,ampere_bf16_s16816gemm_bf16_128x256_ldg8_f2f_stages_64x3_tn,815,28672,2048,14,100.0,99.67411810516393,12.452551660458317,28672,2048,100.0,0,0.0,,256,28672,"(256, 1, 1)",23894080,ns,"(112, 256, 1)",23894080.0,764,,,3573130887,cycle,3584813144,cycle,28569645356,warp,,28569645356.0
,,14,0.12962962962962962,108,16384,16,,,,,,,,,114688,8192,100.0,0,0.0,ncu exit code 9,,,,,,,,,,"==WARNING== Note: Running with unmodified GPU clocks. If not controlled otherwise, profiling results may be inconsistent.
==PROF== Connected to process 590473 (/apps/applications/Miniconda/25.11.1/envs/pytorch_2.9.1_cuda13/bin/python3.14)

==ERROR== An error was reported by the driver:
==ERROR== LaunchFailed
==PROF== Trying to shutdown target application
==ERROR== The application returned an error code (9).
""ID"",""Process ID"",""Process Name"",""Host Name"",""Kernel Name"",""Context"",""Stream"",""Block Size"",""Grid Size"",""Device"",""CC"",""Section Name"",""Metric Name"",""Metric Unit"",""Metric Value""
""0"",""590473"",""python3.14"",""127.0.0.1"",""void at::<unnamed>::distribution_elementwise_grid_stride_kernel<float, 4, void templates::uniform_and_transform<c10::BFloat16, float, at::CUDAGeneratorImpl *, void templates::uniform_kernel<at::CUDAGeneratorImpl *>(at::TensorIteratorBase &, double, double, T1)::[lambda() (instance 1)]::operator ()() const::[lambda() (instance 4)]::operator ()() const::[lambda(float) (insta",,,,,,,"/apps/applications/Miniconda/25.11.1/envs/pytorch_2.9.1_cuda13/lib/python3.14/site-packages/torch/cuda/__init__.py:63: FutureWarning: The pynvml package is deprecated. Please install nvidia-ml-py instead. If you did not install pynvml directly, please report this to the maintainers of the package that installed pynvml for you.
  import pynvml  # type: ignore[import]
[transformers] `torch_dtype` is deprecated! Use `dtype` instead!
",
,,14,0.12962962962962962,108,16384,32,,,,,,,,,229376,16384,100.0,0,0.0,ncu exit code 9,,,,,,,,,,"==WARNING== Note: Running with unmodified GPU clocks. If not controlled otherwise, profiling results may be inconsistent.
==PROF== Connected to process 590767 (/apps/applications/Miniconda/25.11.1/envs/pytorch_2.9.1_cuda13/bin/python3.14)

==ERROR== An error was reported by the driver:
==ERROR== LaunchFailed
==PROF== Trying to shutdown target application
==ERROR== The application returned an error code (9).
""ID"",""Process ID"",""Process Name"",""Host Name"",""Kernel Name"",""Context"",""Stream"",""Block Size"",""Grid Size"",""Device"",""CC"",""Section Name"",""Metric Name"",""Metric Unit"",""Metric Value""
""0"",""590767"",""python3.14"",""127.0.0.1"",""void at::<unnamed>::distribution_elementwise_grid_stride_kernel<float, 4, void templates::uniform_and_transform<c10::BFloat16, float, at::CUDAGeneratorImpl *, void templates::uniform_kernel<at::CUDAGeneratorImpl *>(at::TensorIteratorBase &, double, double, T1)::[lambda() (instance 1)]::operator ()() const::[lambda() (instance 4)]::operator ()() const::[lambda(float) (insta",,,,,,,"/apps/applications/Miniconda/25.11.1/envs/pytorch_2.9.1_cuda13/lib/python3.14/site-packages/torch/cuda/__init__.py:63: FutureWarning: The pynvml package is deprecated. Please install nvidia-ml-py instead. If you did not install pynvml directly, please report this to the maintainers of the package that installed pynvml for you.
  import pynvml  # type: ignore[import]
[transformers] `torch_dtype` is deprecated! Use `dtype` instead!
",
,,14,0.12962962962962962,108,16384,64,,,,,,,,,458752,32768,100.0,0,0.0,ncu exit code 9,,,,,,,,,,"==WARNING== Note: Running with unmodified GPU clocks. If not controlled otherwise, profiling results may be inconsistent.
==PROF== Connected to process 591059 (/apps/applications/Miniconda/25.11.1/envs/pytorch_2.9.1_cuda13/bin/python3.14)

==ERROR== An error was reported by the driver:
==ERROR== LaunchFailed
==PROF== Trying to shutdown target application
==ERROR== The application returned an error code (9).
""ID"",""Process ID"",""Process Name"",""Host Name"",""Kernel Name"",""Context"",""Stream"",""Block Size"",""Grid Size"",""Device"",""CC"",""Section Name"",""Metric Name"",""Metric Unit"",""Metric Value""
""0"",""591059"",""python3.14"",""127.0.0.1"",""void at::<unnamed>::distribution_elementwise_grid_stride_kernel<float, 4, void templates::uniform_and_transform<c10::BFloat16, float, at::CUDAGeneratorImpl *, void templates::uniform_kernel<at::CUDAGeneratorImpl *>(at::TensorIteratorBase &, double, double, T1)::[lambda() (instance 1)]::operator ()() const::[lambda() (instance 4)]::operator ()() const::[lambda(float) (insta",,,,,,,"/apps/applications/Miniconda/25.11.1/envs/pytorch_2.9.1_cuda13/lib/python3.14/site-packages/torch/cuda/__init__.py:63: FutureWarning: The pynvml package is deprecated. Please install nvidia-ml-py instead. If you did not install pynvml directly, please report this to the maintainers of the package that installed pynvml for you.
  import pynvml  # type: ignore[import]
[transformers] `torch_dtype` is deprecated! Use `dtype` instead!
",
ssm,zamba2,14,0.12962962962962962,108,32768,1,ampere_bf16_s16816gemm_bf16_128x256_ldg8_f2f_stages_64x3_tn,815,14336,1024,14,100.0,99.64509149238349,12.448916626100518,14336,1024,100.0,0,0.0,,256,14336,"(256, 1, 1)",12747712,ns,"(112, 128, 1)",12747712.0,6,,,1786940966,cycle,1793305560,cycle,14287815297,warp,,14287815297.0
ssm,zamba2,14,0.12962962962962962,108,32768,4,ampere_bf16_s16816gemm_bf16_128x256_ldg8_f2f_stages_64x3_tn,828,57344,4096,14,100.0,99.72776723772047,12.45925611324358,57344,4096,100.0,0,0.0,,256,57344,"(256, 1, 1)",48550752,ns,"(112, 512, 1)",48550752.0,774,,,7147889453,cycle,7167401468,cycle,57152313956,warp,,57152313956.0
,,14,0.12962962962962962,108,32768,16,,,,,,,,,229376,16384,100.0,0,0.0,ncu exit code 9,,,,,,,,,,"==WARNING== Note: Running with unmodified GPU clocks. If not controlled otherwise, profiling results may be inconsistent.
==PROF== Connected to process 594130 (/apps/applications/Miniconda/25.11.1/envs/pytorch_2.9.1_cuda13/bin/python3.14)

==ERROR== An error was reported by the driver:
==ERROR== LaunchFailed
==PROF== Trying to shutdown target application
==ERROR== The application returned an error code (9).
""ID"",""Process ID"",""Process Name"",""Host Name"",""Kernel Name"",""Context"",""Stream"",""Block Size"",""Grid Size"",""Device"",""CC"",""Section Name"",""Metric Name"",""Metric Unit"",""Metric Value""
""0"",""594130"",""python3.14"",""127.0.0.1"",""void at::<unnamed>::distribution_elementwise_grid_stride_kernel<float, 4, void templates::uniform_and_transform<c10::BFloat16, float, at::CUDAGeneratorImpl *, void templates::uniform_kernel<at::CUDAGeneratorImpl *>(at::TensorIteratorBase &, double, double, T1)::[lambda() (instance 1)]::operator ()() const::[lambda() (instance 4)]::operator ()() const::[lambda(float) (insta",,,,,,,"/apps/applications/Miniconda/25.11.1/envs/pytorch_2.9.1_cuda13/lib/python3.14/site-packages/torch/cuda/__init__.py:63: FutureWarning: The pynvml package is deprecated. Please install nvidia-ml-py instead. If you did not install pynvml directly, please report this to the maintainers of the package that installed pynvml for you.
  import pynvml  # type: ignore[import]
[transformers] `torch_dtype` is deprecated! Use `dtype` instead!
",
,,14,0.12962962962962962,108,32768,32,,,,,,,,,458752,32768,100.0,0,0.0,ncu exit code 9,,,,,,,,,,"==WARNING== Note: Running with unmodified GPU clocks. If not controlled otherwise, profiling results may be inconsistent.
==PROF== Connected to process 595105 (/apps/applications/Miniconda/25.11.1/envs/pytorch_2.9.1_cuda13/bin/python3.14)

==ERROR== An error was reported by the driver:
==ERROR== LaunchFailed
==PROF== Trying to shutdown target application
==ERROR== The application returned an error code (9).
""ID"",""Process ID"",""Process Name"",""Host Name"",""Kernel Name"",""Context"",""Stream"",""Block Size"",""Grid Size"",""Device"",""CC"",""Section Name"",""Metric Name"",""Metric Unit"",""Metric Value""
""0"",""595105"",""python3.14"",""127.0.0.1"",""void at::<unnamed>::distribution_elementwise_grid_stride_kernel<float, 4, void templates::uniform_and_transform<c10::BFloat16, float, at::CUDAGeneratorImpl *, void templates::uniform_kernel<at::CUDAGeneratorImpl *>(at::TensorIteratorBase &, double, double, T1)::[lambda() (instance 1)]::operator ()() const::[lambda() (instance 4)]::operator ()() const::[lambda(float) (insta",,,,,,,"/apps/applications/Miniconda/25.11.1/envs/pytorch_2.9.1_cuda13/lib/python3.14/site-packages/torch/cuda/__init__.py:63: FutureWarning: The pynvml package is deprecated. Please install nvidia-ml-py instead. If you did not install pynvml directly, please report this to the maintainers of the package that installed pynvml for you.
  import pynvml  # type: ignore[import]
[transformers] `torch_dtype` is deprecated! Use `dtype` instead!
",
,,14,0.12962962962962962,108,32768,64,,,,,,,,,917504,65536,100.0,0,0.0,ncu exit code 1,,,,,,,,,,"==WARNING== Note: Running with unmodified GPU clocks. If not controlled otherwise, profiling results may be inconsistent.
==PROF== Connected to process 595403 (/apps/applications/Miniconda/25.11.1/envs/pytorch_2.9.1_cuda13/bin/python3.14)
Loading Zamba2 from Zyphra/Zamba2-7B-Instruct …
==PROF== Disconnected from process 595403
==ERROR== The application returned an error code (1).
""ID"",""Process ID"",""Process Name"",""Host Name"",""Kernel Name"",""Context"",""Stream"",""Block Size"",""Grid Size"",""Device"",""CC"",""Section Name"",""Metric Name"",""Metric Unit"",""Metric Value""
""0"",""595403"",""python3.14"",""127.0.0.1"",""void at::<unnamed>::distribution_elementwise_grid_stride_kernel<float, 4, void templates::uniform_and_transform<c10::BFloat16, float, at::CUDAGeneratorImpl *, void templates::uniform_kernel<at::CUDAGeneratorImpl *>(at::TensorIteratorBase &, double, double, T1)::[lambda() (instance 1)]::operator ()() const::[lambda() (instance 4)]::operator ()() const::[lambda(float) (instance 1)]>(at::TensorIteratorB",,,,,,,"/apps/applications/Miniconda/25.11.1/envs/pytorch_2.9.1_cuda13/lib/python3.14/site-packages/torch/cuda/__init__.py:63: FutureWarning: The pynvml package is deprecated. Please install nvidia-ml-py instead. If you did not install pynvml directly, please report this to the maintainers of the package that installed pynvml for you.
  import pynvml  # type: ignore[import]
[transformers] `torch_dtype` is deprecated! Use `dtype` instead!
Traceback (most recent call last):
  File ""/scratch/ehmoon/whlee/prefill-layer-alloc/stage1_sm_scaling/../src/profiling/../../src/models/zamba2.py"", line 251, in forward
    y = mamba_chunk_scan_combined(
        x, dt, A, B, C,
    ...<3 lines>...
        dt_softplus=True,
    )
  File ""/home01/ehmoon/.local/lib/python3.14/site-packages/mamba_ssm/ops/triton/ssd_combined.py"", line 643, in mamba_chunk_scan_combined
    return MambaChunkScanCombinedFn.apply(x, dt, A, B, C, chunk_size, D, z, dt_bias, initial_states, seq_idx, cu_seqlens, dt_softplus, dt_limit, ret",
ssm,zamba2,27,0.25,108,256,1,"void at::<unnamed>::distribution_elementwise_grid_stride_kernel<float, 4, void templates::uniform_and_transform<c10::BFloat16, float, at::CUDAGeneratorImpl *, void templates::uniform_kernel<at::CUDAGeneratorImpl *>(at::TensorIteratorBase &, double, double, T1)::[lambda() (instance 1)]::operator ()() const::[lambda() (instance 4)]::operator ()() const::[lambda(float) (instance 1)]>(at::TensorIteratorBase &, T3, T4)::[lambda(curandStatePhilox4_32_10 *) (instance 2)], void at::<unnamed>::distribution_nullary_kernel<c10::BFloat16, float, float4, at::CUDAGeneratorImpl *, void templates::uniform_and_transform<c10::BFloat16, float, at::CUDAGeneratorImpl *, void templates::uniform_kernel<at::CUDAGeneratorImpl *>(at::TensorIteratorBase &, double, double, T1)::[lambda() (instance 1)]::operator ()() const::[lambda() (instance 4)]::operator ()() const::[lambda(float) (instance 1)]>(at::TensorIteratorBase &, T3, T4)::[lambda(curandStatePhilox4_32_10 *) (instance 2)], void templates::uniform_kernel<at::CUDAGeneratorImpl *>(at::TensorIteratorBase &, double, double, T1)::[lambda() (instance 1)]::operator ()() const::[lambda() (instance 4)]::operator ()() const::[lambda(float) (instance 1)]>(at::TensorIteratorBase &, T4, const T5 &, T6)::[lambda(int, float) (instance 1)]>(long, at::PhiloxCudaState, T3, T4)",815,864,32,27,100.0,98.1974844787075,49.9514178900352,112,5,82.96296296296296,4,17.037037037037038,,256,864,"(256, 1, 1)",154208,ns,"(864, 1, 1)",154208.0,0,,,22994139,cycle,23416220,cycle,748590970,warp,,748590970.0
ssm,zamba2,27,0.25,108,256,4,ampere_bf16_s16816gemm_bf16_256x128_ldg8_f2f_stages_64x3_tn,815,448,17,16,97.60348583877996,83.07774380664723,10.379131411565565,448,17,97.60348583877996,16,2.3965141612200425,,256,448,"(256, 1, 1)",452320,ns,"(56, 8, 1)",452320.0,6,,,56584351,cycle,68110120,cycle,452431287,warp,,452431287.0
ssm,zamba2,27,0.25,108,256,16,ampere_bf16_s16816gemm_bf16_128x256_ldg8_f2f_stages_64x3_tn,815,1792,67,10,99.06025428413488,97.28556279039175,12.154165479367991,1792,67,99.06025428413488,10,0.9397457158651146,,256,1792,"(256, 1, 1)",1536512,ns,"(112, 16, 1)",1536512.0,645,,,224344407,cycle,230604008,cycle,1793791535,warp,,1793791535.0
ssm,zamba2,27,0.25,108,256,32,ampere_bf16_s16816gemm_bf16_128x256_ldg8_f2f_stages_64x3_tn,815,3584,133,20,99.80506822612085,97.59961592221822,12.193393829202527,3584,133,99.80506822612085,20,0.19493177387914784,,256,3584,"(256, 1, 1)",3055616,ns,"(112, 32, 1)",3055616.0,798,,,447554050,cycle,458561282,cycle,3578507716,warp,,3578507716.0
ssm,zamba2,27,0.25,108,256,64,ampere_bf16_s16816gemm_bf16_128x256_ldg8_f2f_stages_64x3_tn,815,7168,266,13,99.80506822612085,98.95811411985797,12.36309697883293,7168,266,99.80506822612085,13,0.19493177387914784,,256,7168,"(256, 1, 1)",6021088,ns,"(112, 64, 1)",6021088.0,611,,,893856147,cycle,903267160,cycle,7146994878,warp,,7146994878.0
ssm,zamba2,27,0.25,108,512,1,ampere_bf16_s16816gemm_bf16_256x128_ldg8_f2f_stages_64x3_tn,815,224,9,8,92.18106995884774,69.34125138746222,8.663017319411047,224,9,92.18106995884774,8,7.818930041152261,,256,224,"(256, 1, 1)",292032,ns,"(56, 4, 1)",292032.0,6,,,28450678,cycle,41029946,cycle,227483605,warp,,227483605.0
ssm,zamba2,27,0.25,108,512,4,ampere_bf16_s16816gemm_bf16_256x128_ldg8_f2f_stages_64x3_tn,815,896,34,5,97.60348583877996,92.13282509734809,11.510400123662093,896,34,97.60348583877996,5,2.3965141612200425,,256,896,"(256, 1, 1)",814080,ns,"(56, 16, 1)",814080.0,6,,,112685344,cycle,122307488,cycle,900997200,warp,,900997200.0
ssm,zamba2,27,0.25,108,512,16,ampere_bf16_s16816gemm_bf16_128x256_ldg8_f2f_stages_64x3_tn,815,3584,133,20,99.80506822612085,97.57806559198532,12.19070276031716,3584,133,99.80506822612085,20,0.19493177387914784,,256,3584,"(256, 1, 1)",3057088,ns,"(112, 32, 1)",3057088.0,662,,,447524064,cycle,458631826,cycle,3578268331,warp,,3578268331.0
ssm,zamba2,27,0.25,108,512,32,ampere_bf16_s16816gemm_bf16_128x256_ldg8_f2f_stages_64x3_tn,815,7168,266,13,99.80506822612085,98.987563820689,12.366780919243814,7168,266,99.80506822612085,13,0.19493177387914784,,256,7168,"(256, 1, 1)",6022912,ns,"(112, 64, 1)",6022912.0,6,,,893943672,cycle,903086850,cycle,7147697424,warp,,7147697424.0
ssm,zamba2,27,0.25,108,512,64,ampere_bf16_s16816gemm_bf16_128x256_ldg8_f2f_stages_64x3_tn,815,14336,531,26,99.99302504010602,99.53279880209409,12.434890420193694,14336,531,99.99302504010602,26,0.006974959893979449,,256,14336,"(256, 1, 1)",11962720,ns,"(112, 128, 1)",11962720.0,6,,,1786915936,cycle,1795303616,cycle,14287618391,warp,,14287618391.0
ssm,zamba2,27,0.25,108,1024,1,ampere_bf16_s16816gemm_bf16_256x128_ldg8_f2f_stages_64x3_tn,815,448,17,16,97.60348583877996,83.01827194853134,10.371689235266905,448,17,97.60348583877996,16,2.3965141612200425,,256,448,"(256, 1, 1)",452480,ns,"(56, 8, 1)",452480.0,6,,,56623328,cycle,68205862,cycle,452742403,warp,,452742403.0
ssm,zamba2,27,0.25,108,1024,4,ampere_bf16_s16816gemm_bf16_128x256_ldg8_f2f_stages_64x3_tn,815,1792,67,10,99.06025428413488,97.27873974107149,12.153305463280551,1792,67,99.06025428413488,10,0.9397457158651146,,256,1792,"(256, 1, 1)",1537216,ns,"(112, 16, 1)",1537216.0,764,,,224401447,cycle,230678818,cycle,1794246489,warp,,1794246489.0
ssm,zamba2,27,0.25,108,1024,16,ampere_bf16_s16816gemm_bf16_128x256_ldg8_f2f_stages_64x3_tn,815,7168,266,13,99.80506822612085,98.98225628271759,12.366114078878015,7168,266,99.80506822612085,13,0.19493177387914784,,256,7168,"(256, 1, 1)",6023584,ns,"(112, 64, 1)",6023584.0,6,,,893767004,cycle,902956790,cycle,7146282671,warp,,7146282671.0
ssm,zamba2,27,0.25,108,1024,32,ampere_bf16_s16816gemm_bf16_128x256_ldg8_f2f_stages_64x3_tn,815,14336,531,26,99.99302504010602,99.57094169894994,12.43966832891802,14336,531,99.99302504010602,26,0.006974959893979449,,256,14336,"(256, 1, 1)",11970272,ns,"(112, 128, 1)",11970272.0,713,,,1787032336,cycle,1794732786,cycle,14288563582,warp,,14288563582.0
ssm,zamba2,27,0.25,108,1024,64,ampere_bf16_s16816gemm_bf16_128x256_ldg8_f2f_stages_64x3_tn,815,28672,1062,25,99.99302504010602,99.66857081635018,12.45185622959684,28672,1062,99.99302504010602,25,0.006974959893979449,,256,28672,"(256, 1, 1)",23904288,ns,"(112, 256, 1)",23904288.0,611,,,3573487482,cycle,3585370446,cycle,28572491087,warp,,28572491087.0
ssm,zamba2,27,0.25,108,2048,1,ampere_bf16_s16816gemm_bf16_256x128_ldg8_f2f_stages_64x3_tn,815,896,34,5,97.60348583877996,92.07679459899335,11.503401648347689,896,34,97.60348583877996,5,2.3965141612200425,,256,896,"(256, 1, 1)",813216,ns,"(56, 16, 1)",813216.0,611,,,112679900,cycle,122376002,cycle,900953794,warp,,900953794.0
ssm,zamba2,27,0.25,108,2048,4,ampere_bf16_s16816gemm_bf16_128x256_ldg8_f2f_stages_64x3_tn,815,3584,133,20,99.80506822612085,97.59056544955902,12.192251037742285,3584,133,99.80506822612085,20,0.19493177387914784,,256,3584,"(256, 1, 1)",3056512,ns,"(112, 32, 1)",3056512.0,781,,,447546937,cycle,458596520,cycle,3578447294,warp,,3578447294.0
ssm,zamba2,27,0.25,108,2048,16,ampere_bf16_s16816gemm_bf16_128x256_ldg8_f2f_stages_64x3_tn,815,14336,531,26,99.99302504010602,99.56960278586672,12.439494655702722,14336,531,99.99302504010602,26,0.006974959893979449,,256,14336,"(256, 1, 1)",11959264,ns,"(112, 128, 1)",11959264.0,696,,,1786998610,cycle,1794723048,cycle,14288286569,warp,,14288286569.0
ssm,zamba2,27,0.25,108,2048,32,ampere_bf16_s16816gemm_bf16_128x256_ldg8_f2f_stages_64x3_tn,815,28672,1062,25,99.99302504010602,99.67658965327819,12.452860458559114,28672,1062,99.99302504010602,25,0.006974959893979449,,256,28672,"(256, 1, 1)",23915776,ns,"(112, 256, 1)",23915776.0,781,,,3573376173,cycle,3584970338,cycle,28571606635,warp,,28571606635.0
ssm,zamba2,27,0.25,108,2048,64,ampere_bf16_s16816gemm_bf16_128x256_ldg8_f2f_stages_64x3_tn,828,57344,2124,23,99.99302504010602,99.71979469470692,12.458259485555095,57344,2124,99.99302504010602,23,0.006974959893979449,,256,57344,"(256, 1, 1)",48152480,ns,"(112, 512, 1)",48152480.0,648,,,7147728657,cycle,7167813250,cycle,57151025544,warp,,57151025544.0
ssm,zamba2,27,0.25,108,4096,1,ampere_bf16_s16816gemm_bf16_128x256_ldg8_f2f_stages_64x3_tn,815,1792,67,10,99.06025428413488,97.30843360087968,12.157022637975173,1792,67,99.06025428413488,10,0.9397457158651146,,256,1792,"(256, 1, 1)",1553248,ns,"(112, 16, 1)",1553248.0,6,,,224403475,cycle,230610510,cycle,1794263802,warp,,1794263802.0
ssm,zamba2,27,0.25,108,4096,4,ampere_bf16_s16816gemm_bf16_128x256_ldg8_f2f_stages_64x3_tn,815,7168,266,13,99.80506822612085,98.98122445359574,12.365993180506688,7168,266,99.80506822612085,13,0.19493177387914784,,256,7168,"(256, 1, 1)",6022368,ns,"(112, 64, 1)",6022368.0,6,,,893895750,cycle,903096274,cycle,7147316714,warp,,7147316714.0
ssm,zamba2,27,0.25,108,4096,16,ampere_bf16_s16816gemm_bf16_128x256_ldg8_f2f_stages_64x3_tn,815,28672,1062,25,99.99302504010602,99.67308393145163,12.452422033451484,28672,1062,99.99302504010602,25,0.006974959893979449,,256,28672,"(256, 1, 1)",23896064,ns,"(112, 256, 1)",23896064.0,679,,,3573572125,cycle,3585293024,cycle,28573172383,warp,,28573172383.0
ssm,zamba2,27,0.25,108,4096,32,ampere_bf16_s16816gemm_bf16_128x256_ldg8_f2f_stages_64x3_tn,828,57344,2124,23,99.99302504010602,99.73154960799532,12.459724592522171,57344,2124,99.99302504010602,23,0.006974959893979449,,256,57344,"(256, 1, 1)",48491392,ns,"(112, 512, 1)",48491392.0,774,,,7146938163,cycle,7166175790,cycle,57144689104,warp,,57144689104.0
,,27,0.25,108,4096,64,,,,,,,,,114688,4248,99.99302504010602,19,0.006974959893979449,ncu exit code 9,,,,,,,,,,"==WARNING== Note: Running with unmodified GPU clocks. If not controlled otherwise, profiling results may be inconsistent.
==PROF== Connected to process 630648 (/apps/applications/Miniconda/25.11.1/envs/pytorch_2.9.1_cuda13/bin/python3.14)

==ERROR== An error was reported by the driver:
==ERROR== LaunchFailed
==PROF== Trying to shutdown target application
==ERROR== The application returned an error code (9).
""ID"",""Process ID"",""Process Name"",""Host Name"",""Kernel Name"",""Context"",""Stream"",""Block Size"",""Grid Size"",""Device"",""CC"",""Section Name"",""Metric Name"",""Metric Unit"",""Metric Value""
""0"",""630648"",""python3.14"",""127.0.0.1"",""void at::<unnamed>::distribution_elementwise_grid_stride_kernel<float, 4, void templates::uniform_and_transform<c10::BFloat16, float, at::CUDAGeneratorImpl *, void templates::uniform_kernel<at::CUDAGeneratorImpl *>(at::TensorIteratorBase &, double, double, T1)::[lambda() (instance 1)]::operator ()() const::[lambda() (instance 4)]::operator ()() const::[lambda(float) (insta",,,,,,,"/apps/applications/Miniconda/25.11.1/envs/pytorch_2.9.1_cuda13/lib/python3.14/site-packages/torch/cuda/__init__.py:63: FutureWarning: The pynvml package is deprecated. Please install nvidia-ml-py instead. If you did not install pynvml directly, please report this to the maintainers of the package that installed pynvml for you.
  import pynvml  # type: ignore[import]
[transformers] `torch_dtype` is deprecated! Use `dtype` instead!
",
ssm,zamba2,27,0.25,108,8192,1,ampere_bf16_s16816gemm_bf16_128x256_ldg8_f2f_stages_64x3_tn,815,3584,133,20,99.80506822612085,97.57741298269615,12.190615330745375,3584,133,99.80506822612085,20,0.19493177387914784,,256,3584,"(256, 1, 1)",3055776,ns,"(112, 32, 1)",3055776.0,6,,,447531500,cycle,458642514,cycle,3578326056,warp,,3578326056.0
ssm,zamba2,27,0.25,108,8192,4,ampere_bf16_s16816gemm_bf16_128x256_ldg8_f2f_stages_64x3_tn,815,14336,531,26,99.99302504010602,99.50487240754646,12.431407664466622,14336,531,99.99302504010602,26,0.006974959893979449,,256,14336,"(256, 1, 1)",11975552,ns,"(112, 128, 1)",11975552.0,696,,,1787011534,cycle,1795903548,cycle,14288389844,warp,,14288389844.0
ssm,zamba2,27,0.25,108,8192,16,ampere_bf16_s16816gemm_bf16_128x256_ldg8_f2f_stages_64x3_tn,828,57344,2124,23,99.99302504010602,99.69319740524509,12.454935227341862,57344,2124,99.99302504010602,23,0.006974959893979449,,256,57344,"(256, 1, 1)",48660896,ns,"(112, 512, 1)",48660896.0,774,,,7147525874,cycle,7169522154,cycle,57149397785,warp,,57149397785.0
,,27,0.25,108,8192,32,,,,,,,,,114688,4248,99.99302504010602,19,0.006974959893979449,ncu exit code 9,,,,,,,,,,"==WARNING== Note: Running with unmodified GPU clocks. If not controlled otherwise, profiling results may be inconsistent.
==PROF== Connected to process 635418 (/apps/applications/Miniconda/25.11.1/envs/pytorch_2.9.1_cuda13/bin/python3.14)

==ERROR== An error was reported by the driver:
==ERROR== LaunchFailed
==PROF== Trying to shutdown target application
==ERROR== The application returned an error code (9).
""ID"",""Process ID"",""Process Name"",""Host Name"",""Kernel Name"",""Context"",""Stream"",""Block Size"",""Grid Size"",""Device"",""CC"",""Section Name"",""Metric Name"",""Metric Unit"",""Metric Value""
""0"",""635418"",""python3.14"",""127.0.0.1"",""void at::<unnamed>::distribution_elementwise_grid_stride_kernel<float, 4, void templates::uniform_and_transform<c10::BFloat16, float, at::CUDAGeneratorImpl *, void templates::uniform_kernel<at::CUDAGeneratorImpl *>(at::TensorIteratorBase &, double, double, T1)::[lambda() (instance 1)]::operator ()() const::[lambda() (instance 4)]::operator ()() const::[lambda(float) (insta",,,,,,,"/apps/applications/Miniconda/25.11.1/envs/pytorch_2.9.1_cuda13/lib/python3.14/site-packages/torch/cuda/__init__.py:63: FutureWarning: The pynvml package is deprecated. Please install nvidia-ml-py instead. If you did not install pynvml directly, please report this to the maintainers of the package that installed pynvml for you.
  import pynvml  # type: ignore[import]
[transformers] `torch_dtype` is deprecated! Use `dtype` instead!
",
,,27,0.25,108,8192,64,,,,,,,,,229376,8496,99.99302504010602,11,0.006974959893979449,ncu exit code 9,,,,,,,,,,"==WARNING== Note: Running with unmodified GPU clocks. If not controlled otherwise, profiling results may be inconsistent.
==PROF== Connected to process 635706 (/apps/applications/Miniconda/25.11.1/envs/pytorch_2.9.1_cuda13/bin/python3.14)

==ERROR== An error was reported by the driver:
==ERROR== LaunchFailed
==PROF== Trying to shutdown target application
==ERROR== The application returned an error code (9).
""ID"",""Process ID"",""Process Name"",""Host Name"",""Kernel Name"",""Context"",""Stream"",""Block Size"",""Grid Size"",""Device"",""CC"",""Section Name"",""Metric Name"",""Metric Unit"",""Metric Value""
""0"",""635706"",""python3.14"",""127.0.0.1"",""void at::<unnamed>::distribution_elementwise_grid_stride_kernel<float, 4, void templates::uniform_and_transform<c10::BFloat16, float, at::CUDAGeneratorImpl *, void templates::uniform_kernel<at::CUDAGeneratorImpl *>(at::TensorIteratorBase &, double, double, T1)::[lambda() (instance 1)]::operator ()() const::[lambda() (instance 4)]::operator ()() const::[lambda(float) (insta",,,,,,,"/apps/applications/Miniconda/25.11.1/envs/pytorch_2.9.1_cuda13/lib/python3.14/site-packages/torch/cuda/__init__.py:63: FutureWarning: The pynvml package is deprecated. Please install nvidia-ml-py instead. If you did not install pynvml directly, please report this to the maintainers of the package that installed pynvml for you.
  import pynvml  # type: ignore[import]
[transformers] `torch_dtype` is deprecated! Use `dtype` instead!
",
ssm,zamba2,27,0.25,108,16384,1,ampere_bf16_s16816gemm_bf16_128x256_ldg8_f2f_stages_64x3_tn,815,7168,266,13,99.80506822612085,98.96602741790271,12.364088564797084,7168,266,99.80506822612085,13,0.19493177387914784,,256,7168,"(256, 1, 1)",6022464,ns,"(112, 64, 1)",6022464.0,747,,,893814895,cycle,903153252,cycle,7146666749,warp,,7146666749.0
ssm,zamba2,27,0.25,108,16384,4,ampere_bf16_s16816gemm_bf16_128x256_ldg8_f2f_stages_64x3_tn,815,28672,1062,25,99.99302504010602,99.67628148899664,12.452823462449288,28672,1062,99.99302504010602,25,0.006974959893979449,,256,28672,"(256, 1, 1)",23899680,ns,"(112, 256, 1)",23899680.0,611,,,3573681781,cycle,3585288022,cycle,28574053632,warp,,28574053632.0
,,27,0.25,108,16384,16,,,,,,,,,114688,4248,99.99302504010602,19,0.006974959893979449,ncu exit code 9,,,,,,,,,,"==WARNING== Note: Running with unmodified GPU clocks. If not controlled otherwise, profiling results may be inconsistent.
==PROF== Connected to process 638758 (/apps/applications/Miniconda/25.11.1/envs/pytorch_2.9.1_cuda13/bin/python3.14)

==ERROR== An error was reported by the driver:
==ERROR== LaunchFailed
==PROF== Trying to shutdown target application
==ERROR== The application returned an error code (9).
""ID"",""Process ID"",""Process Name"",""Host Name"",""Kernel Name"",""Context"",""Stream"",""Block Size"",""Grid Size"",""Device"",""CC"",""Section Name"",""Metric Name"",""Metric Unit"",""Metric Value""
""0"",""638758"",""python3.14"",""127.0.0.1"",""void at::<unnamed>::distribution_elementwise_grid_stride_kernel<float, 4, void templates::uniform_and_transform<c10::BFloat16, float, at::CUDAGeneratorImpl *, void templates::uniform_kernel<at::CUDAGeneratorImpl *>(at::TensorIteratorBase &, double, double, T1)::[lambda() (instance 1)]::operator ()() const::[lambda() (instance 4)]::operator ()() const::[lambda(float) (insta",,,,,,,"/apps/applications/Miniconda/25.11.1/envs/pytorch_2.9.1_cuda13/lib/python3.14/site-packages/torch/cuda/__init__.py:63: FutureWarning: The pynvml package is deprecated. Please install nvidia-ml-py instead. If you did not install pynvml directly, please report this to the maintainers of the package that installed pynvml for you.
  import pynvml  # type: ignore[import]
[transformers] `torch_dtype` is deprecated! Use `dtype` instead!
",
,,27,0.25,108,16384,32,,,,,,,,,229376,8496,99.99302504010602,11,0.006974959893979449,ncu exit code 9,,,,,,,,,,"==WARNING== Note: Running with unmodified GPU clocks. If not controlled otherwise, profiling results may be inconsistent.
==PROF== Connected to process 639395 (/apps/applications/Miniconda/25.11.1/envs/pytorch_2.9.1_cuda13/bin/python3.14)

==ERROR== An error was reported by the driver:
==ERROR== LaunchFailed
==PROF== Trying to shutdown target application
==ERROR== The application returned an error code (9).
""ID"",""Process ID"",""Process Name"",""Host Name"",""Kernel Name"",""Context"",""Stream"",""Block Size"",""Grid Size"",""Device"",""CC"",""Section Name"",""Metric Name"",""Metric Unit"",""Metric Value""
""0"",""639395"",""python3.14"",""127.0.0.1"",""void at::<unnamed>::distribution_elementwise_grid_stride_kernel<float, 4, void templates::uniform_and_transform<c10::BFloat16, float, at::CUDAGeneratorImpl *, void templates::uniform_kernel<at::CUDAGeneratorImpl *>(at::TensorIteratorBase &, double, double, T1)::[lambda() (instance 1)]::operator ()() const::[lambda() (instance 4)]::operator ()() const::[lambda(float) (insta",,,,,,,"/apps/applications/Miniconda/25.11.1/envs/pytorch_2.9.1_cuda13/lib/python3.14/site-packages/torch/cuda/__init__.py:63: FutureWarning: The pynvml package is deprecated. Please install nvidia-ml-py instead. If you did not install pynvml directly, please report this to the maintainers of the package that installed pynvml for you.
  import pynvml  # type: ignore[import]
[transformers] `torch_dtype` is deprecated! Use `dtype` instead!
",
,,27,0.25,108,16384,64,,,,,,,,,458752,16991,99.99891009837452,22,0.0010899016254839466,ncu exit code 9,,,,,,,,,,"==WARNING== Note: Running with unmodified GPU clocks. If not controlled otherwise, profiling results may be inconsistent.
==PROF== Connected to process 639689 (/apps/applications/Miniconda/25.11.1/envs/pytorch_2.9.1_cuda13/bin/python3.14)

==ERROR== An error was reported by the driver:
==ERROR== LaunchFailed
==PROF== Trying to shutdown target application
==ERROR== The application returned an error code (9).
""ID"",""Process ID"",""Process Name"",""Host Name"",""Kernel Name"",""Context"",""Stream"",""Block Size"",""Grid Size"",""Device"",""CC"",""Section Name"",""Metric Name"",""Metric Unit"",""Metric Value""
""0"",""639689"",""python3.14"",""127.0.0.1"",""void at::<unnamed>::distribution_elementwise_grid_stride_kernel<float, 4, void templates::uniform_and_transform<c10::BFloat16, float, at::CUDAGeneratorImpl *, void templates::uniform_kernel<at::CUDAGeneratorImpl *>(at::TensorIteratorBase &, double, double, T1)::[lambda() (instance 1)]::operator ()() const::[lambda() (instance 4)]::operator ()() const::[lambda(float) (insta",,,,,,,"/apps/applications/Miniconda/25.11.1/envs/pytorch_2.9.1_cuda13/lib/python3.14/site-packages/torch/cuda/__init__.py:63: FutureWarning: The pynvml package is deprecated. Please install nvidia-ml-py instead. If you did not install pynvml directly, please report this to the maintainers of the package that installed pynvml for you.
  import pynvml  # type: ignore[import]
[transformers] `torch_dtype` is deprecated! Use `dtype` instead!
",
ssm,zamba2,27,0.25,108,32768,1,ampere_bf16_s16816gemm_bf16_128x256_ldg8_f2f_stages_64x3_tn,815,14336,531,26,99.99302504010602,99.60892418658312,12.444407525273899,14336,531,99.99302504010602,26,0.006974959893979449,,256,14336,"(256, 1, 1)",11957888,ns,"(112, 128, 1)",11957888.0,679,,,1786999868,cycle,1794015830,cycle,14288297021,warp,,14288297021.0
ssm,zamba2,27,0.25,108,32768,4,ampere_bf16_s16816gemm_bf16_128x256_ldg8_f2f_stages_64x3_tn,828,57344,2124,23,99.99302504010602,99.78336257367425,12.466199551270064,57344,2124,99.99302504010602,23,0.006974959893979449,,256,57344,"(256, 1, 1)",48432992,ns,"(112, 512, 1)",48432992.0,648,,,7146328987,cycle,7161844222,cycle,57139826705,warp,,57139826705.0
,,27,0.25,108,32768,16,,,,,,,,,229376,8496,99.99302504010602,11,0.006974959893979449,ncu exit code 9,,,,,,,,,,"==WARNING== Note: Running with unmodified GPU clocks. If not controlled otherwise, profiling results may be inconsistent.
==PROF== Connected to process 643247 (/apps/applications/Miniconda/25.11.1/envs/pytorch_2.9.1_cuda13/bin/python3.14)

==ERROR== An error was reported by the driver:
==ERROR== LaunchFailed
==PROF== Trying to shutdown target application
==ERROR== The application returned an error code (9).
""ID"",""Process ID"",""Process Name"",""Host Name"",""Kernel Name"",""Context"",""Stream"",""Block Size"",""Grid Size"",""Device"",""CC"",""Section Name"",""Metric Name"",""Metric Unit"",""Metric Value""
""0"",""643247"",""python3.14"",""127.0.0.1"",""void at::<unnamed>::distribution_elementwise_grid_stride_kernel<float, 4, void templates::uniform_and_transform<c10::BFloat16, float, at::CUDAGeneratorImpl *, void templates::uniform_kernel<at::CUDAGeneratorImpl *>(at::TensorIteratorBase &, double, double, T1)::[lambda() (instance 1)]::operator ()() const::[lambda() (instance 4)]::operator ()() const::[lambda(float) (insta",,,,,,,"/apps/applications/Miniconda/25.11.1/envs/pytorch_2.9.1_cuda13/lib/python3.14/site-packages/torch/cuda/__init__.py:63: FutureWarning: The pynvml package is deprecated. Please install nvidia-ml-py instead. If you did not install pynvml directly, please report this to the maintainers of the package that installed pynvml for you.
  import pynvml  # type: ignore[import]
[transformers] `torch_dtype` is deprecated! Use `dtype` instead!
",
,,27,0.25,108,32768,32,,,,,,,,,458752,16991,99.99891009837452,22,0.0010899016254839466,ncu exit code 9,,,,,,,,,,"==WARNING== Note: Running with unmodified GPU clocks. If not controlled otherwise, profiling results may be inconsistent.
==PROF== Connected to process 643536 (/apps/applications/Miniconda/25.11.1/envs/pytorch_2.9.1_cuda13/bin/python3.14)

==ERROR== An error was reported by the driver:
==ERROR== LaunchFailed
==PROF== Trying to shutdown target application
==ERROR== The application returned an error code (9).
""ID"",""Process ID"",""Process Name"",""Host Name"",""Kernel Name"",""Context"",""Stream"",""Block Size"",""Grid Size"",""Device"",""CC"",""Section Name"",""Metric Name"",""Metric Unit"",""Metric Value""
""0"",""643536"",""python3.14"",""127.0.0.1"",""void at::<unnamed>::distribution_elementwise_grid_stride_kernel<float, 4, void templates::uniform_and_transform<c10::BFloat16, float, at::CUDAGeneratorImpl *, void templates::uniform_kernel<at::CUDAGeneratorImpl *>(at::TensorIteratorBase &, double, double, T1)::[lambda() (instance 1)]::operator ()() const::[lambda() (instance 4)]::operator ()() const::[lambda(float) (insta",,,,,,,"/apps/applications/Miniconda/25.11.1/envs/pytorch_2.9.1_cuda13/lib/python3.14/site-packages/torch/cuda/__init__.py:63: FutureWarning: The pynvml package is deprecated. Please install nvidia-ml-py instead. If you did not install pynvml directly, please report this to the maintainers of the package that installed pynvml for you.
  import pynvml  # type: ignore[import]
[transformers] `torch_dtype` is deprecated! Use `dtype` instead!
",
,,27,0.25,108,32768,64,,,,,,,,,917504,33982,99.99891009837452,17,0.0010899016254839466,ncu exit code 1,,,,,,,,,,"==WARNING== Note: Running with unmodified GPU clocks. If not controlled otherwise, profiling results may be inconsistent.
==PROF== Connected to process 644179 (/apps/applications/Miniconda/25.11.1/envs/pytorch_2.9.1_cuda13/bin/python3.14)
Loading Zamba2 from Zyphra/Zamba2-7B-Instruct …
==PROF== Disconnected from process 644179
==ERROR== The application returned an error code (1).
""ID"",""Process ID"",""Process Name"",""Host Name"",""Kernel Name"",""Context"",""Stream"",""Block Size"",""Grid Size"",""Device"",""CC"",""Section Name"",""Metric Name"",""Metric Unit"",""Metric Value""
""0"",""644179"",""python3.14"",""127.0.0.1"",""void at::<unnamed>::distribution_elementwise_grid_stride_kernel<float, 4, void templates::uniform_and_transform<c10::BFloat16, float, at::CUDAGeneratorImpl *, void templates::uniform_kernel<at::CUDAGeneratorImpl *>(at::TensorIteratorBase &, double, double, T1)::[lambda() (instance 1)]::operator ()() const::[lambda() (instance 4)]::operator ()() const::[lambda(float) (instance 1)]>(at::TensorIteratorB",,,,,,,"/apps/applications/Miniconda/25.11.1/envs/pytorch_2.9.1_cuda13/lib/python3.14/site-packages/torch/cuda/__init__.py:63: FutureWarning: The pynvml package is deprecated. Please install nvidia-ml-py instead. If you did not install pynvml directly, please report this to the maintainers of the package that installed pynvml for you.
  import pynvml  # type: ignore[import]
[transformers] `torch_dtype` is deprecated! Use `dtype` instead!
Traceback (most recent call last):
  File ""/scratch/ehmoon/whlee/prefill-layer-alloc/stage1_sm_scaling/../src/profiling/../../src/models/zamba2.py"", line 251, in forward
    y = mamba_chunk_scan_combined(
        x, dt, A, B, C,
    ...<3 lines>...
        dt_softplus=True,
    )
  File ""/home01/ehmoon/.local/lib/python3.14/site-packages/mamba_ssm/ops/triton/ssd_combined.py"", line 643, in mamba_chunk_scan_combined
    return MambaChunkScanCombinedFn.apply(x, dt, A, B, C, chunk_size, D, z, dt_bias, initial_states, seq_idx, cu_seqlens, dt_softplus, dt_limit, ret",
ssm,zamba2,40,0.37037037037037035,108,256,1,"void at::<unnamed>::distribution_elementwise_grid_stride_kernel<float, 4, void templates::uniform_and_transform<c10::BFloat16, float, at::CUDAGeneratorImpl *, void templates::uniform_kernel<at::CUDAGeneratorImpl *>(at::TensorIteratorBase &, double, double, T1)::[lambda() (instance 1)]::operator ()() const::[lambda() (instance 4)]::operator ()() const::[lambda(float) (instance 1)]>(at::TensorIteratorBase &, T3, T4)::[lambda(curandStatePhilox4_32_10 *) (instance 2)], void at::<unnamed>::distribution_nullary_kernel<c10::BFloat16, float, float4, at::CUDAGeneratorImpl *, void templates::uniform_and_transform<c10::BFloat16, float, at::CUDAGeneratorImpl *, void templates::uniform_kernel<at::CUDAGeneratorImpl *>(at::TensorIteratorBase &, double, double, T1)::[lambda() (instance 1)]::operator ()() const::[lambda() (instance 4)]::operator ()() const::[lambda(float) (instance 1)]>(at::TensorIteratorBase &, T3, T4)::[lambda(curandStatePhilox4_32_10 *) (instance 2)], void templates::uniform_kernel<at::CUDAGeneratorImpl *>(at::TensorIteratorBase &, double, double, T1)::[lambda() (instance 1)]::operator ()() const::[lambda() (instance 4)]::operator ()() const::[lambda(float) (instance 1)]>(at::TensorIteratorBase &, T4, const T5 &, T6)::[lambda(int, float) (instance 1)]>(long, at::PhiloxCudaState, T3, T4)",815,864,22,24,98.18181818181819,98.22148252700698,49.97125004580858,112,3,93.33333333333333,32,6.666666666666665,,256,864,"(256, 1, 1)",154240,ns,"(864, 1, 1)",154240.0,0,,,22996248,cycle,23412646,cycle,748773880,warp,,748773880.0
ssm,zamba2,40,0.37037037037037035,108,256,4,ampere_bf16_s16816gemm_bf16_256x128_ldg8_f2f_stages_64x3_tn,815,448,12,8,93.33333333333333,82.9976737236329,10.369125648474622,448,12,93.33333333333333,8,6.666666666666665,,256,448,"(256, 1, 1)",452928,ns,"(56, 8, 1)",452928.0,6,,,56580135,cycle,68170748,cycle,452397473,warp,,452397473.0
ssm,zamba2,40,0.37037037037037035,108,256,16,ampere_bf16_s16816gemm_bf16_128x256_ldg8_f2f_stages_64x3_tn,815,1792,45,32,99.55555555555556,97.29415552377063,12.155232317100017,1792,45,99.55555555555556,32,0.4444444444444473,,256,1792,"(256, 1, 1)",1536928,ns,"(112, 16, 1)",1536928.0,781,,,224335715,cycle,230574708,cycle,1793721051,warp,,1793721051.0
ssm,zamba2,40,0.37037037037037035,108,256,32,ampere_bf16_s16816gemm_bf16_128x256_ldg8_f2f_stages_64x3_tn,815,3584,90,24,99.55555555555556,97.59550623653656,12.192878350184815,3584,90,99.55555555555556,24,0.4444444444444473,,256,3584,"(256, 1, 1)",3054624,ns,"(112, 32, 1)",3054624.0,6,,,447595421,cycle,458622982,cycle,3578837906,warp,,3578837906.0
ssm,zamba2,40,0.37037037037037035,108,256,64,ampere_bf16_s16816gemm_bf16_128x256_ldg8_f2f_stages_64x3_tn,815,7168,180,8,99.55555555555556,98.98214533087597,12.366102020042401,7168,180,99.55555555555556,8,0.4444444444444473,,256,7168,"(256, 1, 1)",6020448,ns,"(112, 64, 1)",6020448.0,6,,,893824948,cycle,903016342,cycle,7146747015,warp,,7146747015.0
ssm,zamba2,40,0.37037037037037035,108,512,1,ampere_bf16_s16816gemm_bf16_256x128_ldg8_f2f_stages_64x3_tn,815,224,6,24,93.33333333333333,69.32766971984873,8.661312961062825,224,6,93.33333333333333,24,6.666666666666665,,256,224,"(256, 1, 1)",272320,ns,"(56, 4, 1)",272320.0,6,,,28439831,cycle,41022338,cycle,227396677,warp,,227396677.0
ssm,zamba2,40,0.37037037037037035,108,512,4,ampere_bf16_s16816gemm_bf16_256x128_ldg8_f2f_stages_64x3_tn,815,896,23,16,97.3913043478261,92.10133236477105,11.506462814470181,896,23,97.3913043478261,16,2.608695652173909,,256,896,"(256, 1, 1)",814048,ns,"(56, 16, 1)",814048.0,6,,,112709186,cycle,122375196,cycle,901187611,warp,,901187611.0
ssm,zamba2,40,0.37037037037037035,108,512,16,ampere_bf16_s16816gemm_bf16_128x256_ldg8_f2f_stages_64x3_tn,815,3584,90,24,99.55555555555556,97.57592142509563,12.190436331894643,3584,90,99.55555555555556,24,0.4444444444444473,,256,3584,"(256, 1, 1)",3056768,ns,"(112, 32, 1)",3056768.0,730,,,447562017,cycle,458680800,cycle,3578572217,warp,,3578572217.0
ssm,zamba2,40,0.37037037037037035,108,512,32,ampere_bf16_s16816gemm_bf16_128x256_ldg8_f2f_stages_64x3_tn,815,7168,180,8,99.55555555555556,98.95326022184373,12.362498345432863,7168,180,99.55555555555556,8,0.4444444444444473,,256,7168,"(256, 1, 1)",6021248,ns,"(112, 64, 1)",6021248.0,611,,,893854970,cycle,903310278,cycle,7146989963,warp,,7146989963.0
ssm,zamba2,40,0.37037037037037035,108,512,64,ampere_bf16_s16816gemm_bf16_128x256_ldg8_f2f_stages_64x3_tn,815,14336,359,16,99.83286908077994,99.59247214285374,12.442349830093091,14336,359,99.83286908077994,16,0.16713091922005985,,256,14336,"(256, 1, 1)",11966304,ns,"(112, 128, 1)",11966304.0,730,,,1786965650,cycle,1794277832,cycle,14288020786,warp,,14288020786.0
ssm,zamba2,40,0.37037037037037035,108,1024,1,ampere_bf16_s16816gemm_bf16_256x128_ldg8_f2f_stages_64x3_tn,815,448,12,8,93.33333333333333,82.99647605038437,10.368955543258824,448,12,93.33333333333333,8,6.666666666666665,,256,448,"(256, 1, 1)",453024,ns,"(56, 8, 1)",453024.0,6,,,56598094,cycle,68193370,cycle,452540174,warp,,452540174.0
ssm,zamba2,40,0.37037037037037035,108,1024,4,ampere_bf16_s16816gemm_bf16_128x256_ldg8_f2f_stages_64x3_tn,815,1792,45,32,99.55555555555556,97.33340536996474,12.160131614389584,1792,45,99.55555555555556,32,0.4444444444444473,,256,1792,"(256, 1, 1)",1537056,ns,"(112, 16, 1)",1537056.0,6,,,224365522,cycle,230512352,cycle,1793958745,warp,,1793958745.0
ssm,zamba2,40,0.37037037037037035,108,1024,16,ampere_bf16_s16816gemm_bf16_128x256_ldg8_f2f_stages_64x3_tn,815,7168,180,8,99.55555555555556,98.89002988445922,12.3545856666125,7168,180,99.55555555555556,8,0.4444444444444473,,256,7168,"(256, 1, 1)",7248096,ns,"(112, 64, 1)",7248096.0,679,,,893935058,cycle,903968842,cycle,7147622719,warp,,7147622719.0
ssm,zamba2,40,0.37037037037037035,108,1024,32,ampere_bf16_s16816gemm_bf16_128x256_ldg8_f2f_stages_64x3_tn,815,14336,359,16,99.83286908077994,99.5813523498755,12.44095904456122,14336,359,99.83286908077994,16,0.16713091922005985,,256,14336,"(256, 1, 1)",11965824,ns,"(112, 128, 1)",11965824.0,6,,,1787035635,cycle,1794548470,cycle,14288578572,warp,,14288578572.0
ssm,zamba2,40,0.37037037037037035,108,1024,64,ampere_bf16_s16816gemm_bf16_128x256_ldg8_f2f_stages_64x3_tn,815,28672,717,32,99.9721059972106,99.67227152213397,12.452315383853762,28672,717,99.9721059972106,32,0.02789400278939702,,256,28672,"(256, 1, 1)",23896416,ns,"(112, 256, 1)",23896416.0,6,,,3573202294,cycle,3584951200,cycle,28570203506,warp,,28570203506.0
ssm,zamba2,40,0.37037037037037035,108,2048,1,ampere_bf16_s16816gemm_bf16_256x128_ldg8_f2f_stages_64x3_tn,815,896,23,16,97.3913043478261,92.11782993354437,11.508526483994855,896,23,97.3913043478261,16,2.608695652173909,,256,896,"(256, 1, 1)",814304,ns,"(56, 16, 1)",814304.0,611,,,112675860,cycle,122317102,cycle,900921349,warp,,900921349.0
ssm,zamba2,40,0.37037037037037035,108,2048,4,ampere_bf16_s16816gemm_bf16_128x256_ldg8_f2f_stages_64x3_tn,815,3584,90,24,99.55555555555556,97.60876882330084,12.194536426268732,3584,90,99.55555555555556,24,0.4444444444444473,,256,3584,"(256, 1, 1)",3057088,ns,"(112, 32, 1)",3057088.0,6,,,447666054,cycle,458633030,cycle,3579403002,warp,,3579403002.0
ssm,zamba2,40,0.37037037037037035,108,2048,16,ampere_bf16_s16816gemm_bf16_128x256_ldg8_f2f_stages_64x3_tn,815,14336,359,16,99.83286908077994,99.61261124483617,12.444868862674774,14336,359,99.83286908077994,16,0.16713091922005985,,256,14336,"(256, 1, 1)",11965856,ns,"(112, 128, 1)",11965856.0,662,,,1787018806,cycle,1793968438,cycle,14288449251,warp,,14288449251.0
ssm,zamba2,40,0.37037037037037035,108,2048,32,ampere_bf16_s16816gemm_bf16_128x256_ldg8_f2f_stages_64x3_tn,815,28672,717,32,99.9721059972106,99.66556059555293,12.451483955290756,28672,717,99.9721059972106,32,0.02789400278939702,,256,28672,"(256, 1, 1)",23972928,ns,"(112, 256, 1)",23972928.0,696,,,3572941016,cycle,3584930436,cycle,28568130435,warp,,28568130435.0
ssm,zamba2,40,0.37037037037037035,108,2048,64,ampere_bf16_s16816gemm_bf16_128x256_ldg8_f2f_stages_64x3_tn,828,57344,1434,24,99.9721059972106,99.67638770525127,12.452830777804634,57344,1434,99.9721059972106,24,0.02789400278939702,,256,57344,"(256, 1, 1)",48691648,ns,"(112, 512, 1)",48691648.0,6,,,7145586656,cycle,7168785728,cycle,57133872354,warp,,57133872354.0
ssm,zamba2,40,0.37037037037037035,108,4096,1,ampere_bf16_s16816gemm_bf16_128x256_ldg8_f2f_stages_64x3_tn,815,1792,45,32,99.55555555555556,97.33559978374527,12.160415479774388,1792,45,99.55555555555556,32,0.4444444444444473,,256,1792,"(256, 1, 1)",1537120,ns,"(112, 16, 1)",1537120.0,6,,,224393135,cycle,230535524,cycle,1794180963,warp,,1794180963.0
ssm,zamba2,40,0.37037037037037035,108,4096,4,ampere_bf16_s16816gemm_bf16_128x256_ldg8_f2f_stages_64x3_tn,815,7168,180,8,99.55555555555556,98.98018988592604,12.365855384555344,7168,180,99.55555555555556,8,0.4444444444444473,,256,7168,"(256, 1, 1)",6024576,ns,"(112, 64, 1)",6024576.0,6,,,893815347,cycle,903024482,cycle,7146668898,warp,,7146668898.0
ssm,zamba2,40,0.37037037037037035,108,4096,16,ampere_bf16_s16816gemm_bf16_128x256_ldg8_f2f_stages_64x3_tn,815,28672,717,32,99.9721059972106,99.66408735867097,12.451296311524308,28672,717,99.9721059972106,32,0.02789400278939702,,256,28672,"(256, 1, 1)",23907712,ns,"(112, 256, 1)",23907712.0,6,,,3573495979,cycle,3585540262,cycle,28572559513,warp,,28572559513.0
ssm,zamba2,40,0.37037037037037035,108,4096,32,ampere_bf16_s16816gemm_bf16_128x256_ldg8_f2f_stages_64x3_tn,828,57344,1434,24,99.9721059972106,99.72495030916951,12.458901867263448,57344,1434,99.9721059972106,24,0.02789400278939702,,256,57344,"(256, 1, 1)",48777312,ns,"(112, 512, 1)",48777312.0,792,,,7146541982,cycle,7166252738,cycle,57141529356,warp,,57141529356.0
,,40,0.37037037037037035,108,4096,64,,,,,,,,,114688,2868,99.9721059972106,8,0.02789400278939702,ncu exit code 9,,,,,,,,,,"==WARNING== Note: Running with unmodified GPU clocks. If not controlled otherwise, profiling results may be inconsistent.
==PROF== Connected to process 679534 (/apps/applications/Miniconda/25.11.1/envs/pytorch_2.9.1_cuda13/bin/python3.14)

==ERROR== An error was reported by the driver:
==ERROR== LaunchFailed
==PROF== Trying to shutdown target application
==ERROR== The application returned an error code (9).
""ID"",""Process ID"",""Process Name"",""Host Name"",""Kernel Name"",""Context"",""Stream"",""Block Size"",""Grid Size"",""Device"",""CC"",""Section Name"",""Metric Name"",""Metric Unit"",""Metric Value""
""0"",""679534"",""python3.14"",""127.0.0.1"",""void at::<unnamed>::distribution_elementwise_grid_stride_kernel<float, 4, void templates::uniform_and_transform<c10::BFloat16, float, at::CUDAGeneratorImpl *, void templates::uniform_kernel<at::CUDAGeneratorImpl *>(at::TensorIteratorBase &, double, double, T1)::[lambda() (instance 1)]::operator ()() const::[lambda() (instance 4)]::operator ()() const::[lambda(float) (insta",,,,,,,"/apps/applications/Miniconda/25.11.1/envs/pytorch_2.9.1_cuda13/lib/python3.14/site-packages/torch/cuda/__init__.py:63: FutureWarning: The pynvml package is deprecated. Please install nvidia-ml-py instead. If you did not install pynvml directly, please report this to the maintainers of the package that installed pynvml for you.
  import pynvml  # type: ignore[import]
[transformers] `torch_dtype` is deprecated! Use `dtype` instead!
",
ssm,zamba2,40,0.37037037037037035,108,8192,1,ampere_bf16_s16816gemm_bf16_128x256_ldg8_f2f_stages_64x3_tn,815,3584,90,24,99.55555555555556,97.61602334863602,12.195441948973906,3584,90,99.55555555555556,24,0.4444444444444473,,256,3584,"(256, 1, 1)",3057600,ns,"(112, 32, 1)",3057600.0,6,,,447525083,cycle,458454532,cycle,3578275604,warp,,3578275604.0
ssm,zamba2,40,0.37037037037037035,108,8192,4,ampere_bf16_s16816gemm_bf16_128x256_ldg8_f2f_stages_64x3_tn,815,14336,359,16,99.83286908077994,99.66186052486168,12.45101856455275,14336,359,99.83286908077994,16,0.16713091922005985,,256,14336,"(256, 1, 1)",12334624,ns,"(112, 128, 1)",12334624.0,6,,,1787064842,cycle,1793128116,cycle,14288813735,warp,,14288813735.0
ssm,zamba2,40,0.37037037037037035,108,8192,16,ampere_bf16_s16816gemm_bf16_128x256_ldg8_f2f_stages_64x3_tn,828,57344,1434,24,99.9721059972106,99.7053533581283,12.456452801785368,57344,1434,99.9721059972106,24,0.02789400278939702,,256,57344,"(256, 1, 1)",48667744,ns,"(112, 512, 1)",48667744.0,810,,,7146600121,cycle,7167719566,cycle,57141990701,warp,,57141990701.0
,,40,0.37037037037037035,108,8192,32,,,,,,,,,114688,2868,99.9721059972106,8,0.02789400278939702,ncu exit code 9,,,,,,,,,,"==WARNING== Note: Running with unmodified GPU clocks. If not controlled otherwise, profiling results may be inconsistent.
==PROF== Connected to process 684244 (/apps/applications/Miniconda/25.11.1/envs/pytorch_2.9.1_cuda13/bin/python3.14)

==ERROR== An error was reported by the driver:
==ERROR== LaunchFailed
==PROF== Trying to shutdown target application
==ERROR== The application returned an error code (9).
""ID"",""Process ID"",""Process Name"",""Host Name"",""Kernel Name"",""Context"",""Stream"",""Block Size"",""Grid Size"",""Device"",""CC"",""Section Name"",""Metric Name"",""Metric Unit"",""Metric Value""
""0"",""684244"",""python3.14"",""127.0.0.1"",""void at::<unnamed>::distribution_elementwise_grid_stride_kernel<float, 4, void templates::uniform_and_transform<c10::BFloat16, float, at::CUDAGeneratorImpl *, void templates::uniform_kernel<at::CUDAGeneratorImpl *>(at::TensorIteratorBase &, double, double, T1)::[lambda() (instance 1)]::operator ()() const::[lambda() (instance 4)]::operator ()() const::[lambda(float) (insta",,,,,,,"/apps/applications/Miniconda/25.11.1/envs/pytorch_2.9.1_cuda13/lib/python3.14/site-packages/torch/cuda/__init__.py:63: FutureWarning: The pynvml package is deprecated. Please install nvidia-ml-py instead. If you did not install pynvml directly, please report this to the maintainers of the package that installed pynvml for you.
  import pynvml  # type: ignore[import]
[transformers] `torch_dtype` is deprecated! Use `dtype` instead!
",
,,40,0.37037037037037035,108,8192,64,,,,,,,,,229376,5735,99.98953792502179,16,0.010462074978201397,ncu exit code 9,,,,,,,,,,"==WARNING== Note: Running with unmodified GPU clocks. If not controlled otherwise, profiling results may be inconsistent.
==PROF== Connected to process 684536 (/apps/applications/Miniconda/25.11.1/envs/pytorch_2.9.1_cuda13/bin/python3.14)

==ERROR== An error was reported by the driver:
==ERROR== LaunchFailed
==PROF== Trying to shutdown target application
==ERROR== The application returned an error code (9).
""ID"",""Process ID"",""Process Name"",""Host Name"",""Kernel Name"",""Context"",""Stream"",""Block Size"",""Grid Size"",""Device"",""CC"",""Section Name"",""Metric Name"",""Metric Unit"",""Metric Value""
""0"",""684536"",""python3.14"",""127.0.0.1"",""void at::<unnamed>::distribution_elementwise_grid_stride_kernel<float, 4, void templates::uniform_and_transform<c10::BFloat16, float, at::CUDAGeneratorImpl *, void templates::uniform_kernel<at::CUDAGeneratorImpl *>(at::TensorIteratorBase &, double, double, T1)::[lambda() (instance 1)]::operator ()() const::[lambda() (instance 4)]::operator ()() const::[lambda(float) (insta",,,,,,,"/apps/applications/Miniconda/25.11.1/envs/pytorch_2.9.1_cuda13/lib/python3.14/site-packages/torch/cuda/__init__.py:63: FutureWarning: The pynvml package is deprecated. Please install nvidia-ml-py instead. If you did not install pynvml directly, please report this to the maintainers of the package that installed pynvml for you.
  import pynvml  # type: ignore[import]
[transformers] `torch_dtype` is deprecated! Use `dtype` instead!
",
ssm,zamba2,40,0.37037037037037035,108,16384,1,ampere_bf16_s16816gemm_bf16_128x256_ldg8_f2f_stages_64x3_tn,815,7168,180,8,99.55555555555556,98.93768181190654,12.360543171017074,7168,180,99.55555555555556,8,0.4444444444444473,,256,7168,"(256, 1, 1)",7252800,ns,"(112, 64, 1)",7252800.0,6,,,893889398,cycle,903487308,cycle,7147260080,warp,,7147260080.0
ssm,zamba2,40,0.37037037037037035,108,16384,4,ampere_bf16_s16816gemm_bf16_128x256_ldg8_f2f_stages_64x3_tn,815,28672,717,32,99.9721059972106,99.6639415108976,12.451278603826546,28672,717,99.9721059972106,32,0.02789400278939702,,256,28672,"(256, 1, 1)",23898464,ns,"(112, 256, 1)",23898464.0,628,,,3573206807,cycle,3585255362,cycle,28570248562,warp,,28570248562.0
,,40,0.37037037037037035,108,16384,16,,,,,,,,,114688,2868,99.9721059972106,8,0.02789400278939702,ncu exit code 9,,,,,,,,,,"==WARNING== Note: Running with unmodified GPU clocks. If not controlled otherwise, profiling results may be inconsistent.
==PROF== Connected to process 688138 (/apps/applications/Miniconda/25.11.1/envs/pytorch_2.9.1_cuda13/bin/python3.14)

==ERROR== An error was reported by the driver:
==ERROR== LaunchFailed
==PROF== Trying to shutdown target application
==ERROR== The application returned an error code (9).
""ID"",""Process ID"",""Process Name"",""Host Name"",""Kernel Name"",""Context"",""Stream"",""Block Size"",""Grid Size"",""Device"",""CC"",""Section Name"",""Metric Name"",""Metric Unit"",""Metric Value""
""0"",""688138"",""python3.14"",""127.0.0.1"",""void at::<unnamed>::distribution_elementwise_grid_stride_kernel<float, 4, void templates::uniform_and_transform<c10::BFloat16, float, at::CUDAGeneratorImpl *, void templates::uniform_kernel<at::CUDAGeneratorImpl *>(at::TensorIteratorBase &, double, double, T1)::[lambda() (instance 1)]::operator ()() const::[lambda() (instance 4)]::operator ()() const::[lambda(float) (insta",,,,,,,"/apps/applications/Miniconda/25.11.1/envs/pytorch_2.9.1_cuda13/lib/python3.14/site-packages/torch/cuda/__init__.py:63: FutureWarning: The pynvml package is deprecated. Please install nvidia-ml-py instead. If you did not install pynvml directly, please report this to the maintainers of the package that installed pynvml for you.
  import pynvml  # type: ignore[import]
[transformers] `torch_dtype` is deprecated! Use `dtype` instead!
",
,,40,0.37037037037037035,108,16384,32,,,,,,,,,229376,5735,99.98953792502179,16,0.010462074978201397,ncu exit code 9,,,,,,,,,,"==WARNING== Note: Running with unmodified GPU clocks. If not controlled otherwise, profiling results may be inconsistent.
==PROF== Connected to process 688902 (/apps/applications/Miniconda/25.11.1/envs/pytorch_2.9.1_cuda13/bin/python3.14)

==ERROR== An error was reported by the driver:
==ERROR== LaunchFailed
==PROF== Trying to shutdown target application
==ERROR== The application returned an error code (9).
""ID"",""Process ID"",""Process Name"",""Host Name"",""Kernel Name"",""Context"",""Stream"",""Block Size"",""Grid Size"",""Device"",""CC"",""Section Name"",""Metric Name"",""Metric Unit"",""Metric Value""
""0"",""688902"",""python3.14"",""127.0.0.1"",""void at::<unnamed>::distribution_elementwise_grid_stride_kernel<float, 4, void templates::uniform_and_transform<c10::BFloat16, float, at::CUDAGeneratorImpl *, void templates::uniform_kernel<at::CUDAGeneratorImpl *>(at::TensorIteratorBase &, double, double, T1)::[lambda() (instance 1)]::operator ()() const::[lambda() (instance 4)]::operator ()() const::[lambda(float) (insta",,,,,,,"/apps/applications/Miniconda/25.11.1/envs/pytorch_2.9.1_cuda13/lib/python3.14/site-packages/torch/cuda/__init__.py:63: FutureWarning: The pynvml package is deprecated. Please install nvidia-ml-py instead. If you did not install pynvml directly, please report this to the maintainers of the package that installed pynvml for you.
  import pynvml  # type: ignore[import]
[transformers] `torch_dtype` is deprecated! Use `dtype` instead!
",
,,40,0.37037037037037035,108,16384,64,,,,,,,,,458752,11469,99.99825616880285,32,0.001743831197142942,ncu exit code 9,,,,,,,,,,"==WARNING== Note: Running with unmodified GPU clocks. If not controlled otherwise, profiling results may be inconsistent.
==PROF== Connected to process 689270 (/apps/applications/Miniconda/25.11.1/envs/pytorch_2.9.1_cuda13/bin/python3.14)

==ERROR== An error was reported by the driver:
==ERROR== LaunchFailed
==PROF== Trying to shutdown target application
==ERROR== The application returned an error code (9).
""ID"",""Process ID"",""Process Name"",""Host Name"",""Kernel Name"",""Context"",""Stream"",""Block Size"",""Grid Size"",""Device"",""CC"",""Section Name"",""Metric Name"",""Metric Unit"",""Metric Value""
""0"",""689270"",""python3.14"",""127.0.0.1"",""void at::<unnamed>::distribution_elementwise_grid_stride_kernel<float, 4, void templates::uniform_and_transform<c10::BFloat16, float, at::CUDAGeneratorImpl *, void templates::uniform_kernel<at::CUDAGeneratorImpl *>(at::TensorIteratorBase &, double, double, T1)::[lambda() (instance 1)]::operator ()() const::[lambda() (instance 4)]::operator ()() const::[lambda(float) (insta",,,,,,,"/apps/applications/Miniconda/25.11.1/envs/pytorch_2.9.1_cuda13/lib/python3.14/site-packages/torch/cuda/__init__.py:63: FutureWarning: The pynvml package is deprecated. Please install nvidia-ml-py instead. If you did not install pynvml directly, please report this to the maintainers of the package that installed pynvml for you.
  import pynvml  # type: ignore[import]
[transformers] `torch_dtype` is deprecated! Use `dtype` instead!
",
ssm,zamba2,40,0.37037037037037035,108,32768,1,ampere_bf16_s16816gemm_bf16_128x256_ldg8_f2f_stages_64x3_tn,815,14336,359,16,99.83286908077994,99.6115442213626,12.444736713763142,14336,359,99.83286908077994,16,0.16713091922005985,,256,14336,"(256, 1, 1)",11954272,ns,"(112, 128, 1)",11954272.0,713,,,1786997596,cycle,1793966362,cycle,14288280991,warp,,14288280991.0
ssm,zamba2,40,0.37037037037037035,108,32768,4,ampere_bf16_s16816gemm_bf16_128x256_ldg8_f2f_stages_64x3_tn,828,57344,1434,24,99.9721059972106,99.68876020116723,12.454382763038987,57344,1434,99.9721059972106,24,0.02789400278939702,,256,57344,"(256, 1, 1)",48758624,ns,"(112, 512, 1)",48758624.0,630,,,7146953968,cycle,7169267582,cycle,57144833662,warp,,57144833662.0
,,40,0.37037037037037035,108,32768,16,,,,,,,,,229376,5735,99.98953792502179,16,0.010462074978201397,ncu exit code 9,,,,,,,,,,"==WARNING== Note: Running with unmodified GPU clocks. If not controlled otherwise, profiling results may be inconsistent.
==PROF== Connected to process 692343 (/apps/applications/Miniconda/25.11.1/envs/pytorch_2.9.1_cuda13/bin/python3.14)

==ERROR== An error was reported by the driver:
==ERROR== LaunchFailed
==PROF== Trying to shutdown target application
==ERROR== The application returned an error code (9).
""ID"",""Process ID"",""Process Name"",""Host Name"",""Kernel Name"",""Context"",""Stream"",""Block Size"",""Grid Size"",""Device"",""CC"",""Section Name"",""Metric Name"",""Metric Unit"",""Metric Value""
""0"",""692343"",""python3.14"",""127.0.0.1"",""void at::<unnamed>::distribution_elementwise_grid_stride_kernel<float, 4, void templates::uniform_and_transform<c10::BFloat16, float, at::CUDAGeneratorImpl *, void templates::uniform_kernel<at::CUDAGeneratorImpl *>(at::TensorIteratorBase &, double, double, T1)::[lambda() (instance 1)]::operator ()() const::[lambda() (instance 4)]::operator ()() const::[lambda(float) (insta",,,,,,,"/apps/applications/Miniconda/25.11.1/envs/pytorch_2.9.1_cuda13/lib/python3.14/site-packages/torch/cuda/__init__.py:63: FutureWarning: The pynvml package is deprecated. Please install nvidia-ml-py instead. If you did not install pynvml directly, please report this to the maintainers of the package that installed pynvml for you.
  import pynvml  # type: ignore[import]
[transformers] `torch_dtype` is deprecated! Use `dtype` instead!
",
,,40,0.37037037037037035,108,32768,32,,,,,,,,,458752,11469,99.99825616880285,32,0.001743831197142942,ncu exit code 9,,,,,,,,,,"==WARNING== Note: Running with unmodified GPU clocks. If not controlled otherwise, profiling results may be inconsistent.
==PROF== Connected to process 692650 (/apps/applications/Miniconda/25.11.1/envs/pytorch_2.9.1_cuda13/bin/python3.14)

==ERROR== An error was reported by the driver:
==ERROR== LaunchFailed
==PROF== Trying to shutdown target application
==ERROR== The application returned an error code (9).
""ID"",""Process ID"",""Process Name"",""Host Name"",""Kernel Name"",""Context"",""Stream"",""Block Size"",""Grid Size"",""Device"",""CC"",""Section Name"",""Metric Name"",""Metric Unit"",""Metric Value""
""0"",""692650"",""python3.14"",""127.0.0.1"",""void at::<unnamed>::distribution_elementwise_grid_stride_kernel<float, 4, void templates::uniform_and_transform<c10::BFloat16, float, at::CUDAGeneratorImpl *, void templates::uniform_kernel<at::CUDAGeneratorImpl *>(at::TensorIteratorBase &, double, double, T1)::[lambda() (instance 1)]::operator ()() const::[lambda() (instance 4)]::operator ()() const::[lambda(float) (insta",,,,,,,"/apps/applications/Miniconda/25.11.1/envs/pytorch_2.9.1_cuda13/lib/python3.14/site-packages/torch/cuda/__init__.py:63: FutureWarning: The pynvml package is deprecated. Please install nvidia-ml-py instead. If you did not install pynvml directly, please report this to the maintainers of the package that installed pynvml for you.
  import pynvml  # type: ignore[import]
[transformers] `torch_dtype` is deprecated! Use `dtype` instead!
",
,,40,0.37037037037037035,108,32768,64,,,,,,,,,917504,22938,99.99825616880285,24,0.001743831197142942,ncu exit code 1,,,,,,,,,,"==WARNING== Note: Running with unmodified GPU clocks. If not controlled otherwise, profiling results may be inconsistent.
==PROF== Connected to process 693317 (/apps/applications/Miniconda/25.11.1/envs/pytorch_2.9.1_cuda13/bin/python3.14)
Loading Zamba2 from Zyphra/Zamba2-7B-Instruct …
==PROF== Disconnected from process 693317
==ERROR== The application returned an error code (1).
""ID"",""Process ID"",""Process Name"",""Host Name"",""Kernel Name"",""Context"",""Stream"",""Block Size"",""Grid Size"",""Device"",""CC"",""Section Name"",""Metric Name"",""Metric Unit"",""Metric Value""
""0"",""693317"",""python3.14"",""127.0.0.1"",""void at::<unnamed>::distribution_elementwise_grid_stride_kernel<float, 4, void templates::uniform_and_transform<c10::BFloat16, float, at::CUDAGeneratorImpl *, void templates::uniform_kernel<at::CUDAGeneratorImpl *>(at::TensorIteratorBase &, double, double, T1)::[lambda() (instance 1)]::operator ()() const::[lambda() (instance 4)]::operator ()() const::[lambda(float) (instance 1)]>(at::TensorIteratorB",,,,,,,"/apps/applications/Miniconda/25.11.1/envs/pytorch_2.9.1_cuda13/lib/python3.14/site-packages/torch/cuda/__init__.py:63: FutureWarning: The pynvml package is deprecated. Please install nvidia-ml-py instead. If you did not install pynvml directly, please report this to the maintainers of the package that installed pynvml for you.
  import pynvml  # type: ignore[import]
[transformers] `torch_dtype` is deprecated! Use `dtype` instead!
Traceback (most recent call last):
  File ""/scratch/ehmoon/whlee/prefill-layer-alloc/stage1_sm_scaling/../src/profiling/../../src/models/zamba2.py"", line 251, in forward
    y = mamba_chunk_scan_combined(
        x, dt, A, B, C,
    ...<3 lines>...
        dt_softplus=True,
    )
  File ""/home01/ehmoon/.local/lib/python3.14/site-packages/mamba_ssm/ops/triton/ssd_combined.py"", line 643, in mamba_chunk_scan_combined
    return MambaChunkScanCombinedFn.apply(x, dt, A, B, C, chunk_size, D, z, dt_bias, initial_states, seq_idx, cu_seqlens, dt_softplus, dt_limit, ret",
ssm,zamba2,54,0.5,108,256,1,"void at::<unnamed>::distribution_elementwise_grid_stride_kernel<float, 4, void templates::uniform_and_transform<c10::BFloat16, float, at::CUDAGeneratorImpl *, void templates::uniform_kernel<at::CUDAGeneratorImpl *>(at::TensorIteratorBase &, double, double, T1)::[lambda() (instance 1)]::operator ()() const::[lambda() (instance 4)]::operator ()() const::[lambda(float) (instance 1)]>(at::TensorIteratorBase &, T3, T4)::[lambda(curandStatePhilox4_32_10 *) (instance 2)], void at::<unnamed>::distribution_nullary_kernel<c10::BFloat16, float, float4, at::CUDAGeneratorImpl *, void templates::uniform_and_transform<c10::BFloat16, float, at::CUDAGeneratorImpl *, void templates::uniform_kernel<at::CUDAGeneratorImpl *>(at::TensorIteratorBase &, double, double, T1)::[lambda() (instance 1)]::operator ()() const::[lambda() (instance 4)]::operator ()() const::[lambda(float) (instance 1)]>(at::TensorIteratorBase &, T3, T4)::[lambda(curandStatePhilox4_32_10 *) (instance 2)], void templates::uniform_kernel<at::CUDAGeneratorImpl *>(at::TensorIteratorBase &, double, double, T1)::[lambda() (instance 1)]::operator ()() const::[lambda() (instance 4)]::operator ()() const::[lambda(float) (instance 1)]>(at::TensorIteratorBase &, T4, const T5 &, T6)::[lambda(int, float) (instance 1)]>(long, at::PhiloxCudaState, T3, T4)",815,864,16,54,100.0,98.30093361770254,50.01120695692654,112,3,69.1358024691358,4,30.864197530864203,,256,864,"(256, 1, 1)",187872,ns,"(864, 1, 1)",187872.0,0,,,22990990,cycle,23388374,cycle,748595720,warp,,748595720.0
ssm,zamba2,54,0.5,108,256,4,ampere_bf16_s16816gemm_bf16_256x128_ldg8_f2f_stages_64x3_tn,815,448,9,16,92.18106995884774,83.02258572348701,10.3721976001385,448,9,92.18106995884774,16,7.818930041152261,,256,448,"(256, 1, 1)",452992,ns,"(56, 8, 1)",452992.0,611,,,56586617,cycle,68158100,cycle,452447540,warp,,452447540.0
ssm,zamba2,54,0.5,108,256,16,ampere_bf16_s16816gemm_bf16_128x256_ldg8_f2f_stages_64x3_tn,815,1792,34,10,97.60348583877996,97.32268298784693,12.158809212456912,1792,34,97.60348583877996,10,2.3965141612200425,,256,1792,"(256, 1, 1)",1537024,ns,"(112, 16, 1)",1537024.0,6,,,224427051,cycle,230600970,cycle,1794453247,warp,,1794453247.0
ssm,zamba2,54,0.5,108,256,32,ampere_bf16_s16816gemm_bf16_128x256_ldg8_f2f_stages_64x3_tn,815,3584,67,20,99.06025428413488,97.60139783805415,12.193608229620995,3584,67,99.06025428413488,20,0.9397457158651146,,256,3584,"(256, 1, 1)",3055840,ns,"(112, 32, 1)",3055840.0,798,,,447528699,cycle,458526936,cycle,3578302605,warp,,3578302605.0
ssm,zamba2,54,0.5,108,256,64,ampere_bf16_s16816gemm_bf16_128x256_ldg8_f2f_stages_64x3_tn,815,7168,133,40,99.80506822612085,98.96609102738509,12.364099258794926,7168,133,99.80506822612085,40,0.19493177387914784,,256,7168,"(256, 1, 1)",6023872,ns,"(112, 64, 1)",6023872.0,679,,,893943686,cycle,903282808,cycle,7147698110,warp,,7147698110.0
ssm,zamba2,54,0.5,108,512,1,ampere_bf16_s16816gemm_bf16_256x128_ldg8_f2f_stages_64x3_tn,815,224,5,8,82.96296296296296,69.3359477739789,8.662372180809525,224,5,82.96296296296296,8,17.037037037037038,,256,224,"(256, 1, 1)",272512,ns,"(56, 4, 1)",272512.0,6,,,28444694,cycle,41024454,cycle,227436217,warp,,227436217.0
ssm,zamba2,54,0.5,108,512,4,ampere_bf16_s16816gemm_bf16_256x128_ldg8_f2f_stages_64x3_tn,815,896,17,32,97.60348583877996,92.08050691804496,11.503868002293597,896,17,97.60348583877996,32,2.3965141612200425,,256,896,"(256, 1, 1)",814720,ns,"(56, 16, 1)",814720.0,611,,,112700058,cycle,122392960,cycle,901115172,warp,,901115172.0
ssm,zamba2,54,0.5,108,512,16,ampere_bf16_s16816gemm_bf16_128x256_ldg8_f2f_stages_64x3_tn,815,3584,67,20,99.06025428413488,97.6007769477876,12.193532002445767,3584,67,99.06025428413488,20,0.9397457158651146,,256,3584,"(256, 1, 1)",3054656,ns,"(112, 32, 1)",3054656.0,6,,,447515440,cycle,458516268,cycle,3578196984,warp,,3578196984.0
ssm,zamba2,54,0.5,108,512,32,ampere_bf16_s16816gemm_bf16_128x256_ldg8_f2f_stages_64x3_tn,815,7168,133,40,99.80506822612085,98.95333251667869,12.362500978140481,7168,133,99.80506822612085,40,0.19493177387914784,,256,7168,"(256, 1, 1)",6733216,ns,"(112, 64, 1)",6733216.0,6,,,894018144,cycle,903474518,cycle,7148290952,warp,,7148290952.0
ssm,zamba2,54,0.5,108,512,64,ampere_bf16_s16816gemm_bf16_128x256_ldg8_f2f_stages_64x3_tn,815,14336,266,26,99.80506822612085,99.61224445018088,12.444822235019528,14336,266,99.80506822612085,26,0.19493177387914784,,256,14336,"(256, 1, 1)",11954368,ns,"(112, 128, 1)",11954368.0,781,,,1787025538,cycle,1793981802,cycle,14288502156,warp,,14288502156.0
ssm,zamba2,54,0.5,108,1024,1,ampere_bf16_s16816gemm_bf16_256x128_ldg8_f2f_stages_64x3_tn,815,448,9,16,92.18106995884774,83.04253167161961,10.374741296167386,448,9,92.18106995884774,16,7.818930041152261,,256,448,"(256, 1, 1)",452928,ns,"(56, 8, 1)",452928.0,611,,,56622042,cycle,68184388,cycle,452733047,warp,,452733047.0
ssm,zamba2,54,0.5,108,1024,4,ampere_bf16_s16816gemm_bf16_128x256_ldg8_f2f_stages_64x3_tn,815,1792,34,10,97.60348583877996,97.34856955802785,12.16202153580842,1792,34,97.60348583877996,10,2.3965141612200425,,256,1792,"(256, 1, 1)",1535680,ns,"(112, 16, 1)",1535680.0,6,,,224373430,cycle,230484568,cycle,1794021299,warp,,1794021299.0
ssm,zamba2,54,0.5,108,1024,16,ampere_bf16_s16816gemm_bf16_128x256_ldg8_f2f_stages_64x3_tn,815,7168,133,40,99.80506822612085,98.97892007576303,12.365702579516054,7168,133,99.80506822612085,40,0.19493177387914784,,256,7168,"(256, 1, 1)",6022560,ns,"(112, 64, 1)",6022560.0,6,,,893878647,cycle,903100020,cycle,7147178398,warp,,7147178398.0
ssm,zamba2,54,0.5,108,1024,32,ampere_bf16_s16816gemm_bf16_128x256_ldg8_f2f_stages_64x3_tn,815,14336,266,26,99.80506822612085,99.62302356206051,12.446166631922596,14336,266,99.80506822612085,26,0.19493177387914784,,256,14336,"(256, 1, 1)",11961184,ns,"(112, 128, 1)",11961184.0,713,,,1787054619,cycle,1793816886,cycle,14288732077,warp,,14288732077.0
ssm,zamba2,54,0.5,108,1024,64,ampere_bf16_s16816gemm_bf16_128x256_ldg8_f2f_stages_64x3_tn,815,28672,531,52,99.99302504010602,99.66872878781221,12.451880071691455,28672,531,99.99302504010602,52,0.006974959893979449,,256,28672,"(256, 1, 1)",23915776,ns,"(112, 256, 1)",23915776.0,730,,,3573602921,cycle,3585480586,cycle,28573423524,warp,,28573423524.0
ssm,zamba2,54,0.5,108,2048,1,ampere_bf16_s16816gemm_bf16_256x128_ldg8_f2f_stages_64x3_tn,815,896,17,32,97.60348583877996,92.13412192231222,11.510561046821877,896,17,97.60348583877996,32,2.3965141612200425,,256,896,"(256, 1, 1)",813856,ns,"(56, 16, 1)",813856.0,611,,,112675476,cycle,122295056,cycle,900918213,warp,,900918213.0
ssm,zamba2,54,0.5,108,2048,4,ampere_bf16_s16816gemm_bf16_128x256_ldg8_f2f_stages_64x3_tn,815,3584,67,20,99.06025428413488,97.56541790338748,12.189121190250757,3584,67,99.06025428413488,20,0.9397457158651146,,256,3584,"(256, 1, 1)",3156000,ns,"(112, 32, 1)",3156000.0,6,,,447650509,cycle,458820880,cycle,3579278919,warp,,3579278919.0
ssm,zamba2,54,0.5,108,2048,16,ampere_bf16_s16816gemm_bf16_128x256_ldg8_f2f_stages_64x3_tn,815,14336,266,26,99.80506822612085,99.60978770889312,12.444516825209185,14336,266,99.80506822612085,26,0.19493177387914784,,256,14336,"(256, 1, 1)",11956224,ns,"(112, 128, 1)",11956224.0,730,,,1786947388,cycle,1793947592,cycle,14287879035,warp,,14287879035.0
ssm,zamba2,54,0.5,108,2048,32,ampere_bf16_s16816gemm_bf16_128x256_ldg8_f2f_stages_64x3_tn,815,28672,531,52,99.99302504010602,99.67917373691326,12.453182649301878,28672,531,99.99302504010602,52,0.006974959893979449,,256,28672,"(256, 1, 1)",23893536,ns,"(112, 256, 1)",23893536.0,6,,,3573284455,cycle,3584785388,cycle,28570871805,warp,,28570871805.0
ssm,zamba2,54,0.5,108,2048,64,ampere_bf16_s16816gemm_bf16_128x256_ldg8_f2f_stages_64x3_tn,828,57344,1062,50,99.99302504010602,99.73118706689085,12.45968316754507,57344,1062,99.99302504010602,50,0.006974959893979449,,256,57344,"(256, 1, 1)",48766208,ns,"(112, 512, 1)",48766208.0,738,,,7146775529,cycle,7166038768,cycle,57143406474,warp,,57143406474.0
ssm,zamba2,54,0.5,108,4096,1,ampere_bf16_s16816gemm_bf16_128x256_ldg8_f2f_stages_64x3_tn,815,1792,34,10,97.60348583877996,97.30254622266922,12.156287974603632,1792,34,97.60348583877996,10,2.3965141612200425,,256,1792,"(256, 1, 1)",1536640,ns,"(112, 16, 1)",1536640.0,730,,,224334675,cycle,230553756,cycle,1793713825,warp,,1793713825.0
ssm,zamba2,54,0.5,108,4096,4,ampere_bf16_s16816gemm_bf16_128x256_ldg8_f2f_stages_64x3_tn,815,7168,133,40,99.80506822612085,98.97707851988146,12.36546742065416,7168,133,99.80506822612085,40,0.19493177387914784,,256,7168,"(256, 1, 1)",6025472,ns,"(112, 64, 1)",6025472.0,6,,,893853589,cycle,903091506,cycle,7146975101,warp,,7146975101.0
ssm,zamba2,54,0.5,108,4096,16,ampere_bf16_s16816gemm_bf16_128x256_ldg8_f2f_stages_64x3_tn,815,28672,531,52,99.99302504010602,99.6599373369863,12.450782426215188,28672,531,99.99302504010602,52,0.006974959893979449,,256,28672,"(256, 1, 1)",23923232,ns,"(112, 256, 1)",23923232.0,730,,,3573538051,cycle,3585731786,cycle,28572906436,warp,,28572906436.0
ssm,zamba2,54,0.5,108,4096,32,ampere_bf16_s16816gemm_bf16_128x256_ldg8_f2f_stages_64x3_tn,828,57344,1062,50,99.99302504010602,99.71056698792324,12.457104520938826,57344,1062,99.99302504010602,50,0.006974959893979449,,256,57344,"(256, 1, 1)",48634912,ns,"(112, 512, 1)",48634912.0,792,,,7147153775,cycle,7167900044,cycle,57146419228,warp,,57146419228.0
,,54,0.5,108,4096,64,,,,,,,,,114688,2124,99.99302504010602,46,0.006974959893979449,ncu exit code 9,,,,,,,,,,"==WARNING== Note: Running with unmodified GPU clocks. If not controlled otherwise, profiling results may be inconsistent.
==PROF== Connected to process 733669 (/apps/applications/Miniconda/25.11.1/envs/pytorch_2.9.1_cuda13/bin/python3.14)

==ERROR== An error was reported by the driver:
==ERROR== LaunchFailed
==PROF== Trying to shutdown target application
==ERROR== The application returned an error code (9).
""ID"",""Process ID"",""Process Name"",""Host Name"",""Kernel Name"",""Context"",""Stream"",""Block Size"",""Grid Size"",""Device"",""CC"",""Section Name"",""Metric Name"",""Metric Unit"",""Metric Value""
""0"",""733669"",""python3.14"",""127.0.0.1"",""void at::<unnamed>::distribution_elementwise_grid_stride_kernel<float, 4, void templates::uniform_and_transform<c10::BFloat16, float, at::CUDAGeneratorImpl *, void templates::uniform_kernel<at::CUDAGeneratorImpl *>(at::TensorIteratorBase &, double, double, T1)::[lambda() (instance 1)]::operator ()() const::[lambda() (instance 4)]::operator ()() const::[lambda(float) (insta",,,,,,,"/apps/applications/Miniconda/25.11.1/envs/pytorch_2.9.1_cuda13/lib/python3.14/site-packages/torch/cuda/__init__.py:63: FutureWarning: The pynvml package is deprecated. Please install nvidia-ml-py instead. If you did not install pynvml directly, please report this to the maintainers of the package that installed pynvml for you.
  import pynvml  # type: ignore[import]
[transformers] `torch_dtype` is deprecated! Use `dtype` instead!
",
ssm,zamba2,54,0.5,108,8192,1,ampere_bf16_s16816gemm_bf16_128x256_ldg8_f2f_stages_64x3_tn,815,3584,67,20,99.06025428413488,97.59248354841955,12.192497099333893,3584,67,99.06025428413488,20,0.9397457158651146,,256,3584,"(256, 1, 1)",3056256,ns,"(112, 32, 1)",3056256.0,730,,,447530371,cycle,458570532,cycle,3578316724,warp,,3578316724.0
ssm,zamba2,54,0.5,108,8192,4,ampere_bf16_s16816gemm_bf16_128x256_ldg8_f2f_stages_64x3_tn,815,14336,266,26,99.80506822612085,99.61475611686369,12.445136344975579,14336,266,99.80506822612085,26,0.19493177387914784,,256,14336,"(256, 1, 1)",11955104,ns,"(112, 128, 1)",11955104.0,713,,,1786960403,cycle,1793871182,cycle,14287981725,warp,,14287981725.0
ssm,zamba2,54,0.5,108,8192,16,ampere_bf16_s16816gemm_bf16_128x256_ldg8_f2f_stages_64x3_tn,828,57344,1062,50,99.99302504010602,99.73702001638655,12.460412812401822,57344,1062,99.99302504010602,50,0.006974959893979449,,256,57344,"(256, 1, 1)",48691456,ns,"(112, 512, 1)",48691456.0,648,,,7147821351,cycle,7166668254,cycle,57151772758,warp,,57151772758.0
,,54,0.5,108,8192,32,,,,,,,,,114688,2124,99.99302504010602,46,0.006974959893979449,ncu exit code 9,,,,,,,,,,"==WARNING== Note: Running with unmodified GPU clocks. If not controlled otherwise, profiling results may be inconsistent.
==PROF== Connected to process 738614 (/apps/applications/Miniconda/25.11.1/envs/pytorch_2.9.1_cuda13/bin/python3.14)

==ERROR== An error was reported by the driver:
==ERROR== LaunchFailed
==PROF== Trying to shutdown target application
==ERROR== The application returned an error code (9).
""ID"",""Process ID"",""Process Name"",""Host Name"",""Kernel Name"",""Context"",""Stream"",""Block Size"",""Grid Size"",""Device"",""CC"",""Section Name"",""Metric Name"",""Metric Unit"",""Metric Value""
""0"",""738614"",""python3.14"",""127.0.0.1"",""void at::<unnamed>::distribution_elementwise_grid_stride_kernel<float, 4, void templates::uniform_and_transform<c10::BFloat16, float, at::CUDAGeneratorImpl *, void templates::uniform_kernel<at::CUDAGeneratorImpl *>(at::TensorIteratorBase &, double, double, T1)::[lambda() (instance 1)]::operator ()() const::[lambda() (instance 4)]::operator ()() const::[lambda(float) (insta",,,,,,,"/apps/applications/Miniconda/25.11.1/envs/pytorch_2.9.1_cuda13/lib/python3.14/site-packages/torch/cuda/__init__.py:63: FutureWarning: The pynvml package is deprecated. Please install nvidia-ml-py instead. If you did not install pynvml directly, please report this to the maintainers of the package that installed pynvml for you.
  import pynvml  # type: ignore[import]
[transformers] `torch_dtype` is deprecated! Use `dtype` instead!
",
,,54,0.5,108,8192,64,,,,,,,,,229376,4248,99.99302504010602,38,0.006974959893979449,ncu exit code 9,,,,,,,,,,"==WARNING== Note: Running with unmodified GPU clocks. If not controlled otherwise, profiling results may be inconsistent.
==PROF== Connected to process 738904 (/apps/applications/Miniconda/25.11.1/envs/pytorch_2.9.1_cuda13/bin/python3.14)

==ERROR== An error was reported by the driver:
==ERROR== LaunchFailed
==PROF== Trying to shutdown target application
==ERROR== The application returned an error code (9).
""ID"",""Process ID"",""Process Name"",""Host Name"",""Kernel Name"",""Context"",""Stream"",""Block Size"",""Grid Size"",""Device"",""CC"",""Section Name"",""Metric Name"",""Metric Unit"",""Metric Value""
""0"",""738904"",""python3.14"",""127.0.0.1"",""void at::<unnamed>::distribution_elementwise_grid_stride_kernel<float, 4, void templates::uniform_and_transform<c10::BFloat16, float, at::CUDAGeneratorImpl *, void templates::uniform_kernel<at::CUDAGeneratorImpl *>(at::TensorIteratorBase &, double, double, T1)::[lambda() (instance 1)]::operator ()() const::[lambda() (instance 4)]::operator ()() const::[lambda(float) (insta",,,,,,,"/apps/applications/Miniconda/25.11.1/envs/pytorch_2.9.1_cuda13/lib/python3.14/site-packages/torch/cuda/__init__.py:63: FutureWarning: The pynvml package is deprecated. Please install nvidia-ml-py instead. If you did not install pynvml directly, please report this to the maintainers of the package that installed pynvml for you.
  import pynvml  # type: ignore[import]
[transformers] `torch_dtype` is deprecated! Use `dtype` instead!
",
ssm,zamba2,54,0.5,108,16384,1,ampere_bf16_s16816gemm_bf16_128x256_ldg8_f2f_stages_64x3_tn,815,7168,133,40,99.80506822612085,98.95989854416956,12.363328706436457,7168,133,99.80506822612085,40,0.19493177387914784,,256,7168,"(256, 1, 1)",6025024,ns,"(112, 64, 1)",6025024.0,679,,,893872657,cycle,903267556,cycle,7147131971,warp,,7147131971.0
ssm,zamba2,54,0.5,108,16384,4,ampere_bf16_s16816gemm_bf16_128x256_ldg8_f2f_stages_64x3_tn,815,28672,531,52,99.99302504010602,99.67307366087537,12.452425381450237,28672,531,99.99302504010602,52,0.006974959893979449,,256,28672,"(256, 1, 1)",23920224,ns,"(112, 256, 1)",23920224.0,611,,,3573611016,cycle,3585332412,cycle,28573493970,warp,,28573493970.0
,,54,0.5,108,16384,16,,,,,,,,,114688,2124,99.99302504010602,46,0.006974959893979449,ncu exit code 9,,,,,,,,,,"==WARNING== Note: Running with unmodified GPU clocks. If not controlled otherwise, profiling results may be inconsistent.
==PROF== Connected to process 742374 (/apps/applications/Miniconda/25.11.1/envs/pytorch_2.9.1_cuda13/bin/python3.14)

==ERROR== An error was reported by the driver:
==ERROR== LaunchFailed
==PROF== Trying to shutdown target application
==ERROR== The application returned an error code (9).
""ID"",""Process ID"",""Process Name"",""Host Name"",""Kernel Name"",""Context"",""Stream"",""Block Size"",""Grid Size"",""Device"",""CC"",""Section Name"",""Metric Name"",""Metric Unit"",""Metric Value""
""0"",""742374"",""python3.14"",""127.0.0.1"",""void at::<unnamed>::distribution_elementwise_grid_stride_kernel<float, 4, void templates::uniform_and_transform<c10::BFloat16, float, at::CUDAGeneratorImpl *, void templates::uniform_kernel<at::CUDAGeneratorImpl *>(at::TensorIteratorBase &, double, double, T1)::[lambda() (instance 1)]::operator ()() const::[lambda() (instance 4)]::operator ()() const::[lambda(float) (insta",,,,,,,"/apps/applications/Miniconda/25.11.1/envs/pytorch_2.9.1_cuda13/lib/python3.14/site-packages/torch/cuda/__init__.py:63: FutureWarning: The pynvml package is deprecated. Please install nvidia-ml-py instead. If you did not install pynvml directly, please report this to the maintainers of the package that installed pynvml for you.
  import pynvml  # type: ignore[import]
[transformers] `torch_dtype` is deprecated! Use `dtype` instead!
",
,,54,0.5,108,16384,32,,,,,,,,,229376,4248,99.99302504010602,38,0.006974959893979449,ncu exit code 9,,,,,,,,,,"==WARNING== Note: Running with unmodified GPU clocks. If not controlled otherwise, profiling results may be inconsistent.
==PROF== Connected to process 743043 (/apps/applications/Miniconda/25.11.1/envs/pytorch_2.9.1_cuda13/bin/python3.14)

==ERROR== An error was reported by the driver:
==ERROR== LaunchFailed
==PROF== Trying to shutdown target application
==ERROR== The application returned an error code (9).
""ID"",""Process ID"",""Process Name"",""Host Name"",""Kernel Name"",""Context"",""Stream"",""Block Size"",""Grid Size"",""Device"",""CC"",""Section Name"",""Metric Name"",""Metric Unit"",""Metric Value""
""0"",""743043"",""python3.14"",""127.0.0.1"",""void at::<unnamed>::distribution_elementwise_grid_stride_kernel<float, 4, void templates::uniform_and_transform<c10::BFloat16, float, at::CUDAGeneratorImpl *, void templates::uniform_kernel<at::CUDAGeneratorImpl *>(at::TensorIteratorBase &, double, double, T1)::[lambda() (instance 1)]::operator ()() const::[lambda() (instance 4)]::operator ()() const::[lambda(float) (insta",,,,,,,"/apps/applications/Miniconda/25.11.1/envs/pytorch_2.9.1_cuda13/lib/python3.14/site-packages/torch/cuda/__init__.py:63: FutureWarning: The pynvml package is deprecated. Please install nvidia-ml-py instead. If you did not install pynvml directly, please report this to the maintainers of the package that installed pynvml for you.
  import pynvml  # type: ignore[import]
[transformers] `torch_dtype` is deprecated! Use `dtype` instead!
",
,,54,0.5,108,16384,64,,,,,,,,,458752,8496,99.99302504010602,22,0.006974959893979449,ncu exit code 9,,,,,,,,,,"==WARNING== Note: Running with unmodified GPU clocks. If not controlled otherwise, profiling results may be inconsistent.
==PROF== Connected to process 743338 (/apps/applications/Miniconda/25.11.1/envs/pytorch_2.9.1_cuda13/bin/python3.14)

==ERROR== An error was reported by the driver:
==ERROR== LaunchFailed
==PROF== Trying to shutdown target application
==ERROR== The application returned an error code (9).
""ID"",""Process ID"",""Process Name"",""Host Name"",""Kernel Name"",""Context"",""Stream"",""Block Size"",""Grid Size"",""Device"",""CC"",""Section Name"",""Metric Name"",""Metric Unit"",""Metric Value""
""0"",""743338"",""python3.14"",""127.0.0.1"",""void at::<unnamed>::distribution_elementwise_grid_stride_kernel<float, 4, void templates::uniform_and_transform<c10::BFloat16, float, at::CUDAGeneratorImpl *, void templates::uniform_kernel<at::CUDAGeneratorImpl *>(at::TensorIteratorBase &, double, double, T1)::[lambda() (instance 1)]::operator ()() const::[lambda() (instance 4)]::operator ()() const::[lambda(float) (insta",,,,,,,"/apps/applications/Miniconda/25.11.1/envs/pytorch_2.9.1_cuda13/lib/python3.14/site-packages/torch/cuda/__init__.py:63: FutureWarning: The pynvml package is deprecated. Please install nvidia-ml-py instead. If you did not install pynvml directly, please report this to the maintainers of the package that installed pynvml for you.
  import pynvml  # type: ignore[import]
[transformers] `torch_dtype` is deprecated! Use `dtype` instead!
",
ssm,zamba2,54,0.5,108,32768,1,ampere_bf16_s16816gemm_bf16_128x256_ldg8_f2f_stages_64x3_tn,815,14336,266,26,99.80506822612085,99.6024093930441,12.443595476146646,14336,266,99.80506822612085,26,0.19493177387914784,,256,14336,"(256, 1, 1)",11960768,ns,"(112, 128, 1)",11960768.0,798,,,1787016409,cycle,1794149780,cycle,14288431415,warp,,14288431415.0
ssm,zamba2,54,0.5,108,32768,4,ampere_bf16_s16816gemm_bf16_128x256_ldg8_f2f_stages_64x3_tn,828,57344,1062,50,99.99302504010602,99.6869324105478,12.454149128484362,57344,1062,99.99302504010602,50,0.006974959893979449,,256,57344,"(256, 1, 1)",48431424,ns,"(112, 512, 1)",48431424.0,6,,,7147156569,cycle,7169602270,cycle,57146429352,warp,,57146429352.0
,,54,0.5,108,32768,16,,,,,,,,,229376,4248,99.99302504010602,38,0.006974959893979449,ncu exit code 9,,,,,,,,,,"==WARNING== Note: Running with unmodified GPU clocks. If not controlled otherwise, profiling results may be inconsistent.
==PROF== Connected to process 746726 (/apps/applications/Miniconda/25.11.1/envs/pytorch_2.9.1_cuda13/bin/python3.14)

==ERROR== An error was reported by the driver:
==ERROR== LaunchFailed
==PROF== Trying to shutdown target application
==ERROR== The application returned an error code (9).
""ID"",""Process ID"",""Process Name"",""Host Name"",""Kernel Name"",""Context"",""Stream"",""Block Size"",""Grid Size"",""Device"",""CC"",""Section Name"",""Metric Name"",""Metric Unit"",""Metric Value""
""0"",""746726"",""python3.14"",""127.0.0.1"",""void at::<unnamed>::distribution_elementwise_grid_stride_kernel<float, 4, void templates::uniform_and_transform<c10::BFloat16, float, at::CUDAGeneratorImpl *, void templates::uniform_kernel<at::CUDAGeneratorImpl *>(at::TensorIteratorBase &, double, double, T1)::[lambda() (instance 1)]::operator ()() const::[lambda() (instance 4)]::operator ()() const::[lambda(float) (insta",,,,,,,"/apps/applications/Miniconda/25.11.1/envs/pytorch_2.9.1_cuda13/lib/python3.14/site-packages/torch/cuda/__init__.py:63: FutureWarning: The pynvml package is deprecated. Please install nvidia-ml-py instead. If you did not install pynvml directly, please report this to the maintainers of the package that installed pynvml for you.
  import pynvml  # type: ignore[import]
[transformers] `torch_dtype` is deprecated! Use `dtype` instead!
",
,,54,0.5,108,32768,32,,,,,,,,,458752,8496,99.99302504010602,22,0.006974959893979449,ncu exit code 9,,,,,,,,,,"==WARNING== Note: Running with unmodified GPU clocks. If not controlled otherwise, profiling results may be inconsistent.
==PROF== Connected to process 747017 (/apps/applications/Miniconda/25.11.1/envs/pytorch_2.9.1_cuda13/bin/python3.14)

==ERROR== An error was reported by the driver:
==ERROR== LaunchFailed
==PROF== Trying to shutdown target application
==ERROR== The application returned an error code (9).
""ID"",""Process ID"",""Process Name"",""Host Name"",""Kernel Name"",""Context"",""Stream"",""Block Size"",""Grid Size"",""Device"",""CC"",""Section Name"",""Metric Name"",""Metric Unit"",""Metric Value""
""0"",""747017"",""python3.14"",""127.0.0.1"",""void at::<unnamed>::distribution_elementwise_grid_stride_kernel<float, 4, void templates::uniform_and_transform<c10::BFloat16, float, at::CUDAGeneratorImpl *, void templates::uniform_kernel<at::CUDAGeneratorImpl *>(at::TensorIteratorBase &, double, double, T1)::[lambda() (instance 1)]::operator ()() const::[lambda() (instance 4)]::operator ()() const::[lambda(float) (insta",,,,,,,"/apps/applications/Miniconda/25.11.1/envs/pytorch_2.9.1_cuda13/lib/python3.14/site-packages/torch/cuda/__init__.py:63: FutureWarning: The pynvml package is deprecated. Please install nvidia-ml-py instead. If you did not install pynvml directly, please report this to the maintainers of the package that installed pynvml for you.
  import pynvml  # type: ignore[import]
[transformers] `torch_dtype` is deprecated! Use `dtype` instead!
",
,,54,0.5,108,32768,64,,,,,,,,,917504,16991,99.99891009837452,44,0.0010899016254839466,ncu exit code 1,,,,,,,,,,"==WARNING== Note: Running with unmodified GPU clocks. If not controlled otherwise, profiling results may be inconsistent.
==PROF== Connected to process 747683 (/apps/applications/Miniconda/25.11.1/envs/pytorch_2.9.1_cuda13/bin/python3.14)
Loading Zamba2 from Zyphra/Zamba2-7B-Instruct …
==PROF== Disconnected from process 747683
==ERROR== The application returned an error code (1).
""ID"",""Process ID"",""Process Name"",""Host Name"",""Kernel Name"",""Context"",""Stream"",""Block Size"",""Grid Size"",""Device"",""CC"",""Section Name"",""Metric Name"",""Metric Unit"",""Metric Value""
""0"",""747683"",""python3.14"",""127.0.0.1"",""void at::<unnamed>::distribution_elementwise_grid_stride_kernel<float, 4, void templates::uniform_and_transform<c10::BFloat16, float, at::CUDAGeneratorImpl *, void templates::uniform_kernel<at::CUDAGeneratorImpl *>(at::TensorIteratorBase &, double, double, T1)::[lambda() (instance 1)]::operator ()() const::[lambda() (instance 4)]::operator ()() const::[lambda(float) (instance 1)]>(at::TensorIteratorB",,,,,,,"/apps/applications/Miniconda/25.11.1/envs/pytorch_2.9.1_cuda13/lib/python3.14/site-packages/torch/cuda/__init__.py:63: FutureWarning: The pynvml package is deprecated. Please install nvidia-ml-py instead. If you did not install pynvml directly, please report this to the maintainers of the package that installed pynvml for you.
  import pynvml  # type: ignore[import]
[transformers] `torch_dtype` is deprecated! Use `dtype` instead!
Traceback (most recent call last):
  File ""/scratch/ehmoon/whlee/prefill-layer-alloc/stage1_sm_scaling/../src/profiling/../../src/models/zamba2.py"", line 251, in forward
    y = mamba_chunk_scan_combined(
        x, dt, A, B, C,
    ...<3 lines>...
        dt_softplus=True,
    )
  File ""/home01/ehmoon/.local/lib/python3.14/site-packages/mamba_ssm/ops/triton/ssd_combined.py"", line 643, in mamba_chunk_scan_combined
    return MambaChunkScanCombinedFn.apply(x, dt, A, B, C, chunk_size, D, z, dt_bias, initial_states, seq_idx, cu_seqlens, dt_softplus, dt_limit, ret",
ssm,zamba2,68,0.6296296296296297,108,256,1,"void at::<unnamed>::distribution_elementwise_grid_stride_kernel<float, 4, void templates::uniform_and_transform<c10::BFloat16, float, at::CUDAGeneratorImpl *, void templates::uniform_kernel<at::CUDAGeneratorImpl *>(at::TensorIteratorBase &, double, double, T1)::[lambda() (instance 1)]::operator ()() const::[lambda() (instance 4)]::operator ()() const::[lambda(float) (instance 1)]>(at::TensorIteratorBase &, T3, T4)::[lambda(curandStatePhilox4_32_10 *) (instance 2)], void at::<unnamed>::distribution_nullary_kernel<c10::BFloat16, float, float4, at::CUDAGeneratorImpl *, void templates::uniform_and_transform<c10::BFloat16, float, at::CUDAGeneratorImpl *, void templates::uniform_kernel<at::CUDAGeneratorImpl *>(at::TensorIteratorBase &, double, double, T1)::[lambda() (instance 1)]::operator ()() const::[lambda() (instance 4)]::operator ()() const::[lambda(float) (instance 1)]>(at::TensorIteratorBase &, T3, T4)::[lambda(curandStatePhilox4_32_10 *) (instance 2)], void templates::uniform_kernel<at::CUDAGeneratorImpl *>(at::TensorIteratorBase &, double, double, T1)::[lambda() (instance 1)]::operator ()() const::[lambda() (instance 4)]::operator ()() const::[lambda(float) (instance 1)]>(at::TensorIteratorBase &, T4, const T5 &, T6)::[lambda(int, float) (instance 1)]>(long, at::PhiloxCudaState, T3, T4)",815,864,13,48,97.73755656108597,98.2686481914967,49.98972891634731,112,2,82.35294117647058,44,17.647058823529417,,256,864,"(256, 1, 1)",154112,ns,"(864, 1, 1)",154112.0,0,,,22999386,cycle,23404602,cycle,748793414,warp,,748793414.0
ssm,zamba2,68,0.6296296296296297,108,256,4,ampere_bf16_s16816gemm_bf16_256x128_ldg8_f2f_stages_64x3_tn,815,448,7,40,94.11764705882352,83.03860364471075,10.374202978987515,448,7,94.11764705882352,40,5.882352941176472,,256,448,"(256, 1, 1)",464320,ns,"(56, 8, 1)",464320.0,6,,,56606976,cycle,68169470,cycle,452610508,warp,,452610508.0
ssm,zamba2,68,0.6296296296296297,108,256,16,ampere_bf16_s16816gemm_bf16_128x256_ldg8_f2f_stages_64x3_tn,815,1792,27,24,97.60348583877996,97.32361219136735,12.158911006097455,1792,27,97.60348583877996,24,2.3965141612200425,,256,1792,"(256, 1, 1)",1535936,ns,"(112, 16, 1)",1535936.0,781,,,224319257,cycle,230488010,cycle,1793589249,warp,,1793589249.0
ssm,zamba2,68,0.6296296296296297,108,256,32,ampere_bf16_s16816gemm_bf16_128x256_ldg8_f2f_stages_64x3_tn,815,3584,53,48,99.44506104328525,97.58385291507126,12.19140251174227,3584,53,99.44506104328525,48,0.5549389567147567,,256,3584,"(256, 1, 1)",3055136,ns,"(112, 32, 1)",3055136.0,6,,,447595579,cycle,458677912,cycle,3578833311,warp,,3578833311.0
ssm,zamba2,68,0.6296296296296297,108,256,64,ampere_bf16_s16816gemm_bf16_128x256_ldg8_f2f_stages_64x3_tn,815,7168,106,28,99.44506104328525,98.97365269220806,12.365040792223057,7168,106,99.44506104328525,28,0.5549389567147567,,256,7168,"(256, 1, 1)",6020416,ns,"(112, 64, 1)",6020416.0,764,,,893901016,cycle,903170684,cycle,7147355104,warp,,7147355104.0
ssm,zamba2,68,0.6296296296296297,108,512,1,ampere_bf16_s16816gemm_bf16_256x128_ldg8_f2f_stages_64x3_tn,815,224,4,20,82.35294117647058,69.36390986604616,8.665829750888971,224,4,82.35294117647058,20,17.647058823529417,,256,224,"(256, 1, 1)",272288,ns,"(56, 4, 1)",272288.0,6,,,28442065,cycle,41004126,cycle,227414256,warp,,227414256.0
ssm,zamba2,68,0.6296296296296297,108,512,4,ampere_bf16_s16816gemm_bf16_256x128_ldg8_f2f_stages_64x3_tn,815,896,14,12,94.11764705882352,92.0997391420718,11.506270289983208,896,14,94.11764705882352,12,5.882352941176472,,256,896,"(256, 1, 1)",813088,ns,"(56, 16, 1)",813088.0,611,,,112659431,cycle,122323290,cycle,900790296,warp,,900790296.0
ssm,zamba2,68,0.6296296296296297,108,512,16,ampere_bf16_s16816gemm_bf16_128x256_ldg8_f2f_stages_64x3_tn,815,3584,53,48,99.44506104328525,97.59354026736246,12.192598997820339,3584,53,99.44506104328525,48,0.5549389567147567,,256,3584,"(256, 1, 1)",3055424,ns,"(112, 32, 1)",3055424.0,6,,,447570897,cycle,458607092,cycle,3578631917,warp,,3578631917.0
ssm,zamba2,68,0.6296296296296297,108,512,32,ampere_bf16_s16816gemm_bf16_128x256_ldg8_f2f_stages_64x3_tn,815,7168,106,28,99.44506104328525,98.97324050444222,12.364981840575965,7168,106,99.44506104328525,28,0.5549389567147567,,256,7168,"(256, 1, 1)",6016672,ns,"(112, 64, 1)",6016672.0,6,,,893904546,cycle,903178012,cycle,7147379019,warp,,7147379019.0
ssm,zamba2,68,0.6296296296296297,108,512,64,ampere_bf16_s16816gemm_bf16_128x256_ldg8_f2f_stages_64x3_tn,815,14336,211,56,99.91636465012546,99.50070423859152,12.430884081266164,14336,211,99.91636465012546,56,0.08363534987454457,,256,14336,"(256, 1, 1)",11966048,ns,"(112, 128, 1)",11966048.0,611,,,1786886400,cycle,1795853018,cycle,14287386044,warp,,14287386044.0
ssm,zamba2,68,0.6296296296296297,108,1024,1,ampere_bf16_s16816gemm_bf16_256x128_ldg8_f2f_stages_64x3_tn,815,448,7,40,94.11764705882352,82.88279396746876,10.354776599260804,448,7,94.11764705882352,40,5.882352941176472,,256,448,"(256, 1, 1)",453024,ns,"(56, 8, 1)",453024.0,611,,,56575825,cycle,68260036,cycle,452363151,warp,,452363151.0
ssm,zamba2,68,0.6296296296296297,108,1024,4,ampere_bf16_s16816gemm_bf16_128x256_ldg8_f2f_stages_64x3_tn,815,1792,27,24,97.60348583877996,97.29815648886446,12.155718095933967,1792,27,97.60348583877996,24,2.3965141612200425,,256,1792,"(256, 1, 1)",1536416,ns,"(112, 16, 1)",1536416.0,6,,,224366663,cycle,230597034,cycle,1793966425,warp,,1793966425.0
ssm,zamba2,68,0.6296296296296297,108,1024,16,ampere_bf16_s16816gemm_bf16_128x256_ldg8_f2f_stages_64x3_tn,815,7168,106,28,99.44506104328525,98.96742439148252,12.364269479305861,7168,106,99.44506104328525,28,0.5549389567147567,,256,7168,"(256, 1, 1)",6022720,ns,"(112, 64, 1)",6022720.0,764,,,893949984,cycle,903277002,cycle,7147750571,warp,,7147750571.0
ssm,zamba2,68,0.6296296296296297,108,1024,32,ampere_bf16_s16816gemm_bf16_128x256_ldg8_f2f_stages_64x3_tn,815,14336,211,56,99.91636465012546,99.58901316280307,12.441916033916382,14336,211,99.91636465012546,56,0.08363534987454457,,256,14336,"(256, 1, 1)",11962272,ns,"(112, 128, 1)",11962272.0,6,,,1786913591,cycle,1794287878,cycle,14287602636,warp,,14287602636.0
ssm,zamba2,68,0.6296296296296297,108,1024,64,ampere_bf16_s16816gemm_bf16_128x256_ldg8_f2f_stages_64x3_tn,815,28672,422,44,99.91636465012546,99.67807497374469,12.453044771745251,28672,422,99.91636465012546,44,0.08363534987454457,,256,28672,"(256, 1, 1)",23770336,ns,"(112, 256, 1)",23770336.0,645,,,3573142795,cycle,3584682786,cycle,28569737745,warp,,28569737745.0
ssm,zamba2,68,0.6296296296296297,108,2048,1,ampere_bf16_s16816gemm_bf16_256x128_ldg8_f2f_stages_64x3_tn,815,896,14,12,94.11764705882352,92.0830331143511,11.504182222806481,896,14,94.11764705882352,12,5.882352941176472,,256,896,"(256, 1, 1)",813792,ns,"(56, 16, 1)",813792.0,611,,,112755221,cycle,122449508,cycle,901556130,warp,,901556130.0
ssm,zamba2,68,0.6296296296296297,108,2048,4,ampere_bf16_s16816gemm_bf16_128x256_ldg8_f2f_stages_64x3_tn,815,3584,53,48,99.44506104328525,97.63423139910002,12.197711841031499,3584,53,99.44506104328525,48,0.5549389567147567,,256,3584,"(256, 1, 1)",3055616,ns,"(112, 32, 1)",3055616.0,6,,,447506814,cycle,458350322,cycle,3578128096,warp,,3578128096.0
ssm,zamba2,68,0.6296296296296297,108,2048,16,ampere_bf16_s16816gemm_bf16_128x256_ldg8_f2f_stages_64x3_tn,815,14336,211,56,99.91636465012546,99.5997005302076,12.443257850617824,14336,211,99.91636465012546,56,0.08363534987454457,,256,14336,"(256, 1, 1)",11954432,ns,"(112, 128, 1)",11954432.0,611,,,1786978244,cycle,1794160258,cycle,14288127178,warp,,14288127178.0
ssm,zamba2,68,0.6296296296296297,108,2048,32,ampere_bf16_s16816gemm_bf16_128x256_ldg8_f2f_stages_64x3_tn,815,28672,422,44,99.91636465012546,99.66751196831719,12.45172625151877,28672,422,99.91636465012546,44,0.08363534987454457,,256,28672,"(256, 1, 1)",23913440,ns,"(112, 256, 1)",23913440.0,730,,,3573663062,cycle,3585584702,cycle,28573900263,warp,,28573900263.0
ssm,zamba2,68,0.6296296296296297,108,2048,64,ampere_bf16_s16816gemm_bf16_128x256_ldg8_f2f_stages_64x3_tn,828,57344,844,20,99.91636465012546,99.68388672514222,12.453771883074314,57344,844,99.91636465012546,20,0.08363534987454457,,256,57344,"(256, 1, 1)",48582496,ns,"(112, 512, 1)",48582496.0,702,,,7147746576,cycle,7170413204,cycle,57151161824,warp,,57151161824.0
ssm,zamba2,68,0.6296296296296297,108,4096,1,ampere_bf16_s16816gemm_bf16_128x256_ldg8_f2f_stages_64x3_tn,815,1792,27,24,97.60348583877996,97.29992382499974,12.15594279302109,1792,27,97.60348583877996,24,2.3965141612200425,,256,1792,"(256, 1, 1)",1536864,ns,"(112, 16, 1)",1536864.0,6,,,224340988,cycle,230566458,cycle,1793761711,warp,,1793761711.0
ssm,zamba2,68,0.6296296296296297,108,4096,4,ampere_bf16_s16816gemm_bf16_128x256_ldg8_f2f_stages_64x3_tn,815,7168,106,28,99.44506104328525,98.96411286927604,12.363855368782401,7168,106,99.44506104328525,28,0.5549389567147567,,256,7168,"(256, 1, 1)",6021760,ns,"(112, 64, 1)",6021760.0,628,,,893898842,cycle,903255550,cycle,7147341428,warp,,7147341428.0
ssm,zamba2,68,0.6296296296296297,108,4096,16,ampere_bf16_s16816gemm_bf16_128x256_ldg8_f2f_stages_64x3_tn,815,28672,422,44,99.91636465012546,99.67026289143968,12.452072686047494,28672,422,99.91636465012546,44,0.08363534987454457,,256,28672,"(256, 1, 1)",23963072,ns,"(112, 256, 1)",23963072.0,764,,,3573360789,cycle,3585182466,cycle,28571489702,warp,,28571489702.0
ssm,zamba2,68,0.6296296296296297,108,4096,32,ampere_bf16_s16816gemm_bf16_128x256_ldg8_f2f_stages_64x3_tn,828,57344,844,20,99.91636465012546,99.70138980086003,12.455959198308241,57344,844,99.91636465012546,20,0.08363534987454457,,256,57344,"(256, 1, 1)",48660768,ns,"(112, 512, 1)",48660768.0,810,,,7146934823,cycle,7168340218,cycle,57144674096,warp,,57144674096.0
,,68,0.6296296296296297,108,4096,64,,,,,,,,,114688,1687,99.97559189650964,40,0.024408103490358712,ncu exit code 9,,,,,,,,,,"==WARNING== Note: Running with unmodified GPU clocks. If not controlled otherwise, profiling results may be inconsistent.
==PROF== Connected to process 782518 (/apps/applications/Miniconda/25.11.1/envs/pytorch_2.9.1_cuda13/bin/python3.14)

==ERROR== An error was reported by the driver:
==ERROR== LaunchFailed
==PROF== Trying to shutdown target application
==ERROR== The application returned an error code (9).
""ID"",""Process ID"",""Process Name"",""Host Name"",""Kernel Name"",""Context"",""Stream"",""Block Size"",""Grid Size"",""Device"",""CC"",""Section Name"",""Metric Name"",""Metric Unit"",""Metric Value""
""0"",""782518"",""python3.14"",""127.0.0.1"",""void at::<unnamed>::distribution_elementwise_grid_stride_kernel<float, 4, void templates::uniform_and_transform<c10::BFloat16, float, at::CUDAGeneratorImpl *, void templates::uniform_kernel<at::CUDAGeneratorImpl *>(at::TensorIteratorBase &, double, double, T1)::[lambda() (instance 1)]::operator ()() const::[lambda() (instance 4)]::operator ()() const::[lambda(float) (insta",,,,,,,"/apps/applications/Miniconda/25.11.1/envs/pytorch_2.9.1_cuda13/lib/python3.14/site-packages/torch/cuda/__init__.py:63: FutureWarning: The pynvml package is deprecated. Please install nvidia-ml-py instead. If you did not install pynvml directly, please report this to the maintainers of the package that installed pynvml for you.
  import pynvml  # type: ignore[import]
[transformers] `torch_dtype` is deprecated! Use `dtype` instead!
",
ssm,zamba2,68,0.6296296296296297,108,8192,1,ampere_bf16_s16816gemm_bf16_128x256_ldg8_f2f_stages_64x3_tn,815,3584,53,48,99.44506104328525,97.59930401396242,12.193354406308494,3584,53,99.44506104328525,48,0.5549389567147567,,256,3584,"(256, 1, 1)",3057728,ns,"(112, 32, 1)",3057728.0,764,,,447526467,cycle,458534486,cycle,3578287037,warp,,3578287037.0
ssm,zamba2,68,0.6296296296296297,108,8192,4,ampere_bf16_s16816gemm_bf16_128x256_ldg8_f2f_stages_64x3_tn,815,14336,211,56,99.91636465012546,99.6059913418414,12.444037920661028,14336,211,99.91636465012546,56,0.08363534987454457,,256,14336,"(256, 1, 1)",11966176,ns,"(112, 128, 1)",11966176.0,6,,,1787110891,cycle,1794180116,cycle,14289181056,warp,,14289181056.0
ssm,zamba2,68,0.6296296296296297,108,8192,16,ampere_bf16_s16816gemm_bf16_128x256_ldg8_f2f_stages_64x3_tn,828,57344,844,20,99.91636465012546,99.68004918550938,12.453292428905703,57344,844,99.91636465012546,20,0.08363534987454457,,256,57344,"(256, 1, 1)",48579456,ns,"(112, 512, 1)",48579456.0,648,,,7147647605,cycle,7170589966,cycle,57150370390,warp,,57150370390.0
,,68,0.6296296296296297,108,8192,32,,,,,,,,,114688,1687,99.97559189650964,40,0.024408103490358712,ncu exit code 9,,,,,,,,,,"==WARNING== Note: Running with unmodified GPU clocks. If not controlled otherwise, profiling results may be inconsistent.
==PROF== Connected to process 791792 (/apps/applications/Miniconda/25.11.1/envs/pytorch_2.9.1_cuda13/bin/python3.14)

==ERROR== An error was reported by the driver:
==ERROR== LaunchFailed
==PROF== Trying to shutdown target application
==ERROR== The application returned an error code (9).
""ID"",""Process ID"",""Process Name"",""Host Name"",""Kernel Name"",""Context"",""Stream"",""Block Size"",""Grid Size"",""Device"",""CC"",""Section Name"",""Metric Name"",""Metric Unit"",""Metric Value""
""0"",""791792"",""python3.14"",""127.0.0.1"",""void at::<unnamed>::distribution_elementwise_grid_stride_kernel<float, 4, void templates::uniform_and_transform<c10::BFloat16, float, at::CUDAGeneratorImpl *, void templates::uniform_kernel<at::CUDAGeneratorImpl *>(at::TensorIteratorBase &, double, double, T1)::[lambda() (instance 1)]::operator ()() const::[lambda() (instance 4)]::operator ()() const::[lambda(float) (insta",,,,,,,"/apps/applications/Miniconda/25.11.1/envs/pytorch_2.9.1_cuda13/lib/python3.14/site-packages/torch/cuda/__init__.py:63: FutureWarning: The pynvml package is deprecated. Please install nvidia-ml-py instead. If you did not install pynvml directly, please report this to the maintainers of the package that installed pynvml for you.
  import pynvml  # type: ignore[import]
[transformers] `torch_dtype` is deprecated! Use `dtype` instead!
",
,,68,0.6296296296296297,108,8192,64,,,,,,,,,229376,3374,99.97559189650964,12,0.024408103490358712,ncu exit code 9,,,,,,,,,,"==WARNING== Note: Running with unmodified GPU clocks. If not controlled otherwise, profiling results may be inconsistent.
==PROF== Connected to process 792086 (/apps/applications/Miniconda/25.11.1/envs/pytorch_2.9.1_cuda13/bin/python3.14)

==ERROR== An error was reported by the driver:
==ERROR== LaunchFailed
==PROF== Trying to shutdown target application
==ERROR== The application returned an error code (9).
""ID"",""Process ID"",""Process Name"",""Host Name"",""Kernel Name"",""Context"",""Stream"",""Block Size"",""Grid Size"",""Device"",""CC"",""Section Name"",""Metric Name"",""Metric Unit"",""Metric Value""
""0"",""792086"",""python3.14"",""127.0.0.1"",""void at::<unnamed>::distribution_elementwise_grid_stride_kernel<float, 4, void templates::uniform_and_transform<c10::BFloat16, float, at::CUDAGeneratorImpl *, void templates::uniform_kernel<at::CUDAGeneratorImpl *>(at::TensorIteratorBase &, double, double, T1)::[lambda() (instance 1)]::operator ()() const::[lambda() (instance 4)]::operator ()() const::[lambda(float) (insta",,,,,,,"/apps/applications/Miniconda/25.11.1/envs/pytorch_2.9.1_cuda13/lib/python3.14/site-packages/torch/cuda/__init__.py:63: FutureWarning: The pynvml package is deprecated. Please install nvidia-ml-py instead. If you did not install pynvml directly, please report this to the maintainers of the package that installed pynvml for you.
  import pynvml  # type: ignore[import]
[transformers] `torch_dtype` is deprecated! Use `dtype` instead!
",
ssm,zamba2,68,0.6296296296296297,108,16384,1,ampere_bf16_s16816gemm_bf16_128x256_ldg8_f2f_stages_64x3_tn,815,7168,106,28,99.44506104328525,98.9772147945165,12.365485698226728,7168,106,99.44506104328525,28,0.5549389567147567,,256,7168,"(256, 1, 1)",6020096,ns,"(112, 64, 1)",6020096.0,696,,,893879079,cycle,903116016,cycle,7147179635,warp,,7147179635.0
ssm,zamba2,68,0.6296296296296297,108,16384,4,ampere_bf16_s16816gemm_bf16_128x256_ldg8_f2f_stages_64x3_tn,815,28672,422,44,99.91636465012546,99.67892669977684,12.453151794142965,28672,422,99.91636465012546,44,0.08363534987454457,,256,28672,"(256, 1, 1)",23918400,ns,"(112, 256, 1)",23918400.0,781,,,3573327833,cycle,3584837790,cycle,28571218660,warp,,28571218660.0
,,68,0.6296296296296297,108,16384,16,,,,,,,,,114688,1687,99.97559189650964,40,0.024408103490358712,ncu exit code 9,,,,,,,,,,"==WARNING== Note: Running with unmodified GPU clocks. If not controlled otherwise, profiling results may be inconsistent.
==PROF== Connected to process 795139 (/apps/applications/Miniconda/25.11.1/envs/pytorch_2.9.1_cuda13/bin/python3.14)

==ERROR== An error was reported by the driver:
==ERROR== LaunchFailed
==PROF== Trying to shutdown target application
==ERROR== The application returned an error code (9).
""ID"",""Process ID"",""Process Name"",""Host Name"",""Kernel Name"",""Context"",""Stream"",""Block Size"",""Grid Size"",""Device"",""CC"",""Section Name"",""Metric Name"",""Metric Unit"",""Metric Value""
""0"",""795139"",""python3.14"",""127.0.0.1"",""void at::<unnamed>::distribution_elementwise_grid_stride_kernel<float, 4, void templates::uniform_and_transform<c10::BFloat16, float, at::CUDAGeneratorImpl *, void templates::uniform_kernel<at::CUDAGeneratorImpl *>(at::TensorIteratorBase &, double, double, T1)::[lambda() (instance 1)]::operator ()() const::[lambda() (instance 4)]::operator ()() const::[lambda(float) (insta",,,,,,,"/apps/applications/Miniconda/25.11.1/envs/pytorch_2.9.1_cuda13/lib/python3.14/site-packages/torch/cuda/__init__.py:63: FutureWarning: The pynvml package is deprecated. Please install nvidia-ml-py instead. If you did not install pynvml directly, please report this to the maintainers of the package that installed pynvml for you.
  import pynvml  # type: ignore[import]
[transformers] `torch_dtype` is deprecated! Use `dtype` instead!
",
,,68,0.6296296296296297,108,16384,32,,,,,,,,,229376,3374,99.97559189650964,12,0.024408103490358712,ncu exit code 9,,,,,,,,,,"==WARNING== Note: Running with unmodified GPU clocks. If not controlled otherwise, profiling results may be inconsistent.
==PROF== Connected to process 796113 (/apps/applications/Miniconda/25.11.1/envs/pytorch_2.9.1_cuda13/bin/python3.14)

==ERROR== An error was reported by the driver:
==ERROR== LaunchFailed
==PROF== Trying to shutdown target application
==ERROR== The application returned an error code (9).
""ID"",""Process ID"",""Process Name"",""Host Name"",""Kernel Name"",""Context"",""Stream"",""Block Size"",""Grid Size"",""Device"",""CC"",""Section Name"",""Metric Name"",""Metric Unit"",""Metric Value""
""0"",""796113"",""python3.14"",""127.0.0.1"",""void at::<unnamed>::distribution_elementwise_grid_stride_kernel<float, 4, void templates::uniform_and_transform<c10::BFloat16, float, at::CUDAGeneratorImpl *, void templates::uniform_kernel<at::CUDAGeneratorImpl *>(at::TensorIteratorBase &, double, double, T1)::[lambda() (instance 1)]::operator ()() const::[lambda() (instance 4)]::operator ()() const::[lambda(float) (insta",,,,,,,"/apps/applications/Miniconda/25.11.1/envs/pytorch_2.9.1_cuda13/lib/python3.14/site-packages/torch/cuda/__init__.py:63: FutureWarning: The pynvml package is deprecated. Please install nvidia-ml-py instead. If you did not install pynvml directly, please report this to the maintainers of the package that installed pynvml for you.
  import pynvml  # type: ignore[import]
[transformers] `torch_dtype` is deprecated! Use `dtype` instead!
",
,,68,0.6296296296296297,108,16384,64,,,,,,,,,458752,6747,99.99040968099112,24,0.009590319008878634,ncu exit code 9,,,,,,,,,,"==WARNING== Note: Running with unmodified GPU clocks. If not controlled otherwise, profiling results may be inconsistent.
==PROF== Connected to process 796409 (/apps/applications/Miniconda/25.11.1/envs/pytorch_2.9.1_cuda13/bin/python3.14)

==ERROR== An error was reported by the driver:
==ERROR== LaunchFailed
==PROF== Trying to shutdown target application
==ERROR== The application returned an error code (9).
""ID"",""Process ID"",""Process Name"",""Host Name"",""Kernel Name"",""Context"",""Stream"",""Block Size"",""Grid Size"",""Device"",""CC"",""Section Name"",""Metric Name"",""Metric Unit"",""Metric Value""
""0"",""796409"",""python3.14"",""127.0.0.1"",""void at::<unnamed>::distribution_elementwise_grid_stride_kernel<float, 4, void templates::uniform_and_transform<c10::BFloat16, float, at::CUDAGeneratorImpl *, void templates::uniform_kernel<at::CUDAGeneratorImpl *>(at::TensorIteratorBase &, double, double, T1)::[lambda() (instance 1)]::operator ()() const::[lambda() (instance 4)]::operator ()() const::[lambda(float) (insta",,,,,,,"/apps/applications/Miniconda/25.11.1/envs/pytorch_2.9.1_cuda13/lib/python3.14/site-packages/torch/cuda/__init__.py:63: FutureWarning: The pynvml package is deprecated. Please install nvidia-ml-py instead. If you did not install pynvml directly, please report this to the maintainers of the package that installed pynvml for you.
  import pynvml  # type: ignore[import]
[transformers] `torch_dtype` is deprecated! Use `dtype` instead!
",
ssm,zamba2,68,0.6296296296296297,108,32768,1,ampere_bf16_s16816gemm_bf16_128x256_ldg8_f2f_stages_64x3_tn,815,14336,211,56,99.91636465012546,99.53258804302259,12.434870548201433,14336,211,99.91636465012546,56,0.08363534987454457,,256,14336,"(256, 1, 1)",11967232,ns,"(112, 128, 1)",11967232.0,6,,,1787088094,cycle,1795480384,cycle,14289002334,warp,,14289002334.0
ssm,zamba2,68,0.6296296296296297,108,32768,4,ampere_bf16_s16816gemm_bf16_128x256_ldg8_f2f_stages_64x3_tn,828,57344,844,20,99.91636465012546,99.73838380788659,12.460580939778948,57344,844,99.91636465012546,20,0.08363534987454457,,256,57344,"(256, 1, 1)",48674464,ns,"(112, 512, 1)",48674464.0,792,,,7146530773,cycle,7165276296,cycle,57141443355,warp,,57141443355.0
,,68,0.6296296296296297,108,32768,16,,,,,,,,,229376,3374,99.97559189650964,12,0.024408103490358712,ncu exit code 9,,,,,,,,,,"==WARNING== Note: Running with unmodified GPU clocks. If not controlled otherwise, profiling results may be inconsistent.
==PROF== Connected to process 799482 (/apps/applications/Miniconda/25.11.1/envs/pytorch_2.9.1_cuda13/bin/python3.14)

==ERROR== An error was reported by the driver:
==ERROR== LaunchFailed
==PROF== Trying to shutdown target application
==ERROR== The application returned an error code (9).
""ID"",""Process ID"",""Process Name"",""Host Name"",""Kernel Name"",""Context"",""Stream"",""Block Size"",""Grid Size"",""Device"",""CC"",""Section Name"",""Metric Name"",""Metric Unit"",""Metric Value""
""0"",""799482"",""python3.14"",""127.0.0.1"",""void at::<unnamed>::distribution_elementwise_grid_stride_kernel<float, 4, void templates::uniform_and_transform<c10::BFloat16, float, at::CUDAGeneratorImpl *, void templates::uniform_kernel<at::CUDAGeneratorImpl *>(at::TensorIteratorBase &, double, double, T1)::[lambda() (instance 1)]::operator ()() const::[lambda() (instance 4)]::operator ()() const::[lambda(float) (insta",,,,,,,"/apps/applications/Miniconda/25.11.1/envs/pytorch_2.9.1_cuda13/lib/python3.14/site-packages/torch/cuda/__init__.py:63: FutureWarning: The pynvml package is deprecated. Please install nvidia-ml-py instead. If you did not install pynvml directly, please report this to the maintainers of the package that installed pynvml for you.
  import pynvml  # type: ignore[import]
[transformers] `torch_dtype` is deprecated! Use `dtype` instead!
",
,,68,0.6296296296296297,108,32768,32,,,,,,,,,458752,6747,99.99040968099112,24,0.009590319008878634,ncu exit code 9,,,,,,,,,,"==WARNING== Note: Running with unmodified GPU clocks. If not controlled otherwise, profiling results may be inconsistent.
==PROF== Connected to process 799774 (/apps/applications/Miniconda/25.11.1/envs/pytorch_2.9.1_cuda13/bin/python3.14)

==ERROR== An error was reported by the driver:
==ERROR== LaunchFailed
==PROF== Trying to shutdown target application
==ERROR== The application returned an error code (9).
""ID"",""Process ID"",""Process Name"",""Host Name"",""Kernel Name"",""Context"",""Stream"",""Block Size"",""Grid Size"",""Device"",""CC"",""Section Name"",""Metric Name"",""Metric Unit"",""Metric Value""
""0"",""799774"",""python3.14"",""127.0.0.1"",""void at::<unnamed>::distribution_elementwise_grid_stride_kernel<float, 4, void templates::uniform_and_transform<c10::BFloat16, float, at::CUDAGeneratorImpl *, void templates::uniform_kernel<at::CUDAGeneratorImpl *>(at::TensorIteratorBase &, double, double, T1)::[lambda() (instance 1)]::operator ()() const::[lambda() (instance 4)]::operator ()() const::[lambda(float) (insta",,,,,,,"/apps/applications/Miniconda/25.11.1/envs/pytorch_2.9.1_cuda13/lib/python3.14/site-packages/torch/cuda/__init__.py:63: FutureWarning: The pynvml package is deprecated. Please install nvidia-ml-py instead. If you did not install pynvml directly, please report this to the maintainers of the package that installed pynvml for you.
  import pynvml  # type: ignore[import]
[transformers] `torch_dtype` is deprecated! Use `dtype` instead!
",
,,68,0.6296296296296297,108,32768,64,,,,,,,,,917504,13493,99.9978202205065,48,0.0021797794935052295,ncu exit code 1,,,,,,,,,,"==WARNING== Note: Running with unmodified GPU clocks. If not controlled otherwise, profiling results may be inconsistent.
==PROF== Connected to process 800441 (/apps/applications/Miniconda/25.11.1/envs/pytorch_2.9.1_cuda13/bin/python3.14)
Loading Zamba2 from Zyphra/Zamba2-7B-Instruct …
==PROF== Disconnected from process 800441
==ERROR== The application returned an error code (1).
""ID"",""Process ID"",""Process Name"",""Host Name"",""Kernel Name"",""Context"",""Stream"",""Block Size"",""Grid Size"",""Device"",""CC"",""Section Name"",""Metric Name"",""Metric Unit"",""Metric Value""
""0"",""800441"",""python3.14"",""127.0.0.1"",""void at::<unnamed>::distribution_elementwise_grid_stride_kernel<float, 4, void templates::uniform_and_transform<c10::BFloat16, float, at::CUDAGeneratorImpl *, void templates::uniform_kernel<at::CUDAGeneratorImpl *>(at::TensorIteratorBase &, double, double, T1)::[lambda() (instance 1)]::operator ()() const::[lambda() (instance 4)]::operator ()() const::[lambda(float) (instance 1)]>(at::TensorIteratorB",,,,,,,"/apps/applications/Miniconda/25.11.1/envs/pytorch_2.9.1_cuda13/lib/python3.14/site-packages/torch/cuda/__init__.py:63: FutureWarning: The pynvml package is deprecated. Please install nvidia-ml-py instead. If you did not install pynvml directly, please report this to the maintainers of the package that installed pynvml for you.
  import pynvml  # type: ignore[import]
[transformers] `torch_dtype` is deprecated! Use `dtype` instead!
Traceback (most recent call last):
  File ""/scratch/ehmoon/whlee/prefill-layer-alloc/stage1_sm_scaling/../src/profiling/../../src/models/zamba2.py"", line 251, in forward
    y = mamba_chunk_scan_combined(
        x, dt, A, B, C,
    ...<3 lines>...
        dt_softplus=True,
    )
  File ""/home01/ehmoon/.local/lib/python3.14/site-packages/mamba_ssm/ops/triton/ssd_combined.py"", line 643, in mamba_chunk_scan_combined
    return MambaChunkScanCombinedFn.apply(x, dt, A, B, C, chunk_size, D, z, dt_bias, initial_states, seq_idx, cu_seqlens, dt_softplus, dt_limit, ret",
ssm,zamba2,81,0.75,108,256,1,"void at::<unnamed>::distribution_elementwise_grid_stride_kernel<float, 4, void templates::uniform_and_transform<c10::BFloat16, float, at::CUDAGeneratorImpl *, void templates::uniform_kernel<at::CUDAGeneratorImpl *>(at::TensorIteratorBase &, double, double, T1)::[lambda() (instance 1)]::operator ()() const::[lambda() (instance 4)]::operator ()() const::[lambda(float) (instance 1)]>(at::TensorIteratorBase &, T3, T4)::[lambda(curandStatePhilox4_32_10 *) (instance 2)], void at::<unnamed>::distribution_nullary_kernel<c10::BFloat16, float, float4, at::CUDAGeneratorImpl *, void templates::uniform_and_transform<c10::BFloat16, float, at::CUDAGeneratorImpl *, void templates::uniform_kernel<at::CUDAGeneratorImpl *>(at::TensorIteratorBase &, double, double, T1)::[lambda() (instance 1)]::operator ()() const::[lambda() (instance 4)]::operator ()() const::[lambda(float) (instance 1)]>(at::TensorIteratorBase &, T3, T4)::[lambda(curandStatePhilox4_32_10 *) (instance 2)], void templates::uniform_kernel<at::CUDAGeneratorImpl *>(at::TensorIteratorBase &, double, double, T1)::[lambda() (instance 1)]::operator ()() const::[lambda() (instance 4)]::operator ()() const::[lambda(float) (instance 1)]>(at::TensorIteratorBase &, T4, const T5 &, T6)::[lambda(int, float) (instance 1)]>(long, at::PhiloxCudaState, T3, T4)",815,864,11,54,96.96969696969697,98.5858077193074,50.14937926060254,112,2,69.1358024691358,31,30.864197530864203,,256,864,"(256, 1, 1)",153344,ns,"(864, 1, 1)",153344.0,0,,,22995185,cycle,23325046,cycle,748631410,warp,,748631410.0
ssm,zamba2,81,0.75,108,256,4,ampere_bf16_s16816gemm_bf16_256x128_ldg8_f2f_stages_64x3_tn,815,448,6,43,92.18106995884774,83.05502973141982,10.37630385044719,448,6,92.18106995884774,43,7.818930041152261,,256,448,"(256, 1, 1)",452576,ns,"(56, 8, 1)",452576.0,6,,,56582832,cycle,68126918,cycle,452419585,warp,,452419585.0
ssm,zamba2,81,0.75,108,256,16,ampere_bf16_s16816gemm_bf16_128x256_ldg8_f2f_stages_64x3_tn,815,1792,23,10,96.18894256575416,97.31690657738194,12.158081659815085,1792,23,96.18894256575416,10,3.8110574342458348,,256,1792,"(256, 1, 1)",1534912,ns,"(112, 16, 1)",1534912.0,730,,,224368122,cycle,230554104,cycle,1793981199,warp,,1793981199.0
ssm,zamba2,81,0.75,108,256,32,ampere_bf16_s16816gemm_bf16_128x256_ldg8_f2f_stages_64x3_tn,815,3584,45,20,98.32647462277092,97.59304241046345,12.192572764042762,3584,45,98.32647462277092,20,1.6735253772290792,,256,3584,"(256, 1, 1)",3055648,ns,"(112, 32, 1)",3055648.0,662,,,447547643,cycle,458585604,cycle,3578456541,warp,,3578456541.0
ssm,zamba2,81,0.75,108,256,64,ampere_bf16_s16816gemm_bf16_128x256_ldg8_f2f_stages_64x3_tn,815,7168,89,40,99.43126647246497,98.96087001544619,12.363442674338152,7168,89,99.43126647246497,40,0.5687335275350258,,256,7168,"(256, 1, 1)",6025952,ns,"(112, 64, 1)",6025952.0,628,,,893864955,cycle,903250906,cycle,7147066110,warp,,7147066110.0
ssm,zamba2,81,0.75,108,512,1,ampere_bf16_s16816gemm_bf16_256x128_ldg8_f2f_stages_64x3_tn,815,224,3,62,92.18106995884774,69.33896378398852,8.662723146829586,224,3,92.18106995884774,62,7.818930041152261,,256,224,"(256, 1, 1)",272288,ns,"(56, 4, 1)",272288.0,6,,,28478669,cycle,41071668,cycle,227707193,warp,,227707193.0
ssm,zamba2,81,0.75,108,512,4,ampere_bf16_s16816gemm_bf16_256x128_ldg8_f2f_stages_64x3_tn,815,896,12,5,92.18106995884774,92.12863467021843,11.509857354633757,896,12,92.18106995884774,5,7.818930041152261,,256,896,"(256, 1, 1)",814112,ns,"(56, 16, 1)",814112.0,611,,,112667131,cycle,122293282,cycle,900850068,warp,,900850068.0
ssm,zamba2,81,0.75,108,512,16,ampere_bf16_s16816gemm_bf16_128x256_ldg8_f2f_stages_64x3_tn,815,3584,45,20,98.32647462277092,97.59143771278154,12.1923674683558,3584,45,98.32647462277092,20,1.6735253772290792,,256,3584,"(256, 1, 1)",3054816,ns,"(112, 32, 1)",3054816.0,6,,,447538910,cycle,458584196,cycle,3578385301,warp,,3578385301.0
ssm,zamba2,81,0.75,108,512,32,ampere_bf16_s16816gemm_bf16_128x256_ldg8_f2f_stages_64x3_tn,815,7168,89,40,99.43126647246497,98.95744252199982,12.36301694578404,7168,89,99.43126647246497,40,0.5687335275350258,,256,7168,"(256, 1, 1)",6983520,ns,"(112, 64, 1)",6983520.0,6,,,893920669,cycle,903338492,cycle,7147513014,warp,,7147513014.0
ssm,zamba2,81,0.75,108,512,64,ampere_bf16_s16816gemm_bf16_128x256_ldg8_f2f_stages_64x3_tn,815,14336,177,80,99.99302504010602,99.51766676306299,12.433006414728306,14336,177,99.99302504010602,80,0.006974959893979449,,256,14336,"(256, 1, 1)",11965472,ns,"(112, 128, 1)",11965472.0,6,,,1787091781,cycle,1795753296,cycle,14289031839,warp,,14289031839.0
ssm,zamba2,81,0.75,108,1024,1,ampere_bf16_s16816gemm_bf16_256x128_ldg8_f2f_stages_64x3_tn,815,448,6,43,92.18106995884774,83.01483902783505,10.371265233458189,448,6,92.18106995884774,43,7.818930041152261,,256,448,"(256, 1, 1)",452160,ns,"(56, 8, 1)",452160.0,6,,,56571606,cycle,68146378,cycle,452329063,warp,,452329063.0
ssm,zamba2,81,0.75,108,1024,4,ampere_bf16_s16816gemm_bf16_128x256_ldg8_f2f_stages_64x3_tn,815,1792,23,10,96.18894256575416,97.30049423436606,12.156038411197182,1792,23,96.18894256575416,10,3.8110574342458348,,256,1792,"(256, 1, 1)",1534624,ns,"(112, 16, 1)",1534624.0,611,,,224374064,cycle,230599100,cycle,1794029771,warp,,1794029771.0
ssm,zamba2,81,0.75,108,1024,16,ampere_bf16_s16816gemm_bf16_128x256_ldg8_f2f_stages_64x3_tn,815,7168,89,40,99.43126647246497,98.95612579236548,12.362849043895508,7168,89,99.43126647246497,40,0.5687335275350258,,256,7168,"(256, 1, 1)",6019648,ns,"(112, 64, 1)",6019648.0,6,,,893834783,cycle,903263720,cycle,7146824331,warp,,7146824331.0
ssm,zamba2,81,0.75,108,1024,32,ampere_bf16_s16816gemm_bf16_128x256_ldg8_f2f_stages_64x3_tn,815,14336,177,80,99.99302504010602,99.61688449277005,12.44540286427477,14336,177,99.99302504010602,80,0.006974959893979449,,256,14336,"(256, 1, 1)",11954560,ns,"(112, 128, 1)",11954560.0,713,,,1786983326,cycle,1793855866,cycle,14288165717,warp,,14288165717.0
ssm,zamba2,81,0.75,108,1024,64,ampere_bf16_s16816gemm_bf16_128x256_ldg8_f2f_stages_64x3_tn,815,28672,354,79,99.99302504010602,99.67081294319566,12.452141211707836,28672,354,99.99302504010602,79,0.006974959893979449,,256,28672,"(256, 1, 1)",23774208,ns,"(112, 256, 1)",23774208.0,713,,,3573310979,cycle,3585112706,cycle,28571090992,warp,,28571090992.0
ssm,zamba2,81,0.75,108,2048,1,ampere_bf16_s16816gemm_bf16_256x128_ldg8_f2f_stages_64x3_tn,815,896,12,5,92.18106995884774,92.11547176259133,11.508220841626311,896,12,92.18106995884774,5,7.818930041152261,,256,896,"(256, 1, 1)",812896,ns,"(56, 16, 1)",812896.0,6,,,112673204,cycle,122317350,cycle,900899249,warp,,900899249.0
ssm,zamba2,81,0.75,108,2048,4,ampere_bf16_s16816gemm_bf16_128x256_ldg8_f2f_stages_64x3_tn,815,3584,45,20,98.32647462277092,97.58509053779642,12.191578068865445,3584,45,98.32647462277092,20,1.6735253772290792,,256,3584,"(256, 1, 1)",3057728,ns,"(112, 32, 1)",3057728.0,628,,,447603547,cycle,458680260,cycle,3578903167,warp,,3578903167.0
ssm,zamba2,81,0.75,108,2048,16,ampere_bf16_s16816gemm_bf16_128x256_ldg8_f2f_stages_64x3_tn,815,14336,177,80,99.99302504010602,99.65085218060898,12.449642754713746,14336,177,99.99302504010602,80,0.006974959893979449,,256,14336,"(256, 1, 1)",11953536,ns,"(112, 128, 1)",11953536.0,662,,,1787177201,cycle,1793438954,cycle,14289711539,warp,,14289711539.0
ssm,zamba2,81,0.75,108,2048,32,ampere_bf16_s16816gemm_bf16_128x256_ldg8_f2f_stages_64x3_tn,815,28672,354,79,99.99302504010602,99.6653356403968,12.451456911539317,28672,354,99.99302504010602,79,0.006974959893979449,,256,28672,"(256, 1, 1)",23917664,ns,"(112, 256, 1)",23917664.0,696,,,3573785130,cycle,3585785476,cycle,28574882143,warp,,28574882143.0
ssm,zamba2,81,0.75,108,2048,64,ampere_bf16_s16816gemm_bf16_128x256_ldg8_f2f_stages_64x3_tn,828,57344,708,77,99.99302504010602,99.73755432667845,12.460480245822747,57344,708,99.99302504010602,77,0.006974959893979449,,256,57344,"(256, 1, 1)",48729920,ns,"(112, 512, 1)",48729920.0,810,,,7148178963,cycle,7166988414,cycle,57154635235,warp,,57154635235.0
ssm,zamba2,81,0.75,108,4096,1,ampere_bf16_s16816gemm_bf16_128x256_ldg8_f2f_stages_64x3_tn,815,1792,23,10,96.18894256575416,97.28516770917699,12.154113225061671,1792,23,96.18894256575416,10,3.8110574342458348,,256,1792,"(256, 1, 1)",1538080,ns,"(112, 16, 1)",1538080.0,730,,,224383879,cycle,230645518,cycle,1794106714,warp,,1794106714.0
ssm,zamba2,81,0.75,108,4096,4,ampere_bf16_s16816gemm_bf16_128x256_ldg8_f2f_stages_64x3_tn,815,7168,89,40,99.43126647246497,98.96254593800404,12.363657928855899,7168,89,99.43126647246497,40,0.5687335275350258,,256,7168,"(256, 1, 1)",6041856,ns,"(112, 64, 1)",6041856.0,730,,,893896384,cycle,903267368,cycle,7147320804,warp,,7147320804.0
ssm,zamba2,81,0.75,108,4096,16,ampere_bf16_s16816gemm_bf16_128x256_ldg8_f2f_stages_64x3_tn,815,28672,354,79,99.99302504010602,99.67243040705766,12.452334050465613,28672,354,99.99302504010602,79,0.006974959893979449,,256,28672,"(256, 1, 1)",23883328,ns,"(112, 256, 1)",23883328.0,6,,,3573273698,cycle,3585017124,cycle,28570771715,warp,,28570771715.0
ssm,zamba2,81,0.75,108,4096,32,ampere_bf16_s16816gemm_bf16_128x256_ldg8_f2f_stages_64x3_tn,828,57344,708,77,99.99302504010602,99.70547899443532,12.456469010647126,57344,708,99.99302504010602,77,0.006974959893979449,,256,57344,"(256, 1, 1)",48810240,ns,"(112, 512, 1)",48810240.0,756,,,7146745643,cycle,7167856486,cycle,57143156602,warp,,57143156602.0
,,81,0.75,108,4096,64,,,,,,,,,114688,1416,99.99302504010602,73,0.006974959893979449,ncu exit code 9,,,,,,,,,,"==WARNING== Note: Running with unmodified GPU clocks. If not controlled otherwise, profiling results may be inconsistent.
==PROF== Connected to process 835783 (/apps/applications/Miniconda/25.11.1/envs/pytorch_2.9.1_cuda13/bin/python3.14)

==ERROR== An error was reported by the driver:
==ERROR== LaunchFailed
==PROF== Trying to shutdown target application
==ERROR== The application returned an error code (9).
""ID"",""Process ID"",""Process Name"",""Host Name"",""Kernel Name"",""Context"",""Stream"",""Block Size"",""Grid Size"",""Device"",""CC"",""Section Name"",""Metric Name"",""Metric Unit"",""Metric Value""
""0"",""835783"",""python3.14"",""127.0.0.1"",""void at::<unnamed>::distribution_elementwise_grid_stride_kernel<float, 4, void templates::uniform_and_transform<c10::BFloat16, float, at::CUDAGeneratorImpl *, void templates::uniform_kernel<at::CUDAGeneratorImpl *>(at::TensorIteratorBase &, double, double, T1)::[lambda() (instance 1)]::operator ()() const::[lambda() (instance 4)]::operator ()() const::[lambda(float) (insta",,,,,,,"/apps/applications/Miniconda/25.11.1/envs/pytorch_2.9.1_cuda13/lib/python3.14/site-packages/torch/cuda/__init__.py:63: FutureWarning: The pynvml package is deprecated. Please install nvidia-ml-py instead. If you did not install pynvml directly, please report this to the maintainers of the package that installed pynvml for you.
  import pynvml  # type: ignore[import]
[transformers] `torch_dtype` is deprecated! Use `dtype` instead!
",
ssm,zamba2,81,0.75,108,8192,1,ampere_bf16_s16816gemm_bf16_128x256_ldg8_f2f_stages_64x3_tn,815,3584,45,20,98.32647462277092,97.62308885126728,12.196316108991411,3584,45,98.32647462277092,20,1.6735253772290792,,256,3584,"(256, 1, 1)",3055712,ns,"(112, 32, 1)",3055712.0,679,,,447546596,cycle,458443388,cycle,3578445106,warp,,3578445106.0
ssm,zamba2,81,0.75,108,8192,4,ampere_bf16_s16816gemm_bf16_128x256_ldg8_f2f_stages_64x3_tn,815,14336,177,80,99.99302504010602,99.6054528134782,12.443973040972113,14336,177,99.99302504010602,80,0.006974959893979449,,256,14336,"(256, 1, 1)",11955520,ns,"(112, 128, 1)",11955520.0,798,,,1786883065,cycle,1793961088,cycle,14287362186,warp,,14287362186.0
ssm,zamba2,81,0.75,108,8192,16,ampere_bf16_s16816gemm_bf16_128x256_ldg8_f2f_stages_64x3_tn,828,57344,708,77,99.99302504010602,99.72999106885939,12.459531634690773,57344,708,99.99302504010602,77,0.006974959893979449,,256,57344,"(256, 1, 1)",48520000,ns,"(112, 512, 1)",48520000.0,666,,,7147183403,cycle,7166533684,cycle,57146658014,warp,,57146658014.0
,,81,0.75,108,8192,32,,,,,,,,,114688,1416,99.99302504010602,73,0.006974959893979449,ncu exit code 9,,,,,,,,,,"==WARNING== Note: Running with unmodified GPU clocks. If not controlled otherwise, profiling results may be inconsistent.
==PROF== Connected to process 840235 (/apps/applications/Miniconda/25.11.1/envs/pytorch_2.9.1_cuda13/bin/python3.14)

==ERROR== An error was reported by the driver:
==ERROR== LaunchFailed
==PROF== Trying to shutdown target application
==ERROR== The application returned an error code (9).
""ID"",""Process ID"",""Process Name"",""Host Name"",""Kernel Name"",""Context"",""Stream"",""Block Size"",""Grid Size"",""Device"",""CC"",""Section Name"",""Metric Name"",""Metric Unit"",""Metric Value""
""0"",""840235"",""python3.14"",""127.0.0.1"",""void at::<unnamed>::distribution_elementwise_grid_stride_kernel<float, 4, void templates::uniform_and_transform<c10::BFloat16, float, at::CUDAGeneratorImpl *, void templates::uniform_kernel<at::CUDAGeneratorImpl *>(at::TensorIteratorBase &, double, double, T1)::[lambda() (instance 1)]::operator ()() const::[lambda() (instance 4)]::operator ()() const::[lambda(float) (insta",,,,,,,"/apps/applications/Miniconda/25.11.1/envs/pytorch_2.9.1_cuda13/lib/python3.14/site-packages/torch/cuda/__init__.py:63: FutureWarning: The pynvml package is deprecated. Please install nvidia-ml-py instead. If you did not install pynvml directly, please report this to the maintainers of the package that installed pynvml for you.
  import pynvml  # type: ignore[import]
[transformers] `torch_dtype` is deprecated! Use `dtype` instead!
",
,,81,0.75,108,8192,64,,,,,,,,,229376,2832,99.99302504010602,65,0.006974959893979449,ncu exit code 9,,,,,,,,,,"==WARNING== Note: Running with unmodified GPU clocks. If not controlled otherwise, profiling results may be inconsistent.
==PROF== Connected to process 840527 (/apps/applications/Miniconda/25.11.1/envs/pytorch_2.9.1_cuda13/bin/python3.14)

==ERROR== An error was reported by the driver:
==ERROR== LaunchFailed
==PROF== Trying to shutdown target application
==ERROR== The application returned an error code (9).
""ID"",""Process ID"",""Process Name"",""Host Name"",""Kernel Name"",""Context"",""Stream"",""Block Size"",""Grid Size"",""Device"",""CC"",""Section Name"",""Metric Name"",""Metric Unit"",""Metric Value""
""0"",""840527"",""python3.14"",""127.0.0.1"",""void at::<unnamed>::distribution_elementwise_grid_stride_kernel<float, 4, void templates::uniform_and_transform<c10::BFloat16, float, at::CUDAGeneratorImpl *, void templates::uniform_kernel<at::CUDAGeneratorImpl *>(at::TensorIteratorBase &, double, double, T1)::[lambda() (instance 1)]::operator ()() const::[lambda() (instance 4)]::operator ()() const::[lambda(float) (insta",,,,,,,"/apps/applications/Miniconda/25.11.1/envs/pytorch_2.9.1_cuda13/lib/python3.14/site-packages/torch/cuda/__init__.py:63: FutureWarning: The pynvml package is deprecated. Please install nvidia-ml-py instead. If you did not install pynvml directly, please report this to the maintainers of the package that installed pynvml for you.
  import pynvml  # type: ignore[import]
[transformers] `torch_dtype` is deprecated! Use `dtype` instead!
",
ssm,zamba2,81,0.75,108,16384,1,ampere_bf16_s16816gemm_bf16_128x256_ldg8_f2f_stages_64x3_tn,815,7168,89,40,99.43126647246497,98.971427389069,12.364764609188622,7168,89,99.43126647246497,40,0.5687335275350258,,256,7168,"(256, 1, 1)",6026048,ns,"(112, 64, 1)",6026048.0,6,,,893796311,cycle,903085198,cycle,7146518973,warp,,7146518973.0
ssm,zamba2,81,0.75,108,16384,4,ampere_bf16_s16816gemm_bf16_128x256_ldg8_f2f_stages_64x3_tn,815,28672,354,79,99.99302504010602,99.70245286373243,12.456091474899345,28672,354,99.99302504010602,79,0.006974959893979449,,256,28672,"(256, 1, 1)",25191488,ns,"(112, 256, 1)",25191488.0,611,,,3573279160,cycle,3583943080,cycle,28570830621,warp,,28570830621.0
,,81,0.75,108,16384,16,,,,,,,,,114688,1416,99.99302504010602,73,0.006974959893979449,ncu exit code 9,,,,,,,,,,"==WARNING== Note: Running with unmodified GPU clocks. If not controlled otherwise, profiling results may be inconsistent.
==PROF== Connected to process 843896 (/apps/applications/Miniconda/25.11.1/envs/pytorch_2.9.1_cuda13/bin/python3.14)

==ERROR== An error was reported by the driver:
==ERROR== LaunchFailed
==PROF== Trying to shutdown target application
==ERROR== The application returned an error code (9).
""ID"",""Process ID"",""Process Name"",""Host Name"",""Kernel Name"",""Context"",""Stream"",""Block Size"",""Grid Size"",""Device"",""CC"",""Section Name"",""Metric Name"",""Metric Unit"",""Metric Value""
""0"",""843896"",""python3.14"",""127.0.0.1"",""void at::<unnamed>::distribution_elementwise_grid_stride_kernel<float, 4, void templates::uniform_and_transform<c10::BFloat16, float, at::CUDAGeneratorImpl *, void templates::uniform_kernel<at::CUDAGeneratorImpl *>(at::TensorIteratorBase &, double, double, T1)::[lambda() (instance 1)]::operator ()() const::[lambda() (instance 4)]::operator ()() const::[lambda(float) (insta",,,,,,,"/apps/applications/Miniconda/25.11.1/envs/pytorch_2.9.1_cuda13/lib/python3.14/site-packages/torch/cuda/__init__.py:63: FutureWarning: The pynvml package is deprecated. Please install nvidia-ml-py instead. If you did not install pynvml directly, please report this to the maintainers of the package that installed pynvml for you.
  import pynvml  # type: ignore[import]
[transformers] `torch_dtype` is deprecated! Use `dtype` instead!
",
,,81,0.75,108,16384,32,,,,,,,,,229376,2832,99.99302504010602,65,0.006974959893979449,ncu exit code 9,,,,,,,,,,"==WARNING== Note: Running with unmodified GPU clocks. If not controlled otherwise, profiling results may be inconsistent.
==PROF== Connected to process 844221 (/apps/applications/Miniconda/25.11.1/envs/pytorch_2.9.1_cuda13/bin/python3.14)

==ERROR== An error was reported by the driver:
==ERROR== LaunchFailed
==PROF== Trying to shutdown target application
==ERROR== The application returned an error code (9).
""ID"",""Process ID"",""Process Name"",""Host Name"",""Kernel Name"",""Context"",""Stream"",""Block Size"",""Grid Size"",""Device"",""CC"",""Section Name"",""Metric Name"",""Metric Unit"",""Metric Value""
""0"",""844221"",""python3.14"",""127.0.0.1"",""void at::<unnamed>::distribution_elementwise_grid_stride_kernel<float, 4, void templates::uniform_and_transform<c10::BFloat16, float, at::CUDAGeneratorImpl *, void templates::uniform_kernel<at::CUDAGeneratorImpl *>(at::TensorIteratorBase &, double, double, T1)::[lambda() (instance 1)]::operator ()() const::[lambda() (instance 4)]::operator ()() const::[lambda(float) (insta",,,,,,,"/apps/applications/Miniconda/25.11.1/envs/pytorch_2.9.1_cuda13/lib/python3.14/site-packages/torch/cuda/__init__.py:63: FutureWarning: The pynvml package is deprecated. Please install nvidia-ml-py instead. If you did not install pynvml directly, please report this to the maintainers of the package that installed pynvml for you.
  import pynvml  # type: ignore[import]
[transformers] `torch_dtype` is deprecated! Use `dtype` instead!
",
,,81,0.75,108,16384,64,,,,,,,,,458752,5664,99.99302504010602,49,0.006974959893979449,ncu exit code 9,,,,,,,,,,"==WARNING== Note: Running with unmodified GPU clocks. If not controlled otherwise, profiling results may be inconsistent.
==PROF== Connected to process 844829 (/apps/applications/Miniconda/25.11.1/envs/pytorch_2.9.1_cuda13/bin/python3.14)

==ERROR== An error was reported by the driver:
==ERROR== LaunchFailed
==PROF== Trying to shutdown target application
==ERROR== The application returned an error code (9).
""ID"",""Process ID"",""Process Name"",""Host Name"",""Kernel Name"",""Context"",""Stream"",""Block Size"",""Grid Size"",""Device"",""CC"",""Section Name"",""Metric Name"",""Metric Unit"",""Metric Value""
""0"",""844829"",""python3.14"",""127.0.0.1"",""void at::<unnamed>::distribution_elementwise_grid_stride_kernel<float, 4, void templates::uniform_and_transform<c10::BFloat16, float, at::CUDAGeneratorImpl *, void templates::uniform_kernel<at::CUDAGeneratorImpl *>(at::TensorIteratorBase &, double, double, T1)::[lambda() (instance 1)]::operator ()() const::[lambda() (instance 4)]::operator ()() const::[lambda(float) (insta",,,,,,,"/apps/applications/Miniconda/25.11.1/envs/pytorch_2.9.1_cuda13/lib/python3.14/site-packages/torch/cuda/__init__.py:63: FutureWarning: The pynvml package is deprecated. Please install nvidia-ml-py instead. If you did not install pynvml directly, please report this to the maintainers of the package that installed pynvml for you.
  import pynvml  # type: ignore[import]
[transformers] `torch_dtype` is deprecated! Use `dtype` instead!
",
ssm,zamba2,81,0.75,108,32768,1,ampere_bf16_s16816gemm_bf16_128x256_ldg8_f2f_stages_64x3_tn,815,14336,177,80,99.99302504010602,99.56561884909007,12.438997525615223,14336,177,99.99302504010602,80,0.006974959893979449,,256,14336,"(256, 1, 1)",11973024,ns,"(112, 128, 1)",11973024.0,679,,,1786893958,cycle,1794689752,cycle,14287450486,warp,,14287450486.0
ssm,zamba2,81,0.75,108,32768,4,ampere_bf16_s16816gemm_bf16_128x256_ldg8_f2f_stages_64x3_tn,828,57344,708,77,99.99302504010602,99.6766906721849,12.452872613412898,57344,708,99.99302504010602,77,0.006974959893979449,,256,57344,"(256, 1, 1)",48719232,ns,"(112, 512, 1)",48719232.0,792,,,7146040629,cycle,7169219384,cycle,57137520465,warp,,57137520465.0
,,81,0.75,108,32768,16,,,,,,,,,229376,2832,99.99302504010602,65,0.006974959893979449,ncu exit code 9,,,,,,,,,,"==WARNING== Note: Running with unmodified GPU clocks. If not controlled otherwise, profiling results may be inconsistent.
==PROF== Connected to process 847902 (/apps/applications/Miniconda/25.11.1/envs/pytorch_2.9.1_cuda13/bin/python3.14)

==ERROR== An error was reported by the driver:
==ERROR== LaunchFailed
==PROF== Trying to shutdown target application
==ERROR== The application returned an error code (9).
""ID"",""Process ID"",""Process Name"",""Host Name"",""Kernel Name"",""Context"",""Stream"",""Block Size"",""Grid Size"",""Device"",""CC"",""Section Name"",""Metric Name"",""Metric Unit"",""Metric Value""
""0"",""847902"",""python3.14"",""127.0.0.1"",""void at::<unnamed>::distribution_elementwise_grid_stride_kernel<float, 4, void templates::uniform_and_transform<c10::BFloat16, float, at::CUDAGeneratorImpl *, void templates::uniform_kernel<at::CUDAGeneratorImpl *>(at::TensorIteratorBase &, double, double, T1)::[lambda() (instance 1)]::operator ()() const::[lambda() (instance 4)]::operator ()() const::[lambda(float) (insta",,,,,,,"/apps/applications/Miniconda/25.11.1/envs/pytorch_2.9.1_cuda13/lib/python3.14/site-packages/torch/cuda/__init__.py:63: FutureWarning: The pynvml package is deprecated. Please install nvidia-ml-py instead. If you did not install pynvml directly, please report this to the maintainers of the package that installed pynvml for you.
  import pynvml  # type: ignore[import]
[transformers] `torch_dtype` is deprecated! Use `dtype` instead!
",
,,81,0.75,108,32768,32,,,,,,,,,458752,5664,99.99302504010602,49,0.006974959893979449,ncu exit code 9,,,,,,,,,,"==WARNING== Note: Running with unmodified GPU clocks. If not controlled otherwise, profiling results may be inconsistent.
==PROF== Connected to process 848192 (/apps/applications/Miniconda/25.11.1/envs/pytorch_2.9.1_cuda13/bin/python3.14)

==ERROR== An error was reported by the driver:
==ERROR== LaunchFailed
==PROF== Trying to shutdown target application
==ERROR== The application returned an error code (9).
""ID"",""Process ID"",""Process Name"",""Host Name"",""Kernel Name"",""Context"",""Stream"",""Block Size"",""Grid Size"",""Device"",""CC"",""Section Name"",""Metric Name"",""Metric Unit"",""Metric Value""
""0"",""848192"",""python3.14"",""127.0.0.1"",""void at::<unnamed>::distribution_elementwise_grid_stride_kernel<float, 4, void templates::uniform_and_transform<c10::BFloat16, float, at::CUDAGeneratorImpl *, void templates::uniform_kernel<at::CUDAGeneratorImpl *>(at::TensorIteratorBase &, double, double, T1)::[lambda() (instance 1)]::operator ()() const::[lambda() (instance 4)]::operator ()() const::[lambda(float) (insta",,,,,,,"/apps/applications/Miniconda/25.11.1/envs/pytorch_2.9.1_cuda13/lib/python3.14/site-packages/torch/cuda/__init__.py:63: FutureWarning: The pynvml package is deprecated. Please install nvidia-ml-py instead. If you did not install pynvml directly, please report this to the maintainers of the package that installed pynvml for you.
  import pynvml  # type: ignore[import]
[transformers] `torch_dtype` is deprecated! Use `dtype` instead!
",
,,81,0.75,108,32768,64,,,,,,,,,917504,11328,99.99302504010602,17,0.006974959893979449,ncu exit code 1,,,,,,,,,,"==WARNING== Note: Running with unmodified GPU clocks. If not controlled otherwise, profiling results may be inconsistent.
==PROF== Connected to process 848667 (/apps/applications/Miniconda/25.11.1/envs/pytorch_2.9.1_cuda13/bin/python3.14)
Loading Zamba2 from Zyphra/Zamba2-7B-Instruct …
==PROF== Disconnected from process 848667
==ERROR== The application returned an error code (1).
""ID"",""Process ID"",""Process Name"",""Host Name"",""Kernel Name"",""Context"",""Stream"",""Block Size"",""Grid Size"",""Device"",""CC"",""Section Name"",""Metric Name"",""Metric Unit"",""Metric Value""
""0"",""848667"",""python3.14"",""127.0.0.1"",""void at::<unnamed>::distribution_elementwise_grid_stride_kernel<float, 4, void templates::uniform_and_transform<c10::BFloat16, float, at::CUDAGeneratorImpl *, void templates::uniform_kernel<at::CUDAGeneratorImpl *>(at::TensorIteratorBase &, double, double, T1)::[lambda() (instance 1)]::operator ()() const::[lambda() (instance 4)]::operator ()() const::[lambda(float) (instance 1)]>(at::TensorIteratorB",,,,,,,"/apps/applications/Miniconda/25.11.1/envs/pytorch_2.9.1_cuda13/lib/python3.14/site-packages/torch/cuda/__init__.py:63: FutureWarning: The pynvml package is deprecated. Please install nvidia-ml-py instead. If you did not install pynvml directly, please report this to the maintainers of the package that installed pynvml for you.
  import pynvml  # type: ignore[import]
[transformers] `torch_dtype` is deprecated! Use `dtype` instead!
Traceback (most recent call last):
  File ""/scratch/ehmoon/whlee/prefill-layer-alloc/stage1_sm_scaling/../src/profiling/../../src/models/zamba2.py"", line 251, in forward
    y = mamba_chunk_scan_combined(
        x, dt, A, B, C,
    ...<3 lines>...
        dt_softplus=True,
    )
  File ""/home01/ehmoon/.local/lib/python3.14/site-packages/mamba_ssm/ops/triton/ssd_combined.py"", line 643, in mamba_chunk_scan_combined
    return MambaChunkScanCombinedFn.apply(x, dt, A, B, C, chunk_size, D, z, dt_bias, initial_states, seq_idx, cu_seqlens, dt_softplus, dt_limit, ret",
ssm,zamba2,94,0.8703703703703703,108,256,1,"void at::<unnamed>::distribution_elementwise_grid_stride_kernel<float, 4, void templates::uniform_and_transform<c10::BFloat16, float, at::CUDAGeneratorImpl *, void templates::uniform_kernel<at::CUDAGeneratorImpl *>(at::TensorIteratorBase &, double, double, T1)::[lambda() (instance 1)]::operator ()() const::[lambda() (instance 4)]::operator ()() const::[lambda(float) (instance 1)]>(at::TensorIteratorBase &, T3, T4)::[lambda(curandStatePhilox4_32_10 *) (instance 2)], void at::<unnamed>::distribution_nullary_kernel<c10::BFloat16, float, float4, at::CUDAGeneratorImpl *, void templates::uniform_and_transform<c10::BFloat16, float, at::CUDAGeneratorImpl *, void templates::uniform_kernel<at::CUDAGeneratorImpl *>(at::TensorIteratorBase &, double, double, T1)::[lambda() (instance 1)]::operator ()() const::[lambda() (instance 4)]::operator ()() const::[lambda(float) (instance 1)]>(at::TensorIteratorBase &, T3, T4)::[lambda(curandStatePhilox4_32_10 *) (instance 2)], void templates::uniform_kernel<at::CUDAGeneratorImpl *>(at::TensorIteratorBase &, double, double, T1)::[lambda() (instance 1)]::operator ()() const::[lambda() (instance 4)]::operator ()() const::[lambda(float) (instance 1)]>(at::TensorIteratorBase &, T4, const T5 &, T6)::[lambda(int, float) (instance 1)]>(long, at::PhiloxCudaState, T3, T4)",815,864,10,18,91.91489361702128,98.59089044342775,50.15930837062752,112,2,59.57446808510638,18,40.42553191489362,,256,864,"(256, 1, 1)",153280,ns,"(864, 1, 1)",153280.0,0,,,22994030,cycle,23322672,cycle,748703422,warp,,748703422.0
ssm,zamba2,94,0.8703703703703703,108,256,4,ampere_bf16_s16816gemm_bf16_256x128_ldg8_f2f_stages_64x3_tn,815,448,5,72,95.31914893617022,83.09660695039204,10.381504252770988,448,5,95.31914893617022,72,4.680851063829783,,256,448,"(256, 1, 1)",452576,ns,"(56, 8, 1)",452576.0,6,,,56599203,cycle,68112532,cycle,452550746,warp,,452550746.0
ssm,zamba2,94,0.8703703703703703,108,256,16,ampere_bf16_s16816gemm_bf16_128x256_ldg8_f2f_stages_64x3_tn,815,1792,20,6,95.31914893617022,97.28972996450182,12.154688202894476,1792,20,95.31914893617022,6,4.680851063829783,,256,1792,"(256, 1, 1)",1536160,ns,"(112, 16, 1)",1536160.0,611,,,224358815,cycle,230608940,cycle,1793907048,warp,,1793907048.0
ssm,zamba2,94,0.8703703703703703,108,256,32,ampere_bf16_s16816gemm_bf16_128x256_ldg8_f2f_stages_64x3_tn,815,3584,39,12,97.7632296781233,97.62135535801947,12.19610545124765,3584,39,97.7632296781233,12,2.236770321876702,,256,3584,"(256, 1, 1)",3059008,ns,"(112, 32, 1)",3059008.0,6,,,447618798,cycle,458525490,cycle,3579024146,warp,,3579024146.0
ssm,zamba2,94,0.8703703703703703,108,256,64,ampere_bf16_s16816gemm_bf16_128x256_ldg8_f2f_stages_64x3_tn,815,7168,77,24,99.03288201160542,98.97045231819178,12.364640346810607,7168,77,99.03288201160542,24,0.9671179883945835,,256,7168,"(256, 1, 1)",6028512,ns,"(112, 64, 1)",6028512.0,679,,,893868762,cycle,903167300,cycle,7147096856,warp,,7147096856.0
ssm,zamba2,94,0.8703703703703703,108,512,1,ampere_bf16_s16816gemm_bf16_256x128_ldg8_f2f_stages_64x3_tn,815,224,3,36,79.43262411347519,69.23406714679068,8.649621906905098,224,3,79.43262411347519,36,20.567375886524818,,256,224,"(256, 1, 1)",272960,ns,"(56, 4, 1)",272960.0,6,,,28450736,cycle,41093550,cycle,227483949,warp,,227483949.0
ssm,zamba2,94,0.8703703703703703,108,512,4,ampere_bf16_s16816gemm_bf16_256x128_ldg8_f2f_stages_64x3_tn,815,896,10,50,95.31914893617022,92.11083893709034,11.507658715291544,896,10,95.31914893617022,50,4.680851063829783,,256,896,"(256, 1, 1)",814336,ns,"(56, 16, 1)",814336.0,611,,,112653833,cycle,122302472,cycle,900745669,warp,,900745669.0
ssm,zamba2,94,0.8703703703703703,108,512,16,ampere_bf16_s16816gemm_bf16_128x256_ldg8_f2f_stages_64x3_tn,815,3584,39,12,97.7632296781233,97.59731614319239,12.19310272132948,3584,39,97.7632296781233,12,2.236770321876702,,256,3584,"(256, 1, 1)",3055360,ns,"(112, 32, 1)",3055360.0,696,,,447517024,cycle,458534150,cycle,3578210555,warp,,3578210555.0
ssm,zamba2,94,0.8703703703703703,108,512,32,ampere_bf16_s16816gemm_bf16_128x256_ldg8_f2f_stages_64x3_tn,815,7168,77,24,99.03288201160542,98.97653412705219,12.365404225380544,7168,77,99.03288201160542,24,0.9671179883945835,,256,7168,"(256, 1, 1)",6021792,ns,"(112, 64, 1)",6021792.0,696,,,893899602,cycle,903142962,cycle,7147345791,warp,,7147345791.0
ssm,zamba2,94,0.8703703703703703,108,512,64,ampere_bf16_s16816gemm_bf16_128x256_ldg8_f2f_stages_64x3_tn,815,14336,153,48,99.68015575024336,99.5644905578392,12.438852407022976,14336,153,99.68015575024336,48,0.31984424975664005,,256,14336,"(256, 1, 1)",11969536,ns,"(112, 128, 1)",11969536.0,713,,,1786930102,cycle,1794746392,cycle,14287734706,warp,,14287734706.0
ssm,zamba2,94,0.8703703703703703,108,1024,1,ampere_bf16_s16816gemm_bf16_256x128_ldg8_f2f_stages_64x3_tn,815,448,5,72,95.31914893617022,83.0293786602179,10.373073397766435,448,5,95.31914893617022,72,4.680851063829783,,256,448,"(256, 1, 1)",452064,ns,"(56, 8, 1)",452064.0,6,,,56576843,cycle,68140752,cycle,452370574,warp,,452370574.0
ssm,zamba2,94,0.8703703703703703,108,1024,4,ampere_bf16_s16816gemm_bf16_128x256_ldg8_f2f_stages_64x3_tn,815,1792,20,6,95.31914893617022,97.31520092407021,12.157868308551413,1792,20,95.31914893617022,6,4.680851063829783,,256,1792,"(256, 1, 1)",1534016,ns,"(112, 16, 1)",1534016.0,6,,,224331986,cycle,230521012,cycle,1793692228,warp,,1793692228.0
ssm,zamba2,94,0.8703703703703703,108,1024,16,ampere_bf16_s16816gemm_bf16_128x256_ldg8_f2f_stages_64x3_tn,815,7168,77,24,99.03288201160542,98.9814995092422,12.366025656406556,7168,77,99.03288201160542,24,0.9671179883945835,,256,7168,"(256, 1, 1)",6019424,ns,"(112, 64, 1)",6019424.0,6,,,893935457,cycle,903133880,cycle,7147633108,warp,,7147633108.0
ssm,zamba2,94,0.8703703703703703,108,1024,32,ampere_bf16_s16816gemm_bf16_128x256_ldg8_f2f_stages_64x3_tn,815,14336,153,48,99.68015575024336,99.62623235941066,12.446568033159698,14336,153,99.68015575024336,48,0.31984424975664005,,256,14336,"(256, 1, 1)",11954112,ns,"(112, 128, 1)",11954112.0,628,,,1786892798,cycle,1793596682,cycle,14287438801,warp,,14287438801.0
ssm,zamba2,94,0.8703703703703703,108,1024,64,ampere_bf16_s16816gemm_bf16_128x256_ldg8_f2f_stages_64x3_tn,815,28672,306,2,99.68015575024336,99.68347767536578,12.453719724386081,28672,306,99.68015575024336,2,0.31984424975664005,,256,28672,"(256, 1, 1)",23902528,ns,"(112, 256, 1)",23902528.0,798,,,3573288820,cycle,3584634990,cycle,28570905267,warp,,28570905267.0
ssm,zamba2,94,0.8703703703703703,108,2048,1,ampere_bf16_s16816gemm_bf16_256x128_ldg8_f2f_stages_64x3_tn,815,896,10,50,95.31914893617022,92.08951070144028,11.504993691747053,896,10,95.31914893617022,50,4.680851063829783,,256,896,"(256, 1, 1)",814432,ns,"(56, 16, 1)",814432.0,611,,,112697830,cycle,122378574,cycle,901097422,warp,,901097422.0
ssm,zamba2,94,0.8703703703703703,108,2048,4,ampere_bf16_s16816gemm_bf16_128x256_ldg8_f2f_stages_64x3_tn,815,3584,39,12,97.7632296781233,97.62026624033244,12.195968238508017,3584,39,97.7632296781233,12,2.236770321876702,,256,3584,"(256, 1, 1)",3058080,ns,"(112, 32, 1)",3058080.0,6,,,447547149,cycle,458457210,cycle,3578450926,warp,,3578450926.0
ssm,zamba2,94,0.8703703703703703,108,2048,16,ampere_bf16_s16816gemm_bf16_128x256_ldg8_f2f_stages_64x3_tn,815,14336,153,48,99.68015575024336,99.6711995001589,12.452186465331279,14336,153,99.68015575024336,48,0.31984424975664005,,256,14336,"(256, 1, 1)",13524832,ns,"(112, 128, 1)",13524832.0,679,,,1786918190,cycle,1792812968,cycle,14287642480,warp,,14287642480.0
ssm,zamba2,94,0.8703703703703703,108,2048,32,ampere_bf16_s16816gemm_bf16_128x256_ldg8_f2f_stages_64x3_tn,815,28672,306,2,99.68015575024336,99.67235837888772,12.452334510099153,28672,306,99.68015575024336,2,0.31984424975664005,,256,28672,"(256, 1, 1)",23902816,ns,"(112, 256, 1)",23902816.0,662,,,3573298123,cycle,3585044220,cycle,28570988711,warp,,28570988711.0
ssm,zamba2,94,0.8703703703703703,108,2048,64,ampere_bf16_s16816gemm_bf16_128x256_ldg8_f2f_stages_64x3_tn,828,57344,611,4,99.84329839467911,99.72379174661077,12.458759265462305,57344,611,99.84329839467911,4,0.15670160532088584,,256,57344,"(256, 1, 1)",48799040,ns,"(112, 512, 1)",48799040.0,612,,,7147049078,cycle,7166844494,cycle,57145593756,warp,,57145593756.0
ssm,zamba2,94,0.8703703703703703,108,4096,1,ampere_bf16_s16816gemm_bf16_128x256_ldg8_f2f_stages_64x3_tn,815,1792,20,6,95.31914893617022,97.31100923442989,12.157337988465338,1792,20,95.31914893617022,6,4.680851063829783,,256,1792,"(256, 1, 1)",1535456,ns,"(112, 16, 1)",1535456.0,6,,,224356242,cycle,230555868,cycle,1793885192,warp,,1793885192.0
ssm,zamba2,94,0.8703703703703703,108,4096,4,ampere_bf16_s16816gemm_bf16_128x256_ldg8_f2f_stages_64x3_tn,815,7168,77,24,99.03288201160542,98.97303191220168,12.36496914804234,7168,77,99.03288201160542,24,0.9671179883945835,,256,7168,"(256, 1, 1)",6022464,ns,"(112, 64, 1)",6022464.0,611,,,893777958,cycle,903052014,cycle,7146374587,warp,,7146374587.0
ssm,zamba2,94,0.8703703703703703,108,4096,16,ampere_bf16_s16816gemm_bf16_128x256_ldg8_f2f_stages_64x3_tn,815,28672,306,2,99.68015575024336,99.6545250953113,12.450105346505742,28672,306,99.68015575024336,2,0.31984424975664005,,256,28672,"(256, 1, 1)",23954944,ns,"(112, 256, 1)",23954944.0,781,,,3573529613,cycle,3585918060,cycle,28572836871,warp,,28572836871.0
ssm,zamba2,94,0.8703703703703703,108,4096,32,ampere_bf16_s16816gemm_bf16_128x256_ldg8_f2f_stages_64x3_tn,828,57344,611,4,99.84329839467911,99.68173120332912,12.453504801446332,57344,611,99.84329839467911,4,0.15670160532088584,,256,57344,"(256, 1, 1)",48721088,ns,"(112, 512, 1)",48721088.0,792,,,7147121333,cycle,7169941018,cycle,57146172732,warp,,57146172732.0
,,94,0.8703703703703703,108,4096,64,,,,,,,,,114688,1221,99.92507013783609,8,0.07492986216390829,ncu exit code 9,,,,,,,,,,"==WARNING== Note: Running with unmodified GPU clocks. If not controlled otherwise, profiling results may be inconsistent.
==PROF== Connected to process 883770 (/apps/applications/Miniconda/25.11.1/envs/pytorch_2.9.1_cuda13/bin/python3.14)

==ERROR== An error was reported by the driver:
==ERROR== LaunchFailed
==PROF== Trying to shutdown target application
==ERROR== The application returned an error code (9).
""ID"",""Process ID"",""Process Name"",""Host Name"",""Kernel Name"",""Context"",""Stream"",""Block Size"",""Grid Size"",""Device"",""CC"",""Section Name"",""Metric Name"",""Metric Unit"",""Metric Value""
""0"",""883770"",""python3.14"",""127.0.0.1"",""void at::<unnamed>::distribution_elementwise_grid_stride_kernel<float, 4, void templates::uniform_and_transform<c10::BFloat16, float, at::CUDAGeneratorImpl *, void templates::uniform_kernel<at::CUDAGeneratorImpl *>(at::TensorIteratorBase &, double, double, T1)::[lambda() (instance 1)]::operator ()() const::[lambda() (instance 4)]::operator ()() const::[lambda(float) (insta",,,,,,,"/apps/applications/Miniconda/25.11.1/envs/pytorch_2.9.1_cuda13/lib/python3.14/site-packages/torch/cuda/__init__.py:63: FutureWarning: The pynvml package is deprecated. Please install nvidia-ml-py instead. If you did not install pynvml directly, please report this to the maintainers of the package that installed pynvml for you.
  import pynvml  # type: ignore[import]
[transformers] `torch_dtype` is deprecated! Use `dtype` instead!
",
ssm,zamba2,94,0.8703703703703703,108,8192,1,ampere_bf16_s16816gemm_bf16_128x256_ldg8_f2f_stages_64x3_tn,815,3584,39,12,97.7632296781233,97.63373365506732,12.197646283851217,3584,39,97.7632296781233,12,2.236770321876702,,256,3584,"(256, 1, 1)",3056896,ns,"(112, 32, 1)",3056896.0,6,,,447577547,cycle,458425106,cycle,3578692666,warp,,3578692666.0
ssm,zamba2,94,0.8703703703703703,108,8192,4,ampere_bf16_s16816gemm_bf16_128x256_ldg8_f2f_stages_64x3_tn,815,14336,153,48,99.68015575024336,99.61058565201117,12.444612928183222,14336,153,99.68015575024336,48,0.31984424975664005,,256,14336,"(256, 1, 1)",11955168,ns,"(112, 128, 1)",11955168.0,713,,,1787021989,cycle,1794008114,cycle,14288471404,warp,,14288471404.0
ssm,zamba2,94,0.8703703703703703,108,8192,16,ampere_bf16_s16816gemm_bf16_128x256_ldg8_f2f_stages_64x3_tn,828,57344,611,4,99.84329839467911,99.7084148838199,12.456836432241941,57344,611,99.84329839467911,4,0.15670160532088584,,256,57344,"(256, 1, 1)",48534272,ns,"(112, 512, 1)",48534272.0,702,,,7147107684,cycle,7168008530,cycle,57146054274,warp,,57146054274.0
,,94,0.8703703703703703,108,8192,32,,,,,,,,,114688,1221,99.92507013783609,8,0.07492986216390829,ncu exit code 9,,,,,,,,,,"==WARNING== Note: Running with unmodified GPU clocks. If not controlled otherwise, profiling results may be inconsistent.
==PROF== Connected to process 888898 (/apps/applications/Miniconda/25.11.1/envs/pytorch_2.9.1_cuda13/bin/python3.14)

==ERROR== An error was reported by the driver:
==ERROR== LaunchFailed
==PROF== Trying to shutdown target application
==ERROR== The application returned an error code (9).
""ID"",""Process ID"",""Process Name"",""Host Name"",""Kernel Name"",""Context"",""Stream"",""Block Size"",""Grid Size"",""Device"",""CC"",""Section Name"",""Metric Name"",""Metric Unit"",""Metric Value""
""0"",""888898"",""python3.14"",""127.0.0.1"",""void at::<unnamed>::distribution_elementwise_grid_stride_kernel<float, 4, void templates::uniform_and_transform<c10::BFloat16, float, at::CUDAGeneratorImpl *, void templates::uniform_kernel<at::CUDAGeneratorImpl *>(at::TensorIteratorBase &, double, double, T1)::[lambda() (instance 1)]::operator ()() const::[lambda() (instance 4)]::operator ()() const::[lambda(float) (insta",,,,,,,"/apps/applications/Miniconda/25.11.1/envs/pytorch_2.9.1_cuda13/lib/python3.14/site-packages/torch/cuda/__init__.py:63: FutureWarning: The pynvml package is deprecated. Please install nvidia-ml-py instead. If you did not install pynvml directly, please report this to the maintainers of the package that installed pynvml for you.
  import pynvml  # type: ignore[import]
[transformers] `torch_dtype` is deprecated! Use `dtype` instead!
",
,,94,0.8703703703703703,108,8192,64,,,,,,,,,229376,2441,99.966006258335,16,0.033993741664994914,ncu exit code 9,,,,,,,,,,"==WARNING== Note: Running with unmodified GPU clocks. If not controlled otherwise, profiling results may be inconsistent.
==PROF== Connected to process 889189 (/apps/applications/Miniconda/25.11.1/envs/pytorch_2.9.1_cuda13/bin/python3.14)

==ERROR== An error was reported by the driver:
==ERROR== LaunchFailed
==PROF== Trying to shutdown target application
==ERROR== The application returned an error code (9).
""ID"",""Process ID"",""Process Name"",""Host Name"",""Kernel Name"",""Context"",""Stream"",""Block Size"",""Grid Size"",""Device"",""CC"",""Section Name"",""Metric Name"",""Metric Unit"",""Metric Value""
""0"",""889189"",""python3.14"",""127.0.0.1"",""void at::<unnamed>::distribution_elementwise_grid_stride_kernel<float, 4, void templates::uniform_and_transform<c10::BFloat16, float, at::CUDAGeneratorImpl *, void templates::uniform_kernel<at::CUDAGeneratorImpl *>(at::TensorIteratorBase &, double, double, T1)::[lambda() (instance 1)]::operator ()() const::[lambda() (instance 4)]::operator ()() const::[lambda(float) (insta",,,,,,,"/apps/applications/Miniconda/25.11.1/envs/pytorch_2.9.1_cuda13/lib/python3.14/site-packages/torch/cuda/__init__.py:63: FutureWarning: The pynvml package is deprecated. Please install nvidia-ml-py instead. If you did not install pynvml directly, please report this to the maintainers of the package that installed pynvml for you.
  import pynvml  # type: ignore[import]
[transformers] `torch_dtype` is deprecated! Use `dtype` instead!
",
ssm,zamba2,94,0.8703703703703703,108,16384,1,ampere_bf16_s16816gemm_bf16_128x256_ldg8_f2f_stages_64x3_tn,815,7168,77,24,99.03288201160542,98.96740735686846,12.364257852838694,7168,77,99.03288201160542,24,0.9671179883945835,,256,7168,"(256, 1, 1)",6019968,ns,"(112, 64, 1)",6019968.0,713,,,893770040,cycle,903095336,cycle,7146306304,warp,,7146306304.0
ssm,zamba2,94,0.8703703703703703,108,16384,4,ampere_bf16_s16816gemm_bf16_128x256_ldg8_f2f_stages_64x3_tn,815,28672,306,2,99.68015575024336,99.69487891062977,12.45514700868026,28672,306,99.68015575024336,2,0.31984424975664005,,256,28672,"(256, 1, 1)",23888448,ns,"(112, 256, 1)",23888448.0,6,,,3573469014,cycle,3584405792,cycle,28572352690,warp,,28572352690.0
,,94,0.8703703703703703,108,16384,16,,,,,,,,,114688,1221,99.92507013783609,8,0.07492986216390829,ncu exit code 9,,,,,,,,,,"==WARNING== Note: Running with unmodified GPU clocks. If not controlled otherwise, profiling results may be inconsistent.
==PROF== Connected to process 892242 (/apps/applications/Miniconda/25.11.1/envs/pytorch_2.9.1_cuda13/bin/python3.14)

==ERROR== An error was reported by the driver:
==ERROR== LaunchFailed
==PROF== Trying to shutdown target application
==ERROR== The application returned an error code (9).
""ID"",""Process ID"",""Process Name"",""Host Name"",""Kernel Name"",""Context"",""Stream"",""Block Size"",""Grid Size"",""Device"",""CC"",""Section Name"",""Metric Name"",""Metric Unit"",""Metric Value""
""0"",""892242"",""python3.14"",""127.0.0.1"",""void at::<unnamed>::distribution_elementwise_grid_stride_kernel<float, 4, void templates::uniform_and_transform<c10::BFloat16, float, at::CUDAGeneratorImpl *, void templates::uniform_kernel<at::CUDAGeneratorImpl *>(at::TensorIteratorBase &, double, double, T1)::[lambda() (instance 1)]::operator ()() const::[lambda() (instance 4)]::operator ()() const::[lambda(float) (insta",,,,,,,"/apps/applications/Miniconda/25.11.1/envs/pytorch_2.9.1_cuda13/lib/python3.14/site-packages/torch/cuda/__init__.py:63: FutureWarning: The pynvml package is deprecated. Please install nvidia-ml-py instead. If you did not install pynvml directly, please report this to the maintainers of the package that installed pynvml for you.
  import pynvml  # type: ignore[import]
[transformers] `torch_dtype` is deprecated! Use `dtype` instead!
",
,,94,0.8703703703703703,108,16384,32,,,,,,,,,229376,2441,99.966006258335,16,0.033993741664994914,ncu exit code 9,,,,,,,,,,"==WARNING== Note: Running with unmodified GPU clocks. If not controlled otherwise, profiling results may be inconsistent.
==PROF== Connected to process 892532 (/apps/applications/Miniconda/25.11.1/envs/pytorch_2.9.1_cuda13/bin/python3.14)

==ERROR== An error was reported by the driver:
==ERROR== LaunchFailed
==PROF== Trying to shutdown target application
==ERROR== The application returned an error code (9).
""ID"",""Process ID"",""Process Name"",""Host Name"",""Kernel Name"",""Context"",""Stream"",""Block Size"",""Grid Size"",""Device"",""CC"",""Section Name"",""Metric Name"",""Metric Unit"",""Metric Value""
""0"",""892532"",""python3.14"",""127.0.0.1"",""void at::<unnamed>::distribution_elementwise_grid_stride_kernel<float, 4, void templates::uniform_and_transform<c10::BFloat16, float, at::CUDAGeneratorImpl *, void templates::uniform_kernel<at::CUDAGeneratorImpl *>(at::TensorIteratorBase &, double, double, T1)::[lambda() (instance 1)]::operator ()() const::[lambda() (instance 4)]::operator ()() const::[lambda(float) (insta",,,,,,,"/apps/applications/Miniconda/25.11.1/envs/pytorch_2.9.1_cuda13/lib/python3.14/site-packages/torch/cuda/__init__.py:63: FutureWarning: The pynvml package is deprecated. Please install nvidia-ml-py instead. If you did not install pynvml directly, please report this to the maintainers of the package that installed pynvml for you.
  import pynvml  # type: ignore[import]
[transformers] `torch_dtype` is deprecated! Use `dtype` instead!
",
,,94,0.8703703703703703,108,16384,64,,,,,,,,,458752,4881,99.98648689883046,32,0.013513101169537745,ncu exit code 9,,,,,,,,,,"==WARNING== Note: Running with unmodified GPU clocks. If not controlled otherwise, profiling results may be inconsistent.
==PROF== Connected to process 893194 (/apps/applications/Miniconda/25.11.1/envs/pytorch_2.9.1_cuda13/bin/python3.14)

==ERROR== An error was reported by the driver:
==ERROR== LaunchFailed
==PROF== Trying to shutdown target application
==ERROR== The application returned an error code (9).
""ID"",""Process ID"",""Process Name"",""Host Name"",""Kernel Name"",""Context"",""Stream"",""Block Size"",""Grid Size"",""Device"",""CC"",""Section Name"",""Metric Name"",""Metric Unit"",""Metric Value""
""0"",""893194"",""python3.14"",""127.0.0.1"",""void at::<unnamed>::distribution_elementwise_grid_stride_kernel<float, 4, void templates::uniform_and_transform<c10::BFloat16, float, at::CUDAGeneratorImpl *, void templates::uniform_kernel<at::CUDAGeneratorImpl *>(at::TensorIteratorBase &, double, double, T1)::[lambda() (instance 1)]::operator ()() const::[lambda() (instance 4)]::operator ()() const::[lambda(float) (insta",,,,,,,"/apps/applications/Miniconda/25.11.1/envs/pytorch_2.9.1_cuda13/lib/python3.14/site-packages/torch/cuda/__init__.py:63: FutureWarning: The pynvml package is deprecated. Please install nvidia-ml-py instead. If you did not install pynvml directly, please report this to the maintainers of the package that installed pynvml for you.
  import pynvml  # type: ignore[import]
[transformers] `torch_dtype` is deprecated! Use `dtype` instead!
",
ssm,zamba2,94,0.8703703703703703,108,32768,1,ampere_bf16_s16816gemm_bf16_128x256_ldg8_f2f_stages_64x3_tn,815,14336,153,48,99.68015575024336,99.60159897536312,12.443491676065229,14336,153,99.68015575024336,48,0.31984424975664005,,256,14336,"(256, 1, 1)",11957824,ns,"(112, 128, 1)",11957824.0,781,,,1786917841,cycle,1794065416,cycle,14287640365,warp,,14287640365.0
ssm,zamba2,94,0.8703703703703703,108,32768,4,ampere_bf16_s16816gemm_bf16_128x256_ldg8_f2f_stages_64x3_tn,828,57344,611,4,99.84329839467911,99.73797731932018,12.460530705426365,57344,611,99.84329839467911,4,0.15670160532088584,,256,57344,"(256, 1, 1)",48575936,ns,"(112, 512, 1)",48575936.0,810,,,7148543423,cycle,7167323436,cycle,57157538400,warp,,57157538400.0
,,94,0.8703703703703703,108,32768,16,,,,,,,,,229376,2441,99.966006258335,16,0.033993741664994914,ncu exit code 9,,,,,,,,,,"==WARNING== Note: Running with unmodified GPU clocks. If not controlled otherwise, profiling results may be inconsistent.
==PROF== Connected to process 897266 (/apps/applications/Miniconda/25.11.1/envs/pytorch_2.9.1_cuda13/bin/python3.14)

==ERROR== An error was reported by the driver:
==ERROR== LaunchFailed
==PROF== Trying to shutdown target application
==ERROR== The application returned an error code (9).
""ID"",""Process ID"",""Process Name"",""Host Name"",""Kernel Name"",""Context"",""Stream"",""Block Size"",""Grid Size"",""Device"",""CC"",""Section Name"",""Metric Name"",""Metric Unit"",""Metric Value""
""0"",""897266"",""python3.14"",""127.0.0.1"",""void at::<unnamed>::distribution_elementwise_grid_stride_kernel<float, 4, void templates::uniform_and_transform<c10::BFloat16, float, at::CUDAGeneratorImpl *, void templates::uniform_kernel<at::CUDAGeneratorImpl *>(at::TensorIteratorBase &, double, double, T1)::[lambda() (instance 1)]::operator ()() const::[lambda() (instance 4)]::operator ()() const::[lambda(float) (insta",,,,,,,"/apps/applications/Miniconda/25.11.1/envs/pytorch_2.9.1_cuda13/lib/python3.14/site-packages/torch/cuda/__init__.py:63: FutureWarning: The pynvml package is deprecated. Please install nvidia-ml-py instead. If you did not install pynvml directly, please report this to the maintainers of the package that installed pynvml for you.
  import pynvml  # type: ignore[import]
[transformers] `torch_dtype` is deprecated! Use `dtype` instead!
",
,,94,0.8703703703703703,108,32768,32,,,,,,,,,458752,4881,99.98648689883046,32,0.013513101169537745,ncu exit code 9,,,,,,,,,,"==WARNING== Note: Running with unmodified GPU clocks. If not controlled otherwise, profiling results may be inconsistent.
==PROF== Connected to process 897557 (/apps/applications/Miniconda/25.11.1/envs/pytorch_2.9.1_cuda13/bin/python3.14)

==ERROR== An error was reported by the driver:
==ERROR== LaunchFailed
==PROF== Trying to shutdown target application
==ERROR== The application returned an error code (9).
""ID"",""Process ID"",""Process Name"",""Host Name"",""Kernel Name"",""Context"",""Stream"",""Block Size"",""Grid Size"",""Device"",""CC"",""Section Name"",""Metric Name"",""Metric Unit"",""Metric Value""
""0"",""897557"",""python3.14"",""127.0.0.1"",""void at::<unnamed>::distribution_elementwise_grid_stride_kernel<float, 4, void templates::uniform_and_transform<c10::BFloat16, float, at::CUDAGeneratorImpl *, void templates::uniform_kernel<at::CUDAGeneratorImpl *>(at::TensorIteratorBase &, double, double, T1)::[lambda() (instance 1)]::operator ()() const::[lambda() (instance 4)]::operator ()() const::[lambda(float) (insta",,,,,,,"/apps/applications/Miniconda/25.11.1/envs/pytorch_2.9.1_cuda13/lib/python3.14/site-packages/torch/cuda/__init__.py:63: FutureWarning: The pynvml package is deprecated. Please install nvidia-ml-py instead. If you did not install pynvml directly, please report this to the maintainers of the package that installed pynvml for you.
  import pynvml  # type: ignore[import]
[transformers] `torch_dtype` is deprecated! Use `dtype` instead!
",
,,94,0.8703703703703703,108,32768,64,,,,,,,,,917504,9761,99.99673036639514,64,0.003269633604863209,ncu exit code 1,,,,,,,,,,"==WARNING== Note: Running with unmodified GPU clocks. If not controlled otherwise, profiling results may be inconsistent.
==PROF== Connected to process 897851 (/apps/applications/Miniconda/25.11.1/envs/pytorch_2.9.1_cuda13/bin/python3.14)
Loading Zamba2 from Zyphra/Zamba2-7B-Instruct …
==PROF== Disconnected from process 897851
==ERROR== The application returned an error code (1).
""ID"",""Process ID"",""Process Name"",""Host Name"",""Kernel Name"",""Context"",""Stream"",""Block Size"",""Grid Size"",""Device"",""CC"",""Section Name"",""Metric Name"",""Metric Unit"",""Metric Value""
""0"",""897851"",""python3.14"",""127.0.0.1"",""void at::<unnamed>::distribution_elementwise_grid_stride_kernel<float, 4, void templates::uniform_and_transform<c10::BFloat16, float, at::CUDAGeneratorImpl *, void templates::uniform_kernel<at::CUDAGeneratorImpl *>(at::TensorIteratorBase &, double, double, T1)::[lambda() (instance 1)]::operator ()() const::[lambda() (instance 4)]::operator ()() const::[lambda(float) (instance 1)]>(at::TensorIteratorB",,,,,,,"/apps/applications/Miniconda/25.11.1/envs/pytorch_2.9.1_cuda13/lib/python3.14/site-packages/torch/cuda/__init__.py:63: FutureWarning: The pynvml package is deprecated. Please install nvidia-ml-py instead. If you did not install pynvml directly, please report this to the maintainers of the package that installed pynvml for you.
  import pynvml  # type: ignore[import]
[transformers] `torch_dtype` is deprecated! Use `dtype` instead!
Traceback (most recent call last):
  File ""/scratch/ehmoon/whlee/prefill-layer-alloc/stage1_sm_scaling/../src/profiling/../../src/models/zamba2.py"", line 251, in forward
    y = mamba_chunk_scan_combined(
        x, dt, A, B, C,
    ...<3 lines>...
        dt_softplus=True,
    )
  File ""/home01/ehmoon/.local/lib/python3.14/site-packages/mamba_ssm/ops/triton/ssd_combined.py"", line 643, in mamba_chunk_scan_combined
    return MambaChunkScanCombinedFn.apply(x, dt, A, B, C, chunk_size, D, z, dt_bias, initial_states, seq_idx, cu_seqlens, dt_softplus, dt_limit, ret",
ssm,zamba2,108,1.0,108,256,1,"void at::<unnamed>::distribution_elementwise_grid_stride_kernel<float, 4, void templates::uniform_and_transform<c10::BFloat16, float, at::CUDAGeneratorImpl *, void templates::uniform_kernel<at::CUDAGeneratorImpl *>(at::TensorIteratorBase &, double, double, T1)::[lambda() (instance 1)]::operator ()() const::[lambda() (instance 4)]::operator ()() const::[lambda(float) (instance 1)]>(at::TensorIteratorBase &, T3, T4)::[lambda(curandStatePhilox4_32_10 *) (instance 2)], void at::<unnamed>::distribution_nullary_kernel<c10::BFloat16, float, float4, at::CUDAGeneratorImpl *, void templates::uniform_and_transform<c10::BFloat16, float, at::CUDAGeneratorImpl *, void templates::uniform_kernel<at::CUDAGeneratorImpl *>(at::TensorIteratorBase &, double, double, T1)::[lambda() (instance 1)]::operator ()() const::[lambda() (instance 4)]::operator ()() const::[lambda(float) (instance 1)]>(at::TensorIteratorBase &, T3, T4)::[lambda(curandStatePhilox4_32_10 *) (instance 2)], void templates::uniform_kernel<at::CUDAGeneratorImpl *>(at::TensorIteratorBase &, double, double, T1)::[lambda() (instance 1)]::operator ()() const::[lambda() (instance 4)]::operator ()() const::[lambda(float) (instance 1)]>(at::TensorIteratorBase &, T4, const T5 &, T6)::[lambda(int, float) (instance 1)]>(long, at::PhiloxCudaState, T3, T4)",815,864,8,108,100.0,98.58939611789462,50.154769128556175,112,2,51.85185185185185,4,48.14814814814815,,256,864,"(256, 1, 1)",153312,ns,"(864, 1, 1)",153312.0,0,,,22992597,cycle,23321572,cycle,748600358,warp,,748600358.0
ssm,zamba2,108,1.0,108,256,4,ampere_bf16_s16816gemm_bf16_256x128_ldg8_f2f_stages_64x3_tn,815,448,5,16,82.96296296296296,83.1258470456153,10.385118253712612,448,5,82.96296296296296,16,17.037037037037038,,256,448,"(256, 1, 1)",452448,ns,"(56, 8, 1)",452448.0,6,,,56614780,cycle,68107312,cycle,452673593,warp,,452673593.0
ssm,zamba2,108,1.0,108,256,16,ampere_bf16_s16816gemm_bf16_128x256_ldg8_f2f_stages_64x3_tn,815,1792,17,64,97.60348583877996,97.33824358824187,12.160747125597105,1792,17,97.60348583877996,64,2.3965141612200425,,256,1792,"(256, 1, 1)",1534240,ns,"(112, 16, 1)",1534240.0,611,,,224385184,cycle,230521094,cycle,1794117588,warp,,1794117588.0
ssm,zamba2,108,1.0,108,256,32,ampere_bf16_s16816gemm_bf16_128x256_ldg8_f2f_stages_64x3_tn,815,3584,34,20,97.60348583877996,97.51754038836128,12.183135422904817,3584,34,97.60348583877996,20,2.3965141612200425,,256,3584,"(256, 1, 1)",3087584,ns,"(112, 32, 1)",3087584.0,6,,,447608943,cycle,459003520,cycle,3578945308,warp,,3578945308.0
ssm,zamba2,108,1.0,108,256,64,ampere_bf16_s16816gemm_bf16_128x256_ldg8_f2f_stages_64x3_tn,815,7168,67,40,99.06025428413488,98.96295544056606,12.363687028086071,7168,67,99.06025428413488,40,0.9397457158651146,,256,7168,"(256, 1, 1)",6899168,ns,"(112, 64, 1)",6899168.0,6,,,893891008,cycle,903258198,cycle,7147265066,warp,,7147265066.0
ssm,zamba2,108,1.0,108,512,1,ampere_bf16_s16816gemm_bf16_256x128_ldg8_f2f_stages_64x3_tn,815,224,3,8,69.1358024691358,69.22880500241962,8.648958757800457,224,3,69.1358024691358,8,30.864197530864203,,256,224,"(256, 1, 1)",272352,ns,"(56, 4, 1)",272352.0,6,,,28439830,cycle,41080920,cycle,227396597,warp,,227396597.0
ssm,zamba2,108,1.0,108,512,4,ampere_bf16_s16816gemm_bf16_256x128_ldg8_f2f_stages_64x3_tn,815,896,9,32,92.18106995884774,92.09070214746802,11.50513419719099,896,9,92.18106995884774,32,7.818930041152261,,256,896,"(256, 1, 1)",813056,ns,"(56, 16, 1)",813056.0,611,,,112637847,cycle,122311856,cycle,900617163,warp,,900617163.0
ssm,zamba2,108,1.0,108,512,16,ampere_bf16_s16816gemm_bf16_128x256_ldg8_f2f_stages_64x3_tn,815,3584,34,20,97.60348583877996,97.5832419363529,12.19134171700342,3584,34,97.60348583877996,20,2.3965141612200425,,256,3584,"(256, 1, 1)",3056768,ns,"(112, 32, 1)",3056768.0,645,,,447529326,cycle,458612890,cycle,3578308133,warp,,3578308133.0
ssm,zamba2,108,1.0,108,512,32,ampere_bf16_s16816gemm_bf16_128x256_ldg8_f2f_stages_64x3_tn,815,7168,67,40,99.06025428413488,98.99677562798036,12.367928848452047,7168,67,99.06025428413488,40,0.9397457158651146,,256,7168,"(256, 1, 1)",6021696,ns,"(112, 64, 1)",6021696.0,6,,,893868446,cycle,902926828,cycle,7147094249,warp,,7147094249.0
ssm,zamba2,108,1.0,108,512,64,ampere_bf16_s16816gemm_bf16_128x256_ldg8_f2f_stages_64x3_tn,815,14336,133,80,99.80506822612085,99.60730040063174,12.44420222672886,14336,133,99.80506822612085,80,0.19493177387914784,,256,14336,"(256, 1, 1)",11964000,ns,"(112, 128, 1)",11964000.0,747,,,1786897946,cycle,1793942752,cycle,14287479289,warp,,14287479289.0
ssm,zamba2,108,1.0,108,1024,1,ampere_bf16_s16816gemm_bf16_256x128_ldg8_f2f_stages_64x3_tn,815,448,5,16,82.96296296296296,83.1032522020577,10.38231487552757,448,5,82.96296296296296,16,17.037037037037038,,256,448,"(256, 1, 1)",452352,ns,"(56, 8, 1)",452352.0,6,,,56589492,cycle,68095400,cycle,452472246,warp,,452472246.0
ssm,zamba2,108,1.0,108,1024,4,ampere_bf16_s16816gemm_bf16_128x256_ldg8_f2f_stages_64x3_tn,815,1792,17,64,97.60348583877996,97.31074910513583,12.157309530289838,1792,17,97.60348583877996,64,2.3965141612200425,,256,1792,"(256, 1, 1)",1535040,ns,"(112, 16, 1)",1535040.0,628,,,224351635,cycle,230551750,cycle,1793848952,warp,,1793848952.0
ssm,zamba2,108,1.0,108,1024,16,ampere_bf16_s16816gemm_bf16_128x256_ldg8_f2f_stages_64x3_tn,815,7168,67,40,99.06025428413488,98.9444254894255,12.361392096783717,7168,67,99.06025428413488,40,0.9397457158651146,,256,7168,"(256, 1, 1)",6652128,ns,"(112, 64, 1)",6652128.0,6,,,893918013,cycle,903454650,cycle,7147492589,warp,,7147492589.0
ssm,zamba2,108,1.0,108,1024,32,ampere_bf16_s16816gemm_bf16_128x256_ldg8_f2f_stages_64x3_tn,815,14336,133,80,99.80506822612085,99.55125606626108,12.43720271056169,14336,133,99.80506822612085,80,0.19493177387914784,,256,14336,"(256, 1, 1)",11971296,ns,"(112, 128, 1)",11971296.0,628,,,1786963324,cycle,1795018360,cycle,14288004616,warp,,14288004616.0
ssm,zamba2,108,1.0,108,1024,64,ampere_bf16_s16816gemm_bf16_128x256_ldg8_f2f_stages_64x3_tn,815,28672,266,52,99.80506822612085,99.71940566936014,12.458208152992125,28672,266,99.80506822612085,52,0.19493177387914784,,256,28672,"(256, 1, 1)",26387968,ns,"(112, 256, 1)",26387968.0,611,,,3573840860,cycle,3583897072,cycle,28575318862,warp,,28575318862.0
ssm,zamba2,108,1.0,108,2048,1,ampere_bf16_s16816gemm_bf16_256x128_ldg8_f2f_stages_64x3_tn,815,896,9,32,92.18106995884774,92.05504876191158,11.500685031973438,896,9,92.18106995884774,32,7.818930041152261,,256,896,"(256, 1, 1)",813568,ns,"(56, 16, 1)",813568.0,611,,,112681459,cycle,122406604,cycle,900966271,warp,,900966271.0
ssm,zamba2,108,1.0,108,2048,4,ampere_bf16_s16816gemm_bf16_128x256_ldg8_f2f_stages_64x3_tn,815,3584,34,20,97.60348583877996,97.62215276860312,12.196200249362965,3584,34,97.60348583877996,20,2.3965141612200425,,256,3584,"(256, 1, 1)",3058560,ns,"(112, 32, 1)",3058560.0,6,,,447562651,cycle,458464230,cycle,3578573796,warp,,3578573796.0
ssm,zamba2,108,1.0,108,2048,16,ampere_bf16_s16816gemm_bf16_128x256_ldg8_f2f_stages_64x3_tn,815,14336,133,80,99.80506822612085,99.60531975057738,12.443957278519024,14336,133,99.80506822612085,80,0.19493177387914784,,256,14336,"(256, 1, 1)",11952192,ns,"(112, 128, 1)",11952192.0,798,,,1786916490,cycle,1793997042,cycle,14287630431,warp,,14287630431.0
ssm,zamba2,108,1.0,108,2048,32,ampere_bf16_s16816gemm_bf16_128x256_ldg8_f2f_stages_64x3_tn,815,28672,266,52,99.80506822612085,99.67716231565652,12.452930864420942,28672,266,99.80506822612085,52,0.19493177387914784,,256,28672,"(256, 1, 1)",23952640,ns,"(112, 256, 1)",23952640.0,645,,,3573082323,cycle,3584654940,cycle,28569254490,warp,,28569254490.0
ssm,zamba2,108,1.0,108,2048,64,ampere_bf16_s16816gemm_bf16_128x256_ldg8_f2f_stages_64x3_tn,828,57344,531,104,99.99302504010602,99.7531885936889,12.462431376316628,57344,531,99.99302504010602,104,0.006974959893979449,,256,57344,"(256, 1, 1)",48819360,ns,"(112, 512, 1)",48819360.0,774,,,7145918245,cycle,7163598824,cycle,57136549601,warp,,57136549601.0
ssm,zamba2,108,1.0,108,4096,1,ampere_bf16_s16816gemm_bf16_128x256_ldg8_f2f_stages_64x3_tn,815,1792,17,64,97.60348583877996,97.30764781639621,12.156918230405225,1792,17,97.60348583877996,64,2.3965141612200425,,256,1792,"(256, 1, 1)",1535584,ns,"(112, 16, 1)",1535584.0,6,,,224364505,cycle,230572324,cycle,1793951289,warp,,1793951289.0
ssm,zamba2,108,1.0,108,4096,4,ampere_bf16_s16816gemm_bf16_128x256_ldg8_f2f_stages_64x3_tn,815,7168,67,40,99.06025428413488,98.96150132976109,12.363525068054857,7168,67,99.06025428413488,40,0.9397457158651146,,256,7168,"(256, 1, 1)",6022784,ns,"(112, 64, 1)",6022784.0,764,,,893860304,cycle,903240444,cycle,7147030958,warp,,7147030958.0
ssm,zamba2,108,1.0,108,4096,16,ampere_bf16_s16816gemm_bf16_128x256_ldg8_f2f_stages_64x3_tn,815,28672,266,52,99.80506822612085,99.67457296679079,12.452607433016723,28672,266,99.80506822612085,52,0.19493177387914784,,256,28672,"(256, 1, 1)",23775904,ns,"(112, 256, 1)",23775904.0,798,,,3573183929,cycle,3584850000,cycle,28570067044,warp,,28570067044.0
ssm,zamba2,108,1.0,108,4096,32,ampere_bf16_s16816gemm_bf16_128x256_ldg8_f2f_stages_64x3_tn,828,57344,531,104,99.99302504010602,99.7153049251425,12.457696336940765,57344,531,99.99302504010602,104,0.006974959893979449,,256,57344,"(256, 1, 1)",48277920,ns,"(112, 512, 1)",48277920.0,810,,,7147357699,cycle,7167763970,cycle,57148049250,warp,,57148049250.0
,,108,1.0,108,4096,64,,,,,,,,,114688,1062,99.99302504010602,100,0.006974959893979449,ncu exit code 9,,,,,,,,,,"==WARNING== Note: Running with unmodified GPU clocks. If not controlled otherwise, profiling results may be inconsistent.
==PROF== Connected to process 932303 (/apps/applications/Miniconda/25.11.1/envs/pytorch_2.9.1_cuda13/bin/python3.14)

==ERROR== An error was reported by the driver:
==ERROR== LaunchFailed
==PROF== Trying to shutdown target application
==ERROR== The application returned an error code (9).
""ID"",""Process ID"",""Process Name"",""Host Name"",""Kernel Name"",""Context"",""Stream"",""Block Size"",""Grid Size"",""Device"",""CC"",""Section Name"",""Metric Name"",""Metric Unit"",""Metric Value""
""0"",""932303"",""python3.14"",""127.0.0.1"",""void at::<unnamed>::distribution_elementwise_grid_stride_kernel<float, 4, void templates::uniform_and_transform<c10::BFloat16, float, at::CUDAGeneratorImpl *, void templates::uniform_kernel<at::CUDAGeneratorImpl *>(at::TensorIteratorBase &, double, double, T1)::[lambda() (instance 1)]::operator ()() const::[lambda() (instance 4)]::operator ()() const::[lambda(float) (insta",,,,,,,"/apps/applications/Miniconda/25.11.1/envs/pytorch_2.9.1_cuda13/lib/python3.14/site-packages/torch/cuda/__init__.py:63: FutureWarning: The pynvml package is deprecated. Please install nvidia-ml-py instead. If you did not install pynvml directly, please report this to the maintainers of the package that installed pynvml for you.
  import pynvml  # type: ignore[import]
[transformers] `torch_dtype` is deprecated! Use `dtype` instead!
",
ssm,zamba2,108,1.0,108,8192,1,ampere_bf16_s16816gemm_bf16_128x256_ldg8_f2f_stages_64x3_tn,815,3584,34,20,97.60348583877996,97.61637043257619,12.19548772586153,3584,34,97.60348583877996,20,2.3965141612200425,,256,3584,"(256, 1, 1)",3058432,ns,"(112, 32, 1)",3058432.0,6,,,447593805,cycle,458523302,cycle,3578825793,warp,,3578825793.0
ssm,zamba2,108,1.0,108,8192,4,ampere_bf16_s16816gemm_bf16_128x256_ldg8_f2f_stages_64x3_tn,815,14336,133,80,99.80506822612085,99.61403505239336,12.445048217568004,14336,133,99.80506822612085,80,0.19493177387914784,,256,14336,"(256, 1, 1)",11955968,ns,"(112, 128, 1)",11955968.0,764,,,1786898181,cycle,1793821704,cycle,14287486464,warp,,14287486464.0
ssm,zamba2,108,1.0,108,8192,16,ampere_bf16_s16816gemm_bf16_128x256_ldg8_f2f_stages_64x3_tn,828,57344,531,104,99.99302504010602,99.7633284364914,12.463694772441947,57344,531,99.99302504010602,104,0.006974959893979449,,256,57344,"(256, 1, 1)",48187488,ns,"(112, 512, 1)",48187488.0,648,,,7146569026,cycle,7163523048,cycle,57141737450,warp,,57141737450.0
,,108,1.0,108,8192,32,,,,,,,,,114688,1062,99.99302504010602,100,0.006974959893979449,ncu exit code 9,,,,,,,,,,"==WARNING== Note: Running with unmodified GPU clocks. If not controlled otherwise, profiling results may be inconsistent.
==PROF== Connected to process 937036 (/apps/applications/Miniconda/25.11.1/envs/pytorch_2.9.1_cuda13/bin/python3.14)

==ERROR== An error was reported by the driver:
==ERROR== LaunchFailed
==PROF== Trying to shutdown target application
==ERROR== The application returned an error code (9).
""ID"",""Process ID"",""Process Name"",""Host Name"",""Kernel Name"",""Context"",""Stream"",""Block Size"",""Grid Size"",""Device"",""CC"",""Section Name"",""Metric Name"",""Metric Unit"",""Metric Value""
""0"",""937036"",""python3.14"",""127.0.0.1"",""void at::<unnamed>::distribution_elementwise_grid_stride_kernel<float, 4, void templates::uniform_and_transform<c10::BFloat16, float, at::CUDAGeneratorImpl *, void templates::uniform_kernel<at::CUDAGeneratorImpl *>(at::TensorIteratorBase &, double, double, T1)::[lambda() (instance 1)]::operator ()() const::[lambda() (instance 4)]::operator ()() const::[lambda(float) (insta",,,,,,,"/apps/applications/Miniconda/25.11.1/envs/pytorch_2.9.1_cuda13/lib/python3.14/site-packages/torch/cuda/__init__.py:63: FutureWarning: The pynvml package is deprecated. Please install nvidia-ml-py instead. If you did not install pynvml directly, please report this to the maintainers of the package that installed pynvml for you.
  import pynvml  # type: ignore[import]
[transformers] `torch_dtype` is deprecated! Use `dtype` instead!
",
,,108,1.0,108,8192,64,,,,,,,,,229376,2124,99.99302504010602,92,0.006974959893979449,ncu exit code 9,,,,,,,,,,"==WARNING== Note: Running with unmodified GPU clocks. If not controlled otherwise, profiling results may be inconsistent.
==PROF== Connected to process 937699 (/apps/applications/Miniconda/25.11.1/envs/pytorch_2.9.1_cuda13/bin/python3.14)

==ERROR== An error was reported by the driver:
==ERROR== LaunchFailed
==PROF== Trying to shutdown target application
==ERROR== The application returned an error code (9).
""ID"",""Process ID"",""Process Name"",""Host Name"",""Kernel Name"",""Context"",""Stream"",""Block Size"",""Grid Size"",""Device"",""CC"",""Section Name"",""Metric Name"",""Metric Unit"",""Metric Value""
""0"",""937699"",""python3.14"",""127.0.0.1"",""void at::<unnamed>::distribution_elementwise_grid_stride_kernel<float, 4, void templates::uniform_and_transform<c10::BFloat16, float, at::CUDAGeneratorImpl *, void templates::uniform_kernel<at::CUDAGeneratorImpl *>(at::TensorIteratorBase &, double, double, T1)::[lambda() (instance 1)]::operator ()() const::[lambda() (instance 4)]::operator ()() const::[lambda(float) (insta",,,,,,,"/apps/applications/Miniconda/25.11.1/envs/pytorch_2.9.1_cuda13/lib/python3.14/site-packages/torch/cuda/__init__.py:63: FutureWarning: The pynvml package is deprecated. Please install nvidia-ml-py instead. If you did not install pynvml directly, please report this to the maintainers of the package that installed pynvml for you.
  import pynvml  # type: ignore[import]
[transformers] `torch_dtype` is deprecated! Use `dtype` instead!
",
ssm,zamba2,108,1.0,108,16384,1,ampere_bf16_s16816gemm_bf16_128x256_ldg8_f2f_stages_64x3_tn,815,7168,67,40,99.06025428413488,98.98624734191294,12.366617906274712,7168,67,99.06025428413488,40,0.9397457158651146,,256,7168,"(256, 1, 1)",6020704,ns,"(112, 64, 1)",6020704.0,781,,,893897906,cycle,903052626,cycle,7147332336,warp,,7147332336.0
ssm,zamba2,108,1.0,108,16384,4,ampere_bf16_s16816gemm_bf16_128x256_ldg8_f2f_stages_64x3_tn,815,28672,266,52,99.80506822612085,99.68063131148045,12.453364728731954,28672,266,99.80506822612085,52,0.19493177387914784,,256,28672,"(256, 1, 1)",23939296,ns,"(112, 256, 1)",23939296.0,645,,,3573185616,cycle,3584633814,cycle,28570081475,warp,,28570081475.0
,,108,1.0,108,16384,16,,,,,,,,,114688,1062,99.99302504010602,100,0.006974959893979449,ncu exit code 9,,,,,,,,,,"==WARNING== Note: Running with unmodified GPU clocks. If not controlled otherwise, profiling results may be inconsistent.
==PROF== Connected to process 941088 (/apps/applications/Miniconda/25.11.1/envs/pytorch_2.9.1_cuda13/bin/python3.14)

==ERROR== An error was reported by the driver:
==ERROR== LaunchFailed
==PROF== Trying to shutdown target application
==ERROR== The application returned an error code (9).
""ID"",""Process ID"",""Process Name"",""Host Name"",""Kernel Name"",""Context"",""Stream"",""Block Size"",""Grid Size"",""Device"",""CC"",""Section Name"",""Metric Name"",""Metric Unit"",""Metric Value""
""0"",""941088"",""python3.14"",""127.0.0.1"",""void at::<unnamed>::distribution_elementwise_grid_stride_kernel<float, 4, void templates::uniform_and_transform<c10::BFloat16, float, at::CUDAGeneratorImpl *, void templates::uniform_kernel<at::CUDAGeneratorImpl *>(at::TensorIteratorBase &, double, double, T1)::[lambda() (instance 1)]::operator ()() const::[lambda() (instance 4)]::operator ()() const::[lambda(float) (insta",,,,,,,"/apps/applications/Miniconda/25.11.1/envs/pytorch_2.9.1_cuda13/lib/python3.14/site-packages/torch/cuda/__init__.py:63: FutureWarning: The pynvml package is deprecated. Please install nvidia-ml-py instead. If you did not install pynvml directly, please report this to the maintainers of the package that installed pynvml for you.
  import pynvml  # type: ignore[import]
[transformers] `torch_dtype` is deprecated! Use `dtype` instead!
",
,,108,1.0,108,16384,32,,,,,,,,,229376,2124,99.99302504010602,92,0.006974959893979449,ncu exit code 9,,,,,,,,,,"==WARNING== Note: Running with unmodified GPU clocks. If not controlled otherwise, profiling results may be inconsistent.
==PROF== Connected to process 941379 (/apps/applications/Miniconda/25.11.1/envs/pytorch_2.9.1_cuda13/bin/python3.14)

==ERROR== An error was reported by the driver:
==ERROR== LaunchFailed
==PROF== Trying to shutdown target application
==ERROR== The application returned an error code (9).
""ID"",""Process ID"",""Process Name"",""Host Name"",""Kernel Name"",""Context"",""Stream"",""Block Size"",""Grid Size"",""Device"",""CC"",""Section Name"",""Metric Name"",""Metric Unit"",""Metric Value""
""0"",""941379"",""python3.14"",""127.0.0.1"",""void at::<unnamed>::distribution_elementwise_grid_stride_kernel<float, 4, void templates::uniform_and_transform<c10::BFloat16, float, at::CUDAGeneratorImpl *, void templates::uniform_kernel<at::CUDAGeneratorImpl *>(at::TensorIteratorBase &, double, double, T1)::[lambda() (instance 1)]::operator ()() const::[lambda() (instance 4)]::operator ()() const::[lambda(float) (insta",,,,,,,"/apps/applications/Miniconda/25.11.1/envs/pytorch_2.9.1_cuda13/lib/python3.14/site-packages/torch/cuda/__init__.py:63: FutureWarning: The pynvml package is deprecated. Please install nvidia-ml-py instead. If you did not install pynvml directly, please report this to the maintainers of the package that installed pynvml for you.
  import pynvml  # type: ignore[import]
[transformers] `torch_dtype` is deprecated! Use `dtype` instead!
",
,,108,1.0,108,16384,64,,,,,,,,,458752,4248,99.99302504010602,76,0.006974959893979449,ncu exit code 9,,,,,,,,,,"==WARNING== Note: Running with unmodified GPU clocks. If not controlled otherwise, profiling results may be inconsistent.
==PROF== Connected to process 941842 (/apps/applications/Miniconda/25.11.1/envs/pytorch_2.9.1_cuda13/bin/python3.14)

==ERROR== An error was reported by the driver:
==ERROR== LaunchFailed
==PROF== Trying to shutdown target application
==ERROR== The application returned an error code (9).
""ID"",""Process ID"",""Process Name"",""Host Name"",""Kernel Name"",""Context"",""Stream"",""Block Size"",""Grid Size"",""Device"",""CC"",""Section Name"",""Metric Name"",""Metric Unit"",""Metric Value""
""0"",""941842"",""python3.14"",""127.0.0.1"",""void at::<unnamed>::distribution_elementwise_grid_stride_kernel<float, 4, void templates::uniform_and_transform<c10::BFloat16, float, at::CUDAGeneratorImpl *, void templates::uniform_kernel<at::CUDAGeneratorImpl *>(at::TensorIteratorBase &, double, double, T1)::[lambda() (instance 1)]::operator ()() const::[lambda() (instance 4)]::operator ()() const::[lambda(float) (insta",,,,,,,"/apps/applications/Miniconda/25.11.1/envs/pytorch_2.9.1_cuda13/lib/python3.14/site-packages/torch/cuda/__init__.py:63: FutureWarning: The pynvml package is deprecated. Please install nvidia-ml-py instead. If you did not install pynvml directly, please report this to the maintainers of the package that installed pynvml for you.
  import pynvml  # type: ignore[import]
[transformers] `torch_dtype` is deprecated! Use `dtype` instead!
",
ssm,zamba2,108,1.0,108,32768,1,ampere_bf16_s16816gemm_bf16_128x256_ldg8_f2f_stages_64x3_tn,815,14336,133,80,99.80506822612085,99.58045096022803,12.440851350467858,14336,133,99.80506822612085,80,0.19493177387914784,,256,14336,"(256, 1, 1)",11967552,ns,"(112, 128, 1)",11967552.0,628,,,1786988396,cycle,1794517276,cycle,14288206513,warp,,14288206513.0
ssm,zamba2,108,1.0,108,32768,4,ampere_bf16_s16816gemm_bf16_128x256_ldg8_f2f_stages_64x3_tn,828,57344,531,104,99.99302504010602,99.69860910068077,12.455612238765784,57344,531,99.99302504010602,104,0.006974959893979449,,256,57344,"(256, 1, 1)",48794496,ns,"(112, 512, 1)",48794496.0,702,,,7145595557,cycle,7167196836,cycle,57133967762,warp,,57133967762.0
,,108,1.0,108,32768,16,,,,,,,,,229376,2124,99.99302504010602,92,0.006974959893979449,ncu exit code 9,,,,,,,,,,"==WARNING== Note: Running with unmodified GPU clocks. If not controlled otherwise, profiling results may be inconsistent.
==PROF== Connected to process 945596 (/apps/applications/Miniconda/25.11.1/envs/pytorch_2.9.1_cuda13/bin/python3.14)

==ERROR== An error was reported by the driver:
==ERROR== LaunchFailed
==PROF== Trying to shutdown target application
==ERROR== The application returned an error code (9).
""ID"",""Process ID"",""Process Name"",""Host Name"",""Kernel Name"",""Context"",""Stream"",""Block Size"",""Grid Size"",""Device"",""CC"",""Section Name"",""Metric Name"",""Metric Unit"",""Metric Value""
""0"",""945596"",""python3.14"",""127.0.0.1"",""void at::<unnamed>::distribution_elementwise_grid_stride_kernel<float, 4, void templates::uniform_and_transform<c10::BFloat16, float, at::CUDAGeneratorImpl *, void templates::uniform_kernel<at::CUDAGeneratorImpl *>(at::TensorIteratorBase &, double, double, T1)::[lambda() (instance 1)]::operator ()() const::[lambda() (instance 4)]::operator ()() const::[lambda(float) (insta",,,,,,,"/apps/applications/Miniconda/25.11.1/envs/pytorch_2.9.1_cuda13/lib/python3.14/site-packages/torch/cuda/__init__.py:63: FutureWarning: The pynvml package is deprecated. Please install nvidia-ml-py instead. If you did not install pynvml directly, please report this to the maintainers of the package that installed pynvml for you.
  import pynvml  # type: ignore[import]
[transformers] `torch_dtype` is deprecated! Use `dtype` instead!
",
,,108,1.0,108,32768,32,,,,,,,,,458752,4248,99.99302504010602,76,0.006974959893979449,ncu exit code 9,,,,,,,,,,"==WARNING== Note: Running with unmodified GPU clocks. If not controlled otherwise, profiling results may be inconsistent.
==PROF== Connected to process 945887 (/apps/applications/Miniconda/25.11.1/envs/pytorch_2.9.1_cuda13/bin/python3.14)

==ERROR== An error was reported by the driver:
==ERROR== LaunchFailed
==PROF== Trying to shutdown target application
==ERROR== The application returned an error code (9).
""ID"",""Process ID"",""Process Name"",""Host Name"",""Kernel Name"",""Context"",""Stream"",""Block Size"",""Grid Size"",""Device"",""CC"",""Section Name"",""Metric Name"",""Metric Unit"",""Metric Value""
""0"",""945887"",""python3.14"",""127.0.0.1"",""void at::<unnamed>::distribution_elementwise_grid_stride_kernel<float, 4, void templates::uniform_and_transform<c10::BFloat16, float, at::CUDAGeneratorImpl *, void templates::uniform_kernel<at::CUDAGeneratorImpl *>(at::TensorIteratorBase &, double, double, T1)::[lambda() (instance 1)]::operator ()() const::[lambda() (instance 4)]::operator ()() const::[lambda(float) (insta",,,,,,,"/apps/applications/Miniconda/25.11.1/envs/pytorch_2.9.1_cuda13/lib/python3.14/site-packages/torch/cuda/__init__.py:63: FutureWarning: The pynvml package is deprecated. Please install nvidia-ml-py instead. If you did not install pynvml directly, please report this to the maintainers of the package that installed pynvml for you.
  import pynvml  # type: ignore[import]
[transformers] `torch_dtype` is deprecated! Use `dtype` instead!
",
,,108,1.0,108,32768,64,,,,,,,,,917504,8496,99.99302504010602,44,0.006974959893979449,ncu exit code 1,,,,,,,,,,"==WARNING== Note: Running with unmodified GPU clocks. If not controlled otherwise, profiling results may be inconsistent.
==PROF== Connected to process 946182 (/apps/applications/Miniconda/25.11.1/envs/pytorch_2.9.1_cuda13/bin/python3.14)
Loading Zamba2 from Zyphra/Zamba2-7B-Instruct …
==PROF== Disconnected from process 946182
==ERROR== The application returned an error code (1).
""ID"",""Process ID"",""Process Name"",""Host Name"",""Kernel Name"",""Context"",""Stream"",""Block Size"",""Grid Size"",""Device"",""CC"",""Section Name"",""Metric Name"",""Metric Unit"",""Metric Value""
""0"",""946182"",""python3.14"",""127.0.0.1"",""void at::<unnamed>::distribution_elementwise_grid_stride_kernel<float, 4, void templates::uniform_and_transform<c10::BFloat16, float, at::CUDAGeneratorImpl *, void templates::uniform_kernel<at::CUDAGeneratorImpl *>(at::TensorIteratorBase &, double, double, T1)::[lambda() (instance 1)]::operator ()() const::[lambda() (instance 4)]::operator ()() const::[lambda(float) (instance 1)]>(at::TensorIteratorB",,,,,,,"/apps/applications/Miniconda/25.11.1/envs/pytorch_2.9.1_cuda13/lib/python3.14/site-packages/torch/cuda/__init__.py:63: FutureWarning: The pynvml package is deprecated. Please install nvidia-ml-py instead. If you did not install pynvml directly, please report this to the maintainers of the package that installed pynvml for you.
  import pynvml  # type: ignore[import]
[transformers] `torch_dtype` is deprecated! Use `dtype` instead!
Traceback (most recent call last):
  File ""/scratch/ehmoon/whlee/prefill-layer-alloc/stage1_sm_scaling/../src/profiling/../../src/models/zamba2.py"", line 251, in forward
    y = mamba_chunk_scan_combined(
        x, dt, A, B, C,
    ...<3 lines>...
        dt_softplus=True,
    )
  File ""/home01/ehmoon/.local/lib/python3.14/site-packages/mamba_ssm/ops/triton/ssd_combined.py"", line 643, in mamba_chunk_scan_combined
    return MambaChunkScanCombinedFn.apply(x, dt, A, B, C, chunk_size, D, z, dt_bias, initial_states, seq_idx, cu_seqlens, dt_softplus, dt_limit, ret",
